{
    "parameters": {
        "version_concerto_name": "concerto-decentralized",
        "transitions_times_file_name": "/home/anomond/parameters/transitions_times/transitions_times-1-30-deps12-1.json",
        "uptimes_file_name": "/home/anomond/parameters/uptimes/uptimes-60-30-12-0_02-0_05.json",
        "expe_num": 1,
        "cluster": "uvb"
    },
    "results": {
        "dep10": {
            "total_uptime_duration": 451.8239891529083,
            "total_loading_state_duration": 0.2350456714630127,
            "total_deploy_duration": 361.3556773662567,
            "total_update_duration": 89.3311140537262,
            "total_saving_state_duration": 0.07497453689575195,
            "total_sleeping_time": 1474.8220753669739
        },
        "dep9": {
            "total_uptime_duration": 451.994886636734,
            "total_loading_state_duration": 0.2353222370147705,
            "total_deploy_duration": 391.51459431648254,
            "total_update_duration": 59.33998489379883,
            "total_saving_state_duration": 0.08074188232421875,
            "total_sleeping_time": 1543.4394991397858
        },
        "dep8": {
            "total_uptime_duration": 421.6787815093994,
            "total_loading_state_duration": 0.17047524452209473,
            "total_deploy_duration": 361.32361030578613,
            "total_update_duration": 59.302661180496216,
            "total_saving_state_duration": 0.07337021827697754,
            "total_sleeping_time": 1424.3897581100464
        },
        "dep4": {
            "total_uptime_duration": 421.93041825294495,
            "total_loading_state_duration": 0.19600486755371094,
            "total_deploy_duration": 391.5720009803772,
            "total_update_duration": 29.281482458114624,
            "total_saving_state_duration": 0.07264208793640137,
            "total_sleeping_time": 1430.0976207256317
        },
        "dep11": {
            "total_uptime_duration": 421.8267934322357,
            "total_loading_state_duration": 0.2074446678161621,
            "total_deploy_duration": 361.32979917526245,
            "total_update_duration": 59.37039804458618,
            "total_saving_state_duration": 0.07821011543273926,
            "total_sleeping_time": 1446.6534349918365
        },
        "dep0": {
            "total_uptime_duration": 452.17052388191223,
            "total_loading_state_duration": 0.21384286880493164,
            "total_deploy_duration": 391.64430236816406,
            "total_update_duration": 59.41678476333618,
            "total_saving_state_duration": 0.08081912994384766,
            "total_sleeping_time": 1476.5119042396545
        },
        "server": {
            "total_uptime_duration": 438.80644035339355,
            "total_loading_state_duration": 0.16212701797485352,
            "total_deploy_duration": 378.3479046821594,
            "total_update_duration": 48.59334969520569,
            "total_saving_state_duration": 0.17491698265075684,
            "total_sleeping_time": 1413.5955746173859
        },
        "dep3": {
            "total_uptime_duration": 451.9274151325226,
            "total_loading_state_duration": 0.2736470699310303,
            "total_deploy_duration": 361.28013491630554,
            "total_update_duration": 89.47095394134521,
            "total_saving_state_duration": 0.07769298553466797,
            "total_sleeping_time": 1475.9702394008636
        },
        "dep5": {
            "total_uptime_duration": 452.0611424446106,
            "total_loading_state_duration": 0.228118896484375,
            "total_deploy_duration": 391.5554645061493,
            "total_update_duration": 59.36746263504028,
            "total_saving_state_duration": 0.07793998718261719,
            "total_sleeping_time": 1475.8882222175598
        },
        "dep7": {
            "total_uptime_duration": 451.9985876083374,
            "total_loading_state_duration": 0.25634765625,
            "total_deploy_duration": 391.4825849533081,
            "total_update_duration": 59.3604416847229,
            "total_saving_state_duration": 0.08019804954528809,
            "total_sleeping_time": 1544.77064204216
        },
        "dep6": {
            "total_uptime_duration": 421.89465141296387,
            "total_loading_state_duration": 0.18594574928283691,
            "total_deploy_duration": 391.5101978778839,
            "total_update_duration": 29.287524461746216,
            "total_saving_state_duration": 0.07667207717895508,
            "total_sleeping_time": 1445.5487053394318
        },
        "dep1": {
            "total_uptime_duration": 451.90272641181946,
            "total_loading_state_duration": 0.19159388542175293,
            "total_deploy_duration": 361.50237798690796,
            "total_update_duration": 89.31175541877747,
            "total_saving_state_duration": 0.08108115196228027,
            "total_sleeping_time": 1477.3938915729523
        },
        "dep2": {
            "total_uptime_duration": 421.9637804031372,
            "total_loading_state_duration": 0.23852086067199707,
            "total_deploy_duration": 391.5411024093628,
            "total_update_duration": 29.271963596343994,
            "total_saving_state_duration": 0.0701143741607666,
            "total_sleeping_time": 1446.0522723197937
        }
    }
}