{
    "parameters": {
        "version_concerto_name": "concerto-decentralized",
        "transitions_times_file_name": "/home/anomond/parameters/transitions_times/transitions_times-1-30-deps12-1.json",
        "uptimes_file_name": "/home/anomond/parameters/uptimes/uptimes-60-30-12-0_2-0_3.json",
        "expe_num": 1,
        "cluster": "uvb"
    },
    "results": {
        "dep10": {
            "total_uptime_duration": 361.57809686660767,
            "total_loading_state_duration": 0.17911911010742188,
            "total_deploy_duration": 305.29275703430176,
            "total_update_duration": 55.23171830177307,
            "total_saving_state_duration": 0.05941891670227051,
            "total_sleeping_time": 1254.8117349147797
        },
        "dep9": {
            "total_uptime_duration": 361.4322144985199,
            "total_loading_state_duration": 0.168074369430542,
            "total_deploy_duration": 331.14626812934875,
            "total_update_duration": 29.23813819885254,
            "total_saving_state_duration": 0.0673213005065918,
            "total_sleeping_time": 1252.7226479053497
        },
        "dep8": {
            "total_uptime_duration": 361.62273049354553,
            "total_loading_state_duration": 0.16306090354919434,
            "total_deploy_duration": 301.2623932361603,
            "total_update_duration": 59.3193724155426,
            "total_saving_state_duration": 0.06642341613769531,
            "total_sleeping_time": 1253.6530232429504
        },
        "dep4": {
            "total_uptime_duration": 389.1031012535095,
            "total_loading_state_duration": 0.13404083251953125,
            "total_deploy_duration": 327.265988111496,
            "total_update_duration": 37.44655203819275,
            "total_saving_state_duration": 0.062369346618652344,
            "total_sleeping_time": 1202.3293521404266
        },
        "dep11": {
            "total_uptime_duration": 391.80155634880066,
            "total_loading_state_duration": 0.1702404022216797,
            "total_deploy_duration": 331.47981572151184,
            "total_update_duration": 59.27864646911621,
            "total_saving_state_duration": 0.06782221794128418,
            "total_sleeping_time": 1313.2186632156372
        },
        "dep0": {
            "total_uptime_duration": 367.477267742157,
            "total_loading_state_duration": 0.13502120971679688,
            "total_deploy_duration": 331.15736985206604,
            "total_update_duration": 29.317745208740234,
            "total_saving_state_duration": 0.06427383422851562,
            "total_sleeping_time": 1224.3457007408142
        },
        "server": {
            "total_uptime_duration": 376.7147159576416,
            "total_loading_state_duration": 0.12906455993652344,
            "total_deploy_duration": 320.5375888347626,
            "total_update_duration": 44.375080585479736,
            "total_saving_state_duration": 0.15230154991149902,
            "total_sleeping_time": 1215.992784023285
        },
        "dep3": {
            "total_uptime_duration": 361.6381618976593,
            "total_loading_state_duration": 0.13489651679992676,
            "total_deploy_duration": 331.34822607040405,
            "total_update_duration": 29.293744564056396,
            "total_saving_state_duration": 0.06304478645324707,
            "total_sleeping_time": 1241.7922987937927
        },
        "dep5": {
            "total_uptime_duration": 361.63277077674866,
            "total_loading_state_duration": 0.1348552703857422,
            "total_deploy_duration": 331.38398337364197,
            "total_update_duration": 29.247976303100586,
            "total_saving_state_duration": 0.06513071060180664,
            "total_sleeping_time": 1230.7708299160004
        },
        "dep7": {
            "total_uptime_duration": 362.1647114753723,
            "total_loading_state_duration": 0.15075016021728516,
            "total_deploy_duration": 325.6458809375763,
            "total_update_duration": 35.49231553077698,
            "total_saving_state_duration": 0.06649971008300781,
            "total_sleeping_time": 1252.6793117523193
        },
        "dep6": {
            "total_uptime_duration": 361.53397130966187,
            "total_loading_state_duration": 0.13927578926086426,
            "total_deploy_duration": 301.24287962913513,
            "total_update_duration": 59.28572344779968,
            "total_saving_state_duration": 0.06183958053588867,
            "total_sleeping_time": 1253.9844675064087
        },
        "dep1": {
            "total_uptime_duration": 391.6519808769226,
            "total_loading_state_duration": 0.15234017372131348,
            "total_deploy_duration": 301.2846977710724,
            "total_update_duration": 89.33706760406494,
            "total_saving_state_duration": 0.07361340522766113,
            "total_sleeping_time": 1282.4898717403412
        },
        "dep2": {
            "total_uptime_duration": 361.77705907821655,
            "total_loading_state_duration": 0.1445600986480713,
            "total_deploy_duration": 301.46316051483154,
            "total_update_duration": 59.29131507873535,
            "total_saving_state_duration": 0.06225991249084473,
            "total_sleeping_time": 1254.126230955124
        }
    }
}