{
    "parameters": {
        "version_concerto_name": "concerto-decentralized",
        "transitions_times_file_name": "/home/anomond/parameters/transitions_times/transitions_times-1-30-deps12-0.json",
        "uptimes_file_name": "/home/anomond/parameters/uptimes/uptimes-60-30-12-0_2-0_3.json",
        "expe_num": 2,
        "cluster": "uvb"
    },
    "results": {
        "dep2": {
            "total_uptime_duration": 31.008336782455444,
            "total_loading_state_duration": 0.1898515224456787,
            "total_deploy_duration": 15.295642137527466,
            "total_update_duration": 14.653692245483398,
            "total_saving_state_duration": 0.0619196891784668,
            "total_sleeping_time": 1972.4277443885803
        },
        "dep8": {
            "total_uptime_duration": 26.127489805221558,
            "total_loading_state_duration": 0.1576075553894043,
            "total_deploy_duration": 21.446388721466064,
            "total_update_duration": 3.6675221920013428,
            "total_saving_state_duration": 0.0560908317565918,
            "total_sleeping_time": 1833.8376822471619
        },
        "dep1": {
            "total_uptime_duration": 42.61788249015808,
            "total_loading_state_duration": 0.16199016571044922,
            "total_deploy_duration": 30.562079668045044,
            "total_update_duration": 11.032791137695312,
            "total_saving_state_duration": 0.05836677551269531,
            "total_sleeping_time": 1802.5663449764252
        },
        "dep5": {
            "total_uptime_duration": 23.247080087661743,
            "total_loading_state_duration": 0.15155339241027832,
            "total_deploy_duration": 14.003933191299438,
            "total_update_duration": 8.225206136703491,
            "total_saving_state_duration": 0.06065535545349121,
            "total_sleeping_time": 1842.3353452682495
        },
        "dep9": {
            "total_uptime_duration": 23.71665906906128,
            "total_loading_state_duration": 0.1852264404296875,
            "total_deploy_duration": 17.236356019973755,
            "total_update_duration": 5.424391984939575,
            "total_saving_state_duration": 0.06010580062866211,
            "total_sleeping_time": 1849.3422009944916
        },
        "dep4": {
            "total_uptime_duration": 40.19948697090149,
            "total_loading_state_duration": 0.19380474090576172,
            "total_deploy_duration": 28.740503311157227,
            "total_update_duration": 10.393789052963257,
            "total_saving_state_duration": 0.061655521392822266,
            "total_sleeping_time": 1931.9005379676819
        },
        "dep0": {
            "total_uptime_duration": 21.583128690719604,
            "total_loading_state_duration": 0.17965292930603027,
            "total_deploy_duration": 15.014015674591064,
            "total_update_duration": 5.5187413692474365,
            "total_saving_state_duration": 0.05860304832458496,
            "total_sleeping_time": 1834.1115987300873
        },
        "dep7": {
            "total_uptime_duration": 46.87541699409485,
            "total_loading_state_duration": 0.15239310264587402,
            "total_deploy_duration": 25.8176691532135,
            "total_update_duration": 20.030762672424316,
            "total_saving_state_duration": 0.06694579124450684,
            "total_sleeping_time": 1905.4851682186127
        },
        "dep10": {
            "total_uptime_duration": 27.99580717086792,
            "total_loading_state_duration": 0.19189000129699707,
            "total_deploy_duration": 21.018099308013916,
            "total_update_duration": 5.910986661911011,
            "total_saving_state_duration": 0.06444835662841797,
            "total_sleeping_time": 1929.658928155899
        },
        "server": {
            "total_uptime_duration": 55.65941095352173,
            "total_loading_state_duration": 0.16057610511779785,
            "total_deploy_duration": 38.40171265602112,
            "total_update_duration": 14.522413730621338,
            "total_saving_state_duration": 0.17140650749206543,
            "total_sleeping_time": 1787.9398305416107
        },
        "dep6": {
            "total_uptime_duration": 20.733548879623413,
            "total_loading_state_duration": 0.19101166725158691,
            "total_deploy_duration": 14.635786533355713,
            "total_update_duration": 5.032804012298584,
            "total_saving_state_duration": 0.06409859657287598,
            "total_sleeping_time": 1912.484563589096
        },
        "dep11": {
            "total_uptime_duration": 33.65183424949646,
            "total_loading_state_duration": 0.15832853317260742,
            "total_deploy_duration": 18.281628608703613,
            "total_update_duration": 14.346801996231079,
            "total_saving_state_duration": 0.05921363830566406,
            "total_sleeping_time": 1824.4119808673859
        },
        "dep3": {
            "total_uptime_duration": 21.527007818222046,
            "total_loading_state_duration": 0.20253825187683105,
            "total_deploy_duration": 16.164013862609863,
            "total_update_duration": 4.291823387145996,
            "total_saving_state_duration": 0.061759233474731445,
            "total_sleeping_time": 1912.4293868541718
        }
    }
}