{
    "parameters": {
        "version_concerto_name": "concerto-decentralized",
        "transitions_times_file_name": "/home/anomond/parameters/transitions_times/transitions_times-1-30-deps12-0.json",
        "uptimes_file_name": "/home/anomond/parameters/uptimes/uptimes-60-30-12-0_02-0_05.json",
        "expe_num": 2,
        "cluster": "uvb"
    },
    "global_results": {
        "finished_reconf": true,
        "max_deploy_time": 240.1,
        "max_update_time": 45.2,
        "max_reconf_time": 285.3,
        "max_sleeping_time": 1999.39,
        "max_execution_time": 2256.16
    },
    "results": {
        "dep0": {
            "total_uptime_duration": 256.7734200954437,
            "total_loading_state_duration": 0.2325305938720703,
            "total_deploy_duration": 226.27827620506287,
            "total_update_duration": 30.140185832977295,
            "total_saving_state_duration": 0.07835698127746582,
            "total_sleeping_time": 1999.3876304626465,
            "finished_reconf": true
        },
        "server": {
            "total_uptime_duration": 271.6170485019684,
            "total_loading_state_duration": 0.1765735149383545,
            "total_deploy_duration": 240.1023290157318,
            "total_update_duration": 31.092527151107788,
            "total_saving_state_duration": 0.19641876220703125,
            "total_sleeping_time": 1828.8527963161469,
            "finished_reconf": true
        },
        "dep1": {
            "total_uptime_duration": 247.4941041469574,
            "total_loading_state_duration": 0.23282527923583984,
            "total_deploy_duration": 232.09756708145142,
            "total_update_duration": 15.042318105697632,
            "total_saving_state_duration": 0.07524514198303223,
            "total_sleeping_time": 1857.4911198616028,
            "finished_reconf": true
        },
        "dep10": {
            "total_uptime_duration": 256.88577914237976,
            "total_loading_state_duration": 0.22872066497802734,
            "total_deploy_duration": 226.45981764793396,
            "total_update_duration": 30.072566747665405,
            "total_saving_state_duration": 0.07793021202087402,
            "total_sleeping_time": 1925.0117330551147,
            "finished_reconf": true
        },
        "dep8": {
            "total_uptime_duration": 256.828373670578,
            "total_loading_state_duration": 0.23101043701171875,
            "total_deploy_duration": 226.3582911491394,
            "total_update_duration": 30.102770566940308,
            "total_saving_state_duration": 0.07901477813720703,
            "total_sleeping_time": 1989.950432062149,
            "finished_reconf": true
        },
        "dep11": {
            "total_uptime_duration": 242.12742710113525,
            "total_loading_state_duration": 0.22393321990966797,
            "total_deploy_duration": 211.6115403175354,
            "total_update_duration": 30.16726589202881,
            "total_saving_state_duration": 0.07329940795898438,
            "total_sleeping_time": 1882.0423290729523,
            "finished_reconf": true
        },
        "dep4": {
            "total_uptime_duration": 253.59291911125183,
            "total_loading_state_duration": 0.23760104179382324,
            "total_deploy_duration": 226.42469215393066,
            "total_update_duration": 26.80070471763611,
            "total_saving_state_duration": 0.07095217704772949,
            "total_sleeping_time": 1873.365927696228,
            "finished_reconf": true
        },
        "dep6": {
            "total_uptime_duration": 257.0305588245392,
            "total_loading_state_duration": 0.19333791732788086,
            "total_deploy_duration": 211.51287817955017,
            "total_update_duration": 45.20198583602905,
            "total_saving_state_duration": 0.07810831069946289,
            "total_sleeping_time": 1924.8439650535583,
            "finished_reconf": true
        },
        "dep7": {
            "total_uptime_duration": 262.8417639732361,
            "total_loading_state_duration": 0.2548408508300781,
            "total_deploy_duration": 228.08305549621582,
            "total_update_duration": 34.36212515830994,
            "total_saving_state_duration": 0.07455825805664062,
            "total_sleeping_time": 1918.7423212528229,
            "finished_reconf": true
        },
        "dep3": {
            "total_uptime_duration": 241.86969685554504,
            "total_loading_state_duration": 0.2478787899017334,
            "total_deploy_duration": 226.40872526168823,
            "total_update_duration": 15.083479881286621,
            "total_saving_state_duration": 0.07371926307678223,
            "total_sleeping_time": 1882.5675446987152,
            "finished_reconf": true
        },
        "dep9": {
            "total_uptime_duration": 241.83479762077332,
            "total_loading_state_duration": 0.24996066093444824,
            "total_deploy_duration": 226.44402766227722,
            "total_update_duration": 15.015675783157349,
            "total_saving_state_duration": 0.07423067092895508,
            "total_sleeping_time": 1881.6666896343231,
            "finished_reconf": true
        },
        "dep5": {
            "total_uptime_duration": 256.87429428100586,
            "total_loading_state_duration": 0.23665761947631836,
            "total_deploy_duration": 226.37622213363647,
            "total_update_duration": 30.128769874572754,
            "total_saving_state_duration": 0.07707548141479492,
            "total_sleeping_time": 1996.8715286254883,
            "finished_reconf": true
        },
        "dep2": {
            "total_uptime_duration": 242.53793811798096,
            "total_loading_state_duration": 0.20180702209472656,
            "total_deploy_duration": 211.58090376853943,
            "total_update_duration": 30.637990474700928,
            "total_saving_state_duration": 0.070953369140625,
            "total_sleeping_time": 1880.9621777534485,
            "finished_reconf": true
        }
    }
}