{
    "parameters": {
        "version_concerto_name": "concerto-decentralized-synchrone",
        "transitions_times_file_name": "/home/anomond/parameters/transitions_times/transitions_times-1-30-deps12-0.json",
        "uptimes_file_name": "/home/anomond/parameters/uptimes/uptimes-60-30-12-0_5-0_6.json",
        "expe_num": 1,
        "cluster": "uvb"
    },
    "global_results": {
        "finished_reconf": true,
        "max_deploy_time": 390.87,
        "max_update_time": 434.58,
        "max_reconf_time": 825.45,
        "max_sleeping_time": 2322.31,
        "max_execution_time": 3014.68
    },
    "results": {
        "dep2": {
            "total_uptime_duration": 617.6334452629089,
            "total_loading_state_duration": 0.20464587211608887,
            "total_deploy_duration": 315.0441036224365,
            "total_update_duration": 301.90411734580994,
            "total_saving_state_duration": 0.11459755897521973,
            "total_sleeping_time": 1999.650152206421,
            "finished_reconf": true
        },
        "dep8": {
            "total_uptime_duration": 658.4110853672028,
            "total_loading_state_duration": 0.20332956314086914,
            "total_deploy_duration": 295.59634232521057,
            "total_update_duration": 362.11439299583435,
            "total_saving_state_duration": 0.1206047534942627,
            "total_sleeping_time": 2102.6895599365234,
            "finished_reconf": true
        },
        "dep1": {
            "total_uptime_duration": 641.8244807720184,
            "total_loading_state_duration": 0.20223450660705566,
            "total_deploy_duration": 306.7185959815979,
            "total_update_duration": 334.4291183948517,
            "total_saving_state_duration": 0.11047649383544922,
            "total_sleeping_time": 1988.5694041252136,
            "finished_reconf": true
        },
        "dep5": {
            "total_uptime_duration": 601.9195551872253,
            "total_loading_state_duration": 0.201371431350708,
            "total_deploy_duration": 368.5160827636719,
            "total_update_duration": 232.7216374874115,
            "total_saving_state_duration": 0.11500048637390137,
            "total_sleeping_time": 2025.9936337471008,
            "finished_reconf": true
        },
        "dep9": {
            "total_uptime_duration": 632.0158643722534,
            "total_loading_state_duration": 0.20387887954711914,
            "total_deploy_duration": 390.86886382102966,
            "total_update_duration": 240.45020508766174,
            "total_saving_state_duration": 0.11755037307739258,
            "total_sleeping_time": 2127.9071428775787,
            "finished_reconf": true
        },
        "dep4": {
            "total_uptime_duration": 699.9066686630249,
            "total_loading_state_duration": 0.2383112907409668,
            "total_deploy_duration": 270.64993262290955,
            "total_update_duration": 428.4642913341522,
            "total_saving_state_duration": 0.1299450397491455,
            "total_sleeping_time": 2314.7758026123047,
            "finished_reconf": true
        },
        "dep0": {
            "total_uptime_duration": 616.4343540668488,
            "total_loading_state_duration": 0.2102656364440918,
            "total_deploy_duration": 276.794362783432,
            "total_update_duration": 338.9471757411957,
            "total_saving_state_duration": 0.10971331596374512,
            "total_sleeping_time": 2000.4294254779816,
            "finished_reconf": true
        },
        "dep7": {
            "total_uptime_duration": 664.3831422328949,
            "total_loading_state_duration": 0.22298288345336914,
            "total_deploy_duration": 276.3043477535248,
            "total_update_duration": 387.34352111816406,
            "total_saving_state_duration": 0.12451601028442383,
            "total_sleeping_time": 2094.839797258377,
            "finished_reconf": true
        },
        "dep10": {
            "total_uptime_duration": 578.4877264499664,
            "total_loading_state_duration": 0.18860244750976562,
            "total_deploy_duration": 338.66732835769653,
            "total_update_duration": 239.19668650627136,
            "total_saving_state_duration": 0.09897112846374512,
            "total_sleeping_time": 1790.333770275116,
            "finished_reconf": true
        },
        "server": {
            "total_uptime_duration": 666.3283090591431,
            "total_loading_state_duration": 0.22034716606140137,
            "total_deploy_duration": 352.34334421157837,
            "total_update_duration": 313.1152412891388,
            "total_saving_state_duration": 0.2910592555999756,
            "total_sleeping_time": 1966.5988981723785,
            "finished_reconf": true
        },
        "dep6": {
            "total_uptime_duration": 692.357827425003,
            "total_loading_state_duration": 0.23014473915100098,
            "total_deploy_duration": 270.6482708454132,
            "total_update_duration": 420.93350100517273,
            "total_saving_state_duration": 0.1289386749267578,
            "total_sleeping_time": 2322.314437389374,
            "finished_reconf": true
        },
        "dep11": {
            "total_uptime_duration": 555.324686050415,
            "total_loading_state_duration": 0.18088817596435547,
            "total_deploy_duration": 278.01899886131287,
            "total_update_duration": 276.6968734264374,
            "total_saving_state_duration": 0.09539532661437988,
            "total_sleeping_time": 1813.8642101287842,
            "finished_reconf": true
        },
        "dep3": {
            "total_uptime_duration": 705.7693951129913,
            "total_loading_state_duration": 0.24776315689086914,
            "total_deploy_duration": 270.3900194168091,
            "total_update_duration": 434.5765116214752,
            "total_saving_state_duration": 0.12958836555480957,
            "total_sleeping_time": 2302.3006644248962,
            "finished_reconf": true
        }
    }
}