{
    "parameters": {
        "version_concerto_name": "concerto-decentralized",
        "transitions_times_file_name": "/home/anomond/parameters/transitions_times/transitions_times-1-30-deps12-0.json",
        "uptimes_file_name": "/home/anomond/parameters/uptimes/uptimes-60-30-12-0_2-0_3.json",
        "expe_num": 1,
        "cluster": "uvb"
    },
    "results": {
        "dep4": {
            "total_uptime_duration": 390.7639298439026,
            "total_loading_state_duration": 0.16264939308166504,
            "total_deploy_duration": 346.0922088623047,
            "total_update_duration": 29.289713859558105,
            "total_saving_state_duration": 0.06359338760375977,
            "total_sleeping_time": 1191.4841120243073
        },
        "dep5": {
            "total_uptime_duration": 361.6255958080292,
            "total_loading_state_duration": 0.14011025428771973,
            "total_deploy_duration": 331.2862389087677,
            "total_update_duration": 29.329861879348755,
            "total_saving_state_duration": 0.06674075126647949,
            "total_sleeping_time": 1230.8630845546722
        },
        "dep6": {
            "total_uptime_duration": 361.7486388683319,
            "total_loading_state_duration": 0.1667022705078125,
            "total_deploy_duration": 301.3455011844635,
            "total_update_duration": 59.33622741699219,
            "total_saving_state_duration": 0.06455349922180176,
            "total_sleeping_time": 1252.8749980926514
        },
        "dep2": {
            "total_uptime_duration": 361.7941002845764,
            "total_loading_state_duration": 0.16768598556518555,
            "total_deploy_duration": 301.46254897117615,
            "total_update_duration": 59.282896280288696,
            "total_saving_state_duration": 0.06088876724243164,
            "total_sleeping_time": 1254.1394717693329
        },
        "dep11": {
            "total_uptime_duration": 391.7220149040222,
            "total_loading_state_duration": 0.1578655242919922,
            "total_deploy_duration": 331.37877917289734,
            "total_update_duration": 59.31533694267273,
            "total_saving_state_duration": 0.06706976890563965,
            "total_sleeping_time": 1312.9275019168854
        },
        "dep10": {
            "total_uptime_duration": 361.6828660964966,
            "total_loading_state_duration": 0.1867227554321289,
            "total_deploy_duration": 314.901362657547,
            "total_update_duration": 45.68513464927673,
            "total_saving_state_duration": 0.06143760681152344,
            "total_sleeping_time": 1253.9522705078125
        },
        "dep0": {
            "total_uptime_duration": 361.62275075912476,
            "total_loading_state_duration": 0.12242722511291504,
            "total_deploy_duration": 331.31779313087463,
            "total_update_duration": 29.319900274276733,
            "total_saving_state_duration": 0.06448173522949219,
            "total_sleeping_time": 1223.292829990387
        },
        "dep7": {
            "total_uptime_duration": 361.67266941070557,
            "total_loading_state_duration": 0.15602636337280273,
            "total_deploy_duration": 331.3272223472595,
            "total_update_duration": 29.292713165283203,
            "total_saving_state_duration": 0.06650447845458984,
            "total_sleeping_time": 1253.1982765197754
        },
        "dep8": {
            "total_uptime_duration": 361.63110756874084,
            "total_loading_state_duration": 0.16249752044677734,
            "total_deploy_duration": 301.247004032135,
            "total_update_duration": 59.326892137527466,
            "total_saving_state_duration": 0.06631302833557129,
            "total_sleeping_time": 1253.830157995224
        },
        "dep3": {
            "total_uptime_duration": 361.636990070343,
            "total_loading_state_duration": 0.14081168174743652,
            "total_deploy_duration": 331.34673404693604,
            "total_update_duration": 29.281866312026978,
            "total_saving_state_duration": 0.06396222114562988,
            "total_sleeping_time": 1242.247376203537
        },
        "dep9": {
            "total_uptime_duration": 361.57635593414307,
            "total_loading_state_duration": 0.15769481658935547,
            "total_deploy_duration": 331.227548122406,
            "total_update_duration": 29.31956171989441,
            "total_saving_state_duration": 0.06388616561889648,
            "total_sleeping_time": 1252.4902606010437
        },
        "dep1": {
            "total_uptime_duration": 391.66594529151917,
            "total_loading_state_duration": 0.14824962615966797,
            "total_deploy_duration": 301.22941160202026,
            "total_update_duration": 89.41320514678955,
            "total_saving_state_duration": 0.07165646553039551,
            "total_sleeping_time": 1283.1222863197327
        },
        "server": {
            "total_uptime_duration": 376.70157837867737,
            "total_loading_state_duration": 0.13845014572143555,
            "total_deploy_duration": 330.2306215763092,
            "total_update_duration": 43.78515315055847,
            "total_saving_state_duration": 0.15645170211791992,
            "total_sleeping_time": 1207.6207027435303
        }
    }
}