{
    "parameters": {
        "version_concerto_name": "concerto-decentralized",
        "transitions_times_file_name": "/home/anomond/parameters/transitions_times/transitions_times-1-30-deps12-1.json",
        "uptimes_file_name": "/home/anomond/parameters/uptimes/uptimes-60-30-12-0_5-0_6.json",
        "expe_num": 1,
        "cluster": "uvb"
    },
    "results": {
        "dep4": {
            "total_uptime_duration": 181.25779747962952,
            "total_loading_state_duration": 0.059267282485961914,
            "total_deploy_duration": 129.9230797290802,
            "total_update_duration": 50.45549559593201,
            "total_saving_state_duration": 0.03351116180419922,
            "total_sleeping_time": 641.8586521148682
        },
        "dep5": {
            "total_uptime_duration": 205.22704553604126,
            "total_loading_state_duration": 0.058349609375,
            "total_deploy_duration": 125.48064374923706,
            "total_update_duration": 54.88199281692505,
            "total_saving_state_duration": 0.03339886665344238,
            "total_sleeping_time": 614.1825459003448
        },
        "dep6": {
            "total_uptime_duration": 184.75349068641663,
            "total_loading_state_duration": 0.06513333320617676,
            "total_deploy_duration": 128.37210988998413,
            "total_update_duration": 51.912055253982544,
            "total_saving_state_duration": 0.0342257022857666,
            "total_sleeping_time": 633.9347031116486
        },
        "dep2": {
            "total_uptime_duration": 182.54660415649414,
            "total_loading_state_duration": 0.06393933296203613,
            "total_deploy_duration": 131.73289585113525,
            "total_update_duration": 49.930851221084595,
            "total_saving_state_duration": 0.03297734260559082,
            "total_sleeping_time": 637.5467944145203
        },
        "dep11": {
            "total_uptime_duration": 181.02348351478577,
            "total_loading_state_duration": 0.06608819961547852,
            "total_deploy_duration": 127.57081294059753,
            "total_update_duration": 52.567933320999146,
            "total_saving_state_duration": 0.03380775451660156,
            "total_sleeping_time": 648.8831467628479
        },
        "dep10": {
            "total_uptime_duration": 183.37484884262085,
            "total_loading_state_duration": 0.06329226493835449,
            "total_deploy_duration": 120.90373802185059,
            "total_update_duration": 59.30839800834656,
            "total_saving_state_duration": 0.03315258026123047,
            "total_sleeping_time": 635.2618265151978
        },
        "dep0": {
            "total_uptime_duration": 202.8487524986267,
            "total_loading_state_duration": 0.06652212142944336,
            "total_deploy_duration": 130.5581452846527,
            "total_update_duration": 56.10519528388977,
            "total_saving_state_duration": 0.034090518951416016,
            "total_sleeping_time": 616.2687532901764
        },
        "dep7": {
            "total_uptime_duration": 219.12965297698975,
            "total_loading_state_duration": 0.0706319808959961,
            "total_deploy_duration": 143.27928614616394,
            "total_update_duration": 74.95715975761414,
            "total_saving_state_duration": 0.03879594802856445,
            "total_sleeping_time": 700.6753263473511
        },
        "dep8": {
            "total_uptime_duration": 211.24868154525757,
            "total_loading_state_duration": 0.07705497741699219,
            "total_deploy_duration": 147.48260021209717,
            "total_update_duration": 62.86488223075867,
            "total_saving_state_duration": 0.03924107551574707,
            "total_sleeping_time": 749.9399635791779
        },
        "dep3": {
            "total_uptime_duration": 181.31479477882385,
            "total_loading_state_duration": 0.06214761734008789,
            "total_deploy_duration": 121.04734086990356,
            "total_update_duration": 59.38690257072449,
            "total_saving_state_duration": 0.03069329261779785,
            "total_sleeping_time": 648.5124237537384
        },
        "dep9": {
            "total_uptime_duration": 188.42759442329407,
            "total_loading_state_duration": 0.07680916786193848,
            "total_deploy_duration": 135.14858651161194,
            "total_update_duration": 49.941246032714844,
            "total_saving_state_duration": 0.03376269340515137,
            "total_sleeping_time": 630.3806993961334
        },
        "dep1": {
            "total_uptime_duration": 190.24207043647766,
            "total_loading_state_duration": 0.06720495223999023,
            "total_deploy_duration": 150.93785977363586,
            "total_update_duration": 29.288748741149902,
            "total_saving_state_duration": 0.03409624099731445,
            "total_sleeping_time": 628.5888335704803
        },
        "server": {
            "total_uptime_duration": 197.03576254844666,
            "total_loading_state_duration": 0.0670933723449707,
            "total_deploy_duration": 126.12314128875732,
            "total_update_duration": 59.263320446014404,
            "total_saving_state_duration": 0.0800473690032959,
            "total_sleeping_time": 622.332968711853
        }
    }
}