{
    "parameters": {
        "version_concerto_name": "concerto-decentralized",
        "transitions_times_file_name": "/home/anomond/parameters/transitions_times/transitions_times-1-30-deps12-1.json",
        "uptimes_file_name": "/home/anomond/parameters/uptimes/uptimes-60-30-12-1-1-1.json",
        "expe_num": 1,
        "cluster": "uvb"
    },
    "results": {
        "dep4": {
            "total_uptime_duration": 61.03806805610657,
            "total_loading_state_duration": 0.017494678497314453,
            "total_deploy_duration": 29.184101819992065,
            "total_update_duration": 30.997249603271484,
            "total_saving_state_duration": 0.0093841552734375,
            "total_sleeping_time": 66.11756229400635
        },
        "dep5": {
            "total_uptime_duration": 61.039597511291504,
            "total_loading_state_duration": 0.018312931060791016,
            "total_deploy_duration": 28.888453245162964,
            "total_update_duration": 31.18248701095581,
            "total_saving_state_duration": 0.010151863098144531,
            "total_sleeping_time": 65.4320170879364
        },
        "dep6": {
            "total_uptime_duration": 61.543028116226196,
            "total_loading_state_duration": 0.01955437660217285,
            "total_deploy_duration": 28.89607858657837,
            "total_update_duration": 31.148616075515747,
            "total_saving_state_duration": 0.010311126708984375,
            "total_sleeping_time": 65.34602808952332
        },
        "dep2": {
            "total_uptime_duration": 61.423476696014404,
            "total_loading_state_duration": 0.021180391311645508,
            "total_deploy_duration": 28.700843334197998,
            "total_update_duration": 31.410320281982422,
            "total_saving_state_duration": 0.009539604187011719,
            "total_sleeping_time": 64.65224409103394
        },
        "dep11": {
            "total_uptime_duration": 61.11011362075806,
            "total_loading_state_duration": 0.021805524826049805,
            "total_deploy_duration": 28.563068866729736,
            "total_update_duration": 31.564319610595703,
            "total_saving_state_duration": 0.009904146194458008,
            "total_sleeping_time": 64.66718769073486
        },
        "dep10": {
            "total_uptime_duration": 61.02516293525696,
            "total_loading_state_duration": 0.026668310165405273,
            "total_deploy_duration": 28.729245901107788,
            "total_update_duration": 31.331634044647217,
            "total_saving_state_duration": 0.00890493392944336,
            "total_sleeping_time": 65.03661370277405
        },
        "dep0": {
            "total_uptime_duration": 61.16477942466736,
            "total_loading_state_duration": 0.023923635482788086,
            "total_deploy_duration": 28.505327463150024,
            "total_update_duration": 31.585146188735962,
            "total_saving_state_duration": 0.009633541107177734,
            "total_sleeping_time": 64.57972645759583
        },
        "dep7": {
            "total_uptime_duration": 61.58122372627258,
            "total_loading_state_duration": 0.022801876068115234,
            "total_deploy_duration": 28.533586263656616,
            "total_update_duration": 31.636608123779297,
            "total_saving_state_duration": 0.010481119155883789,
            "total_sleeping_time": 64.24251914024353
        },
        "dep8": {
            "total_uptime_duration": 61.24595856666565,
            "total_loading_state_duration": 0.023751258850097656,
            "total_deploy_duration": 28.447997331619263,
            "total_update_duration": 31.711580753326416,
            "total_saving_state_duration": 0.010413408279418945,
            "total_sleeping_time": 64.7071259021759
        },
        "dep3": {
            "total_uptime_duration": 61.250725984573364,
            "total_loading_state_duration": 0.026263713836669922,
            "total_deploy_duration": 28.439032554626465,
            "total_update_duration": 31.630349159240723,
            "total_saving_state_duration": 0.009406805038452148,
            "total_sleeping_time": 65.10417819023132
        },
        "dep9": {
            "total_uptime_duration": 60.949912786483765,
            "total_loading_state_duration": 0.023566722869873047,
            "total_deploy_duration": 28.411478519439697,
            "total_update_duration": 31.66209578514099,
            "total_saving_state_duration": 0.010378360748291016,
            "total_sleeping_time": 63.89591932296753
        },
        "dep1": {
            "total_uptime_duration": 61.100590229034424,
            "total_loading_state_duration": 0.0254056453704834,
            "total_deploy_duration": 28.450605154037476,
            "total_update_duration": 31.67651104927063,
            "total_saving_state_duration": 0.010414838790893555,
            "total_sleeping_time": 63.994473934173584
        },
        "server": {
            "total_uptime_duration": 79.09882688522339,
            "total_loading_state_duration": 0.03232455253601074,
            "total_deploy_duration": 28.884565591812134,
            "total_update_duration": 49.29778218269348,
            "total_saving_state_duration": 0.028489112854003906,
            "total_sleeping_time": 47.85963559150696
        }
    }
}