{
    "parameters": {
        "version_concerto_name": "concerto-decentralized",
        "transitions_times_file_name": "/home/anomond/parameters/transitions_times/transitions_times-1-30-deps12-1.json",
        "uptimes_file_name": "/home/anomond/parameters/uptimes/uptimes-60-30-12-0_2-0_3.json",
        "expe_num": 1,
        "cluster": "uvb"
    },
    "results": {
        "dep4": {
            "total_uptime_duration": 389.3702349662781,
            "total_loading_state_duration": 0.14244890213012695,
            "total_deploy_duration": 326.8810727596283,
            "total_update_duration": 37.88108277320862,
            "total_saving_state_duration": 0.06251645088195801,
            "total_sleeping_time": 1201.9965081214905
        },
        "dep5": {
            "total_uptime_duration": 361.74241828918457,
            "total_loading_state_duration": 0.12114405632019043,
            "total_deploy_duration": 331.4307105541229,
            "total_update_duration": 29.33090853691101,
            "total_saving_state_duration": 0.06306767463684082,
            "total_sleeping_time": 1230.0437200069427
        },
        "dep6": {
            "total_uptime_duration": 361.58969020843506,
            "total_loading_state_duration": 0.16639065742492676,
            "total_deploy_duration": 301.26480412483215,
            "total_update_duration": 59.26691174507141,
            "total_saving_state_duration": 0.0644230842590332,
            "total_sleeping_time": 1252.963577747345
        },
        "dep2": {
            "total_uptime_duration": 361.8134024143219,
            "total_loading_state_duration": 0.13473010063171387,
            "total_deploy_duration": 301.50959491729736,
            "total_update_duration": 59.29625916481018,
            "total_saving_state_duration": 0.06033444404602051,
            "total_sleeping_time": 1254.1367347240448
        },
        "dep11": {
            "total_uptime_duration": 391.65547156333923,
            "total_loading_state_duration": 0.1384274959564209,
            "total_deploy_duration": 331.3853015899658,
            "total_update_duration": 59.26771378517151,
            "total_saving_state_duration": 0.06692147254943848,
            "total_sleeping_time": 1313.213136434555
        },
        "dep10": {
            "total_uptime_duration": 361.5562582015991,
            "total_loading_state_duration": 0.15918517112731934,
            "total_deploy_duration": 305.14065885543823,
            "total_update_duration": 55.36191749572754,
            "total_saving_state_duration": 0.05999612808227539,
            "total_sleeping_time": 1253.8065900802612
        },
        "dep0": {
            "total_uptime_duration": 367.5654716491699,
            "total_loading_state_duration": 0.11474752426147461,
            "total_deploy_duration": 331.14343070983887,
            "total_update_duration": 29.293631553649902,
            "total_saving_state_duration": 0.06273436546325684,
            "total_sleeping_time": 1223.6413011550903
        },
        "dep7": {
            "total_uptime_duration": 361.5617129802704,
            "total_loading_state_duration": 0.14190149307250977,
            "total_deploy_duration": 331.22009229660034,
            "total_update_duration": 29.338162660598755,
            "total_saving_state_duration": 0.06516218185424805,
            "total_sleeping_time": 1252.7272839546204
        },
        "dep8": {
            "total_uptime_duration": 361.6173269748688,
            "total_loading_state_duration": 0.172102689743042,
            "total_deploy_duration": 301.23633217811584,
            "total_update_duration": 59.34147310256958,
            "total_saving_state_duration": 0.06645560264587402,
            "total_sleeping_time": 1253.2379541397095
        },
        "dep3": {
            "total_uptime_duration": 361.5896191596985,
            "total_loading_state_duration": 0.14043068885803223,
            "total_deploy_duration": 331.32464933395386,
            "total_update_duration": 29.25840997695923,
            "total_saving_state_duration": 0.06392192840576172,
            "total_sleeping_time": 1241.0662355422974
        },
        "dep9": {
            "total_uptime_duration": 361.62314438819885,
            "total_loading_state_duration": 0.16050505638122559,
            "total_deploy_duration": 331.2440490722656,
            "total_update_duration": 29.333109378814697,
            "total_saving_state_duration": 0.062014102935791016,
            "total_sleeping_time": 1252.4914762973785
        },
        "dep1": {
            "total_uptime_duration": 391.6627748012543,
            "total_loading_state_duration": 0.1523723602294922,
            "total_deploy_duration": 301.316778421402,
            "total_update_duration": 89.31661701202393,
            "total_saving_state_duration": 0.07280874252319336,
            "total_sleeping_time": 1283.072357416153
        },
        "server": {
            "total_uptime_duration": 376.6418673992157,
            "total_loading_state_duration": 0.13530778884887695,
            "total_deploy_duration": 320.5171730518341,
            "total_update_duration": 44.32185935974121,
            "total_saving_state_duration": 0.15218329429626465,
            "total_sleeping_time": 1216.2965788841248
        }
    }
}