{
    "parameters": {
        "version_concerto_name": "concerto-decentralized",
        "transitions_times_file_name": "/home/anomond/parameters/transitions_times/transitions_times-1-30-deps12-0.json",
        "uptimes_file_name": "/home/anomond/parameters/uptimes/uptimes-60-30-12-0_02-0_05.json",
        "expe_num": 1,
        "cluster": "uvb"
    },
    "results": {
        "dep4": {
            "total_uptime_duration": 421.80515146255493,
            "total_loading_state_duration": 0.17870235443115234,
            "total_deploy_duration": 391.43494391441345,
            "total_update_duration": 29.310144662857056,
            "total_saving_state_duration": 0.0712437629699707,
            "total_sleeping_time": 1428.4164578914642
        },
        "dep5": {
            "total_uptime_duration": 451.97318863868713,
            "total_loading_state_duration": 0.2122786045074463,
            "total_deploy_duration": 391.5002636909485,
            "total_update_duration": 59.362937211990356,
            "total_saving_state_duration": 0.08090949058532715,
            "total_sleeping_time": 1474.4135921001434
        },
        "dep6": {
            "total_uptime_duration": 421.7638051509857,
            "total_loading_state_duration": 0.2376997470855713,
            "total_deploy_duration": 391.36567759513855,
            "total_update_duration": 29.253772735595703,
            "total_saving_state_duration": 0.07503390312194824,
            "total_sleeping_time": 1443.1240227222443
        },
        "dep2": {
            "total_uptime_duration": 421.9704899787903,
            "total_loading_state_duration": 0.2959458827972412,
            "total_deploy_duration": 391.5433614253998,
            "total_update_duration": 29.227801084518433,
            "total_saving_state_duration": 0.07179880142211914,
            "total_sleeping_time": 1444.5840394496918
        },
        "dep11": {
            "total_uptime_duration": 421.77454948425293,
            "total_loading_state_duration": 0.2016139030456543,
            "total_deploy_duration": 361.3403265476227,
            "total_update_duration": 59.33162450790405,
            "total_saving_state_duration": 0.07669925689697266,
            "total_sleeping_time": 1446.0102932453156
        },
        "dep10": {
            "total_uptime_duration": 451.8912081718445,
            "total_loading_state_duration": 0.21328449249267578,
            "total_deploy_duration": 361.33860898017883,
            "total_update_duration": 89.44595170021057,
            "total_saving_state_duration": 0.0771949291229248,
            "total_sleeping_time": 1472.5055139064789
        },
        "dep0": {
            "total_uptime_duration": 449.13138341903687,
            "total_loading_state_duration": 0.19020295143127441,
            "total_deploy_duration": 391.7790002822876,
            "total_update_duration": 29.32059383392334,
            "total_saving_state_duration": 0.07631731033325195,
            "total_sleeping_time": 1386.415676832199
        },
        "dep7": {
            "total_uptime_duration": 449.2061936855316,
            "total_loading_state_duration": 0.21322941780090332,
            "total_deploy_duration": 391.38380885124207,
            "total_update_duration": 29.29042673110962,
            "total_saving_state_duration": 0.07521176338195801,
            "total_sleeping_time": 1383.2613117694855
        },
        "dep8": {
            "total_uptime_duration": 421.75782680511475,
            "total_loading_state_duration": 0.17792844772338867,
            "total_deploy_duration": 361.36719608306885,
            "total_update_duration": 59.33101272583008,
            "total_saving_state_duration": 0.07464790344238281,
            "total_sleeping_time": 1422.3008711338043
        },
        "dep3": {
            "total_uptime_duration": 452.00666904449463,
            "total_loading_state_duration": 0.24170374870300293,
            "total_deploy_duration": 361.511953830719,
            "total_update_duration": 89.3578634262085,
            "total_saving_state_duration": 0.07764720916748047,
            "total_sleeping_time": 1473.5359177589417
        },
        "dep9": {
            "total_uptime_duration": 451.9069700241089,
            "total_loading_state_duration": 0.20589756965637207,
            "total_deploy_duration": 391.5389790534973,
            "total_update_duration": 59.2688627243042,
            "total_saving_state_duration": 0.07780694961547852,
            "total_sleeping_time": 1541.6576800346375
        },
        "dep1": {
            "total_uptime_duration": 451.76571702957153,
            "total_loading_state_duration": 0.2074291706085205,
            "total_deploy_duration": 361.4004497528076,
            "total_update_duration": 89.2637414932251,
            "total_saving_state_duration": 0.0787508487701416,
            "total_sleeping_time": 1475.4206037521362
        },
        "server": {
            "total_uptime_duration": 434.5854332447052,
            "total_loading_state_duration": 0.16086411476135254,
            "total_deploy_duration": 388.03246212005615,
            "total_update_duration": 43.8134286403656,
            "total_saving_state_duration": 0.17555928230285645,
            "total_sleeping_time": 1407.34694647789
        }
    }
}