{
    "parameters": {
        "version_concerto_name": "concerto-decentralized",
        "transitions_times_file_name": "/home/anomond/parameters/transitions_times/transitions_times-1-30-deps12-0.json",
        "uptimes_file_name": "/home/anomond/parameters/uptimes/uptimes-60-30-12-1-1-1.json",
        "expe_num": 1,
        "cluster": "uvb"
    },
    "results": {
        "dep4": {
            "total_uptime_duration": 55.57552242279053,
            "total_loading_state_duration": 0.017496109008789062,
            "total_deploy_duration": 32.71045660972595,
            "total_update_duration": 6.532669067382812e-05,
            "total_saving_state_duration": 0.005673408508300781,
            "total_sleeping_time": 31.647979021072388
        },
        "dep5": {
            "total_uptime_duration": 55.57229018211365,
            "total_loading_state_duration": 0.016408443450927734,
            "total_deploy_duration": 32.636632680892944,
            "total_update_duration": 6.103515625e-05,
            "total_saving_state_duration": 0.005535602569580078,
            "total_sleeping_time": 31.88262367248535
        },
        "dep6": {
            "total_uptime_duration": 55.38375759124756,
            "total_loading_state_duration": 0.014948368072509766,
            "total_deploy_duration": 32.50261950492859,
            "total_update_duration": 6.556510925292969e-05,
            "total_saving_state_duration": 0.005951642990112305,
            "total_sleeping_time": 31.70115375518799
        },
        "dep2": {
            "total_uptime_duration": 55.837316036224365,
            "total_loading_state_duration": 0.016934871673583984,
            "total_deploy_duration": 32.917072057724,
            "total_update_duration": 6.723403930664062e-05,
            "total_saving_state_duration": 0.005655765533447266,
            "total_sleeping_time": 31.673186540603638
        },
        "dep11": {
            "total_uptime_duration": 55.31810712814331,
            "total_loading_state_duration": 0.012463808059692383,
            "total_deploy_duration": 32.501930952072144,
            "total_update_duration": 6.747245788574219e-05,
            "total_saving_state_duration": 0.005334138870239258,
            "total_sleeping_time": 32.37615609169006
        },
        "dep10": {
            "total_uptime_duration": 55.305323123931885,
            "total_loading_state_duration": 0.018553972244262695,
            "total_deploy_duration": 32.405964374542236,
            "total_update_duration": 6.699562072753906e-05,
            "total_saving_state_duration": 0.005373477935791016,
            "total_sleeping_time": 32.30841875076294
        },
        "dep0": {
            "total_uptime_duration": 55.44974732398987,
            "total_loading_state_duration": 0.013487100601196289,
            "total_deploy_duration": 32.46135234832764,
            "total_update_duration": 6.651878356933594e-05,
            "total_saving_state_duration": 0.005033969879150391,
            "total_sleeping_time": 32.90109992027283
        },
        "dep7": {
            "total_uptime_duration": 55.35708832740784,
            "total_loading_state_duration": 0.0132904052734375,
            "total_deploy_duration": 32.48948812484741,
            "total_update_duration": 6.222724914550781e-05,
            "total_saving_state_duration": 0.005381345748901367,
            "total_sleeping_time": 31.75208282470703
        },
        "dep8": {
            "total_uptime_duration": 55.79857087135315,
            "total_loading_state_duration": 0.012569189071655273,
            "total_deploy_duration": 32.879284381866455,
            "total_update_duration": 6.818771362304688e-05,
            "total_saving_state_duration": 0.0051136016845703125,
            "total_sleeping_time": 31.913604021072388
        },
        "dep3": {
            "total_uptime_duration": 55.45203256607056,
            "total_loading_state_duration": 0.021296977996826172,
            "total_deploy_duration": 32.556623458862305,
            "total_update_duration": 6.389617919921875e-05,
            "total_saving_state_duration": 0.006035566329956055,
            "total_sleeping_time": 32.61440658569336
        },
        "dep9": {
            "total_uptime_duration": 56.0383415222168,
            "total_loading_state_duration": 0.015799999237060547,
            "total_deploy_duration": 33.122522830963135,
            "total_update_duration": 6.699562072753906e-05,
            "total_saving_state_duration": 0.005812168121337891,
            "total_sleeping_time": 32.80977535247803
        },
        "dep1": {
            "total_uptime_duration": 55.345043897628784,
            "total_loading_state_duration": 0.014821767807006836,
            "total_deploy_duration": 32.383283376693726,
            "total_update_duration": 6.723403930664062e-05,
            "total_saving_state_duration": 0.005736827850341797,
            "total_sleeping_time": 31.947617530822754
        },
        "server": {
            "total_uptime_duration": 60.16790723800659,
            "total_loading_state_duration": 0.019374608993530273,
            "total_deploy_duration": 37.24085307121277,
            "total_update_duration": 5.841255187988281e-05,
            "total_saving_state_duration": 0.014515399932861328,
            "total_sleeping_time": 27.90919518470764
        }
    }
}