{
    "parameters": {
        "version_concerto_name": "concerto-decentralized",
        "transitions_times_file_name": "/home/anomond/parameters/transitions_times/transitions_times-1-30-deps12-0.json",
        "uptimes_file_name": "/home/anomond/parameters/uptimes/uptimes-60-30-12-0_5-0_6.json",
        "expe_num": 2,
        "cluster": "uvb"
    },
    "global_results": {
        "finished_reconf": true,
        "max_deploy_time": 41.93,
        "max_update_time": 20.08,
        "max_reconf_time": 62.01,
        "max_sleeping_time": 2611.67,
        "max_execution_time": 2641.8
    },
    "results": {
        "dep2": {
            "total_uptime_duration": 34.072935581207275,
            "total_loading_state_duration": 0.20507144927978516,
            "total_deploy_duration": 19.827044010162354,
            "total_update_duration": 13.906431198120117,
            "total_saving_state_duration": 0.08397316932678223,
            "total_sleeping_time": 2478.3590211868286,
            "finished_reconf": true
        },
        "dep8": {
            "total_uptime_duration": 30.758020877838135,
            "total_loading_state_duration": 0.1879122257232666,
            "total_deploy_duration": 26.002389669418335,
            "total_update_duration": 4.435431003570557,
            "total_saving_state_duration": 0.08202767372131348,
            "total_sleeping_time": 2611.0456602573395,
            "finished_reconf": true
        },
        "dep1": {
            "total_uptime_duration": 46.52149724960327,
            "total_loading_state_duration": 0.2009906768798828,
            "total_deploy_duration": 34.39459800720215,
            "total_update_duration": 11.798264980316162,
            "total_saving_state_duration": 0.0770273208618164,
            "total_sleeping_time": 2459.504107236862,
            "finished_reconf": true
        },
        "dep5": {
            "total_uptime_duration": 27.82694125175476,
            "total_loading_state_duration": 0.2076120376586914,
            "total_deploy_duration": 17.743667364120483,
            "total_update_duration": 9.74380111694336,
            "total_saving_state_duration": 0.07933330535888672,
            "total_sleeping_time": 2611.6721019744873,
            "finished_reconf": true
        },
        "dep9": {
            "total_uptime_duration": 28.39073085784912,
            "total_loading_state_duration": 0.20507383346557617,
            "total_deploy_duration": 21.80791664123535,
            "total_update_duration": 6.244776248931885,
            "total_saving_state_duration": 0.08075118064880371,
            "total_sleeping_time": 2578.3568489551544,
            "finished_reconf": true
        },
        "dep4": {
            "total_uptime_duration": 43.20200729370117,
            "total_loading_state_duration": 0.20016908645629883,
            "total_deploy_duration": 31.7231662273407,
            "total_update_duration": 11.151386022567749,
            "total_saving_state_duration": 0.07675766944885254,
            "total_sleeping_time": 2466.8992624282837,
            "finished_reconf": true
        },
        "dep0": {
            "total_uptime_duration": 26.304640769958496,
            "total_loading_state_duration": 0.20670819282531738,
            "total_deploy_duration": 18.15234613418579,
            "total_update_duration": 7.8104963302612305,
            "total_saving_state_duration": 0.0843498706817627,
            "total_sleeping_time": 2588.371358394623,
            "finished_reconf": true
        },
        "dep7": {
            "total_uptime_duration": 50.75858235359192,
            "total_loading_state_duration": 0.2076714038848877,
            "total_deploy_duration": 30.33763027191162,
            "total_update_duration": 20.079813241958618,
            "total_saving_state_duration": 0.08122849464416504,
            "total_sleeping_time": 2539.0109004974365,
            "finished_reconf": true
        },
        "dep10": {
            "total_uptime_duration": 31.741305351257324,
            "total_loading_state_duration": 0.21211910247802734,
            "total_deploy_duration": 25.448396682739258,
            "total_update_duration": 5.945173501968384,
            "total_saving_state_duration": 0.08219003677368164,
            "total_sleeping_time": 2551.2428438663483,
            "finished_reconf": true
        },
        "server": {
            "total_uptime_duration": 59.319267988204956,
            "total_loading_state_duration": 0.21836471557617188,
            "total_deploy_duration": 41.92567229270935,
            "total_update_duration": 16.882426738739014,
            "total_saving_state_duration": 0.23488211631774902,
            "total_sleeping_time": 2429.0699257850647,
            "finished_reconf": true
        },
        "dep6": {
            "total_uptime_duration": 23.900148630142212,
            "total_loading_state_duration": 0.19273686408996582,
            "total_deploy_duration": 19.298288583755493,
            "total_update_duration": 4.2826197147369385,
            "total_saving_state_duration": 0.07742738723754883,
            "total_sleeping_time": 2469.7793819904327,
            "finished_reconf": true
        },
        "dep11": {
            "total_uptime_duration": 38.35967397689819,
            "total_loading_state_duration": 0.2134568691253662,
            "total_deploy_duration": 22.13827896118164,
            "total_update_duration": 15.87348985671997,
            "total_saving_state_duration": 0.08124446868896484,
            "total_sleeping_time": 2567.423147201538,
            "finished_reconf": true
        },
        "dep3": {
            "total_uptime_duration": 25.40084457397461,
            "total_loading_state_duration": 0.2096242904663086,
            "total_deploy_duration": 20.018412113189697,
            "total_update_duration": 5.037842035293579,
            "total_saving_state_duration": 0.08302021026611328,
            "total_sleeping_time": 2587.652809381485,
            "finished_reconf": true
        }
    }
}