{
    "parameters": {
        "version_concerto_name": "concerto-decentralized",
        "transitions_times_file_name": "/home/anomond/parameters/transitions_times/transitions_times-1-30-deps12-0.json",
        "uptimes_file_name": "/home/anomond/parameters/uptimes/uptimes-60-30-12-0_5-0_6.json",
        "expe_num": 2,
        "cluster": "uvb"
    },
    "global_results": {
        "finished_reconf": true,
        "max_deploy_time": 41.93,
        "max_update_time": 20.08,
        "max_reconf_time": 62.0,
        "max_sleeping_time": 2611.2,
        "max_execution_time": 2642.03
    },
    "results": {
        "dep2": {
            "total_uptime_duration": 34.03994131088257,
            "total_loading_state_duration": 0.20108318328857422,
            "total_deploy_duration": 19.808833599090576,
            "total_update_duration": 13.903785228729248,
            "total_saving_state_duration": 0.07668137550354004,
            "total_sleeping_time": 2478.279140472412,
            "finished_reconf": true
        },
        "dep8": {
            "total_uptime_duration": 30.834007263183594,
            "total_loading_state_duration": 0.20589780807495117,
            "total_deploy_duration": 26.045485496520996,
            "total_update_duration": 4.443276882171631,
            "total_saving_state_duration": 0.0854182243347168,
            "total_sleeping_time": 2611.196452856064,
            "finished_reconf": true
        },
        "dep1": {
            "total_uptime_duration": 46.595667362213135,
            "total_loading_state_duration": 0.20523881912231445,
            "total_deploy_duration": 34.45783185958862,
            "total_update_duration": 11.804887771606445,
            "total_saving_state_duration": 0.07626605033874512,
            "total_sleeping_time": 2459.798244714737,
            "finished_reconf": true
        },
        "dep5": {
            "total_uptime_duration": 27.89743947982788,
            "total_loading_state_duration": 0.21017956733703613,
            "total_deploy_duration": 17.80913209915161,
            "total_update_duration": 9.74327301979065,
            "total_saving_state_duration": 0.08290958404541016,
            "total_sleeping_time": 2609.7554178237915,
            "finished_reconf": true
        },
        "dep9": {
            "total_uptime_duration": 28.341198682785034,
            "total_loading_state_duration": 0.19997453689575195,
            "total_deploy_duration": 21.76847243309021,
            "total_update_duration": 6.240685939788818,
            "total_saving_state_duration": 0.0797116756439209,
            "total_sleeping_time": 2578.5513384342194,
            "finished_reconf": true
        },
        "dep4": {
            "total_uptime_duration": 43.27461576461792,
            "total_loading_state_duration": 0.2105555534362793,
            "total_deploy_duration": 31.786557912826538,
            "total_update_duration": 11.151536226272583,
            "total_saving_state_duration": 0.07430386543273926,
            "total_sleeping_time": 2466.4319224357605,
            "finished_reconf": true
        },
        "dep0": {
            "total_uptime_duration": 26.294742822647095,
            "total_loading_state_duration": 0.21454286575317383,
            "total_deploy_duration": 18.137362480163574,
            "total_update_duration": 7.805711030960083,
            "total_saving_state_duration": 0.08552098274230957,
            "total_sleeping_time": 2588.5917460918427,
            "finished_reconf": true
        },
        "dep7": {
            "total_uptime_duration": 50.75488901138306,
            "total_loading_state_duration": 0.20828652381896973,
            "total_deploy_duration": 30.331366539001465,
            "total_update_duration": 20.079367876052856,
            "total_saving_state_duration": 0.08299040794372559,
            "total_sleeping_time": 2539.6833052635193,
            "finished_reconf": true
        },
        "dep10": {
            "total_uptime_duration": 31.802565097808838,
            "total_loading_state_duration": 0.21529388427734375,
            "total_deploy_duration": 25.51020097732544,
            "total_update_duration": 5.942007541656494,
            "total_saving_state_duration": 0.0793619155883789,
            "total_sleeping_time": 2551.820945262909,
            "finished_reconf": true
        },
        "server": {
            "total_uptime_duration": 59.328187227249146,
            "total_loading_state_duration": 0.22938060760498047,
            "total_deploy_duration": 41.92526721954346,
            "total_update_duration": 16.88210129737854,
            "total_saving_state_duration": 0.23315048217773438,
            "total_sleeping_time": 2429.036637544632,
            "finished_reconf": true
        },
        "dep6": {
            "total_uptime_duration": 23.89385414123535,
            "total_loading_state_duration": 0.18973255157470703,
            "total_deploy_duration": 19.2963809967041,
            "total_update_duration": 4.2798895835876465,
            "total_saving_state_duration": 0.07827186584472656,
            "total_sleeping_time": 2470.9065022468567,
            "finished_reconf": true
        },
        "dep11": {
            "total_uptime_duration": 38.42474722862244,
            "total_loading_state_duration": 0.2120985984802246,
            "total_deploy_duration": 22.20963716506958,
            "total_update_duration": 15.866841554641724,
            "total_saving_state_duration": 0.08268404006958008,
            "total_sleeping_time": 2567.0957746505737,
            "finished_reconf": true
        },
        "dep3": {
            "total_uptime_duration": 25.399399042129517,
            "total_loading_state_duration": 0.21077418327331543,
            "total_deploy_duration": 20.012141942977905,
            "total_update_duration": 5.036914825439453,
            "total_saving_state_duration": 0.08642220497131348,
            "total_sleeping_time": 2588.1292037963867,
            "finished_reconf": true
        }
    }
}