{
    "parameters": {
        "version_concerto_name": "concerto-decentralized",
        "transitions_times_file_name": "/home/anomond/parameters/transitions_times/transitions_times-1-30-deps12-1.json",
        "uptimes_file_name": "/home/anomond/parameters/uptimes/uptimes-60-30-12-0_5-0_6.json",
        "expe_num": 2,
        "cluster": "uvb"
    },
    "results": {
        "dep2": {
            "total_uptime_duration": 30.48911190032959,
            "total_loading_state_duration": 0.22543883323669434,
            "total_deploy_duration": 23.27670907974243,
            "total_update_duration": 6.082806587219238,
            "total_saving_state_duration": 0.08538961410522461,
            "total_sleeping_time": 2731.535275220871
        },
        "dep8": {
            "total_uptime_duration": 26.563724517822266,
            "total_loading_state_duration": 0.20497417449951172,
            "total_deploy_duration": 18.028199434280396,
            "total_update_duration": 7.43451189994812,
            "total_saving_state_duration": 0.07992839813232422,
            "total_sleeping_time": 2615.2852125167847
        },
        "dep1": {
            "total_uptime_duration": 43.73797965049744,
            "total_loading_state_duration": 0.2220020294189453,
            "total_deploy_duration": 17.825615167617798,
            "total_update_duration": 24.78201150894165,
            "total_saving_state_duration": 0.08846473693847656,
            "total_sleeping_time": 2689.834611415863
        },
        "dep5": {
            "total_uptime_duration": 36.90260100364685,
            "total_loading_state_duration": 0.2125411033630371,
            "total_deploy_duration": 26.710148334503174,
            "total_update_duration": 9.082377910614014,
            "total_saving_state_duration": 0.08113312721252441,
            "total_sleeping_time": 2602.70907831192
        },
        "dep9": {
            "total_uptime_duration": 59.077340841293335,
            "total_loading_state_duration": 0.23624300956726074,
            "total_deploy_duration": 40.456257581710815,
            "total_update_duration": 17.474374055862427,
            "total_saving_state_duration": 0.08665943145751953,
            "total_sleeping_time": 2713.5932528972626
        },
        "dep4": {
            "total_uptime_duration": 27.43978762626648,
            "total_loading_state_duration": 0.22545909881591797,
            "total_deploy_duration": 21.281312942504883,
            "total_update_duration": 5.023606777191162,
            "total_saving_state_duration": 0.08680438995361328,
            "total_sleeping_time": 2601.785212278366
        },
        "dep0": {
            "total_uptime_duration": 58.02272439002991,
            "total_loading_state_duration": 0.22120404243469238,
            "total_deploy_duration": 35.87802195549011,
            "total_update_duration": 21.014633178710938,
            "total_saving_state_duration": 0.08782529830932617,
            "total_sleeping_time": 2667.04820561409
        },
        "dep7": {
            "total_uptime_duration": 39.860167264938354,
            "total_loading_state_duration": 0.20185422897338867,
            "total_deploy_duration": 24.746638774871826,
            "total_update_duration": 14.002070188522339,
            "total_saving_state_duration": 0.08771061897277832,
            "total_sleeping_time": 2705.501543045044
        },
        "dep10": {
            "total_uptime_duration": 29.55391502380371,
            "total_loading_state_duration": 0.2166299819946289,
            "total_deploy_duration": 20.091506004333496,
            "total_update_duration": 8.336725950241089,
            "total_saving_state_duration": 0.08502054214477539,
            "total_sleeping_time": 2725.2639882564545
        },
        "server": {
            "total_uptime_duration": 60.18397498130798,
            "total_loading_state_duration": 0.23903584480285645,
            "total_deploy_duration": 32.28803110122681,
            "total_update_duration": 15.872383117675781,
            "total_saving_state_duration": 0.24646592140197754,
            "total_sleeping_time": 2565.9686980247498
        },
        "dep6": {
            "total_uptime_duration": 30.77840304374695,
            "total_loading_state_duration": 0.22071123123168945,
            "total_deploy_duration": 21.4072265625,
            "total_update_duration": 8.24399471282959,
            "total_saving_state_duration": 0.08480286598205566,
            "total_sleeping_time": 2726.848930835724
        },
        "dep11": {
            "total_uptime_duration": 27.78307342529297,
            "total_loading_state_duration": 0.22527074813842773,
            "total_deploy_duration": 18.250244855880737,
            "total_update_duration": 8.402777671813965,
            "total_saving_state_duration": 0.0849447250366211,
            "total_sleeping_time": 2744.4491081237793
        },
        "dep3": {
            "total_uptime_duration": 34.90798377990723,
            "total_loading_state_duration": 0.22789335250854492,
            "total_deploy_duration": 27.33413076400757,
            "total_update_duration": 6.4356842041015625,
            "total_saving_state_duration": 0.08770561218261719,
            "total_sleeping_time": 2701.453896522522
        }
    }
}