{
    "parameters": {
        "version_concerto_name": "concerto-decentralized",
        "transitions_times_file_name": "/home/anomond/parameters/transitions_times/transitions_times-1-30-deps12-1.json",
        "uptimes_file_name": "/home/anomond/parameters/uptimes/uptimes-60-30-12-0_02-0_05.json",
        "expe_num": 2,
        "cluster": "uvb"
    },
    "results": {
        "dep2": {
            "total_uptime_duration": 26.527535915374756,
            "total_loading_state_duration": 0.21998834609985352,
            "total_deploy_duration": 19.394956350326538,
            "total_update_duration": 6.024410963058472,
            "total_saving_state_duration": 0.0693519115447998,
            "total_sleeping_time": 2099.8588531017303
        },
        "dep8": {
            "total_uptime_duration": 24.254481315612793,
            "total_loading_state_duration": 0.2761976718902588,
            "total_deploy_duration": 16.462905406951904,
            "total_update_duration": 6.6292479038238525,
            "total_saving_state_duration": 0.07107257843017578,
            "total_sleeping_time": 2224.572322368622
        },
        "dep1": {
            "total_uptime_duration": 39.813992738723755,
            "total_loading_state_duration": 0.2173137664794922,
            "total_deploy_duration": 15.454909801483154,
            "total_update_duration": 23.259344339370728,
            "total_saving_state_duration": 0.0674738883972168,
            "total_sleeping_time": 2066.3252367973328
        },
        "dep5": {
            "total_uptime_duration": 34.62209224700928,
            "total_loading_state_duration": 0.22326397895812988,
            "total_deploy_duration": 24.418965101242065,
            "total_update_duration": 9.08749270439148,
            "total_saving_state_duration": 0.07266664505004883,
            "total_sleeping_time": 2220.4186975955963
        },
        "dep9": {
            "total_uptime_duration": 55.14087271690369,
            "total_loading_state_duration": 0.25962066650390625,
            "total_deploy_duration": 38.04026985168457,
            "total_update_duration": 15.949758529663086,
            "total_saving_state_duration": 0.06769084930419922,
            "total_sleeping_time": 2070.584002017975
        },
        "dep4": {
            "total_uptime_duration": 24.313368320465088,
            "total_loading_state_duration": 0.2475285530090332,
            "total_deploy_duration": 19.652154684066772,
            "total_update_duration": 3.514305591583252,
            "total_saving_state_duration": 0.06830739974975586,
            "total_sleeping_time": 2103.8265125751495
        },
        "dep0": {
            "total_uptime_duration": 54.938764572143555,
            "total_loading_state_duration": 0.20053839683532715,
            "total_deploy_duration": 34.33214235305786,
            "total_update_duration": 19.513938188552856,
            "total_saving_state_duration": 0.07349729537963867,
            "total_sleeping_time": 2201.0168216228485
        },
        "dep7": {
            "total_uptime_duration": 36.80253291130066,
            "total_loading_state_duration": 0.3070218563079834,
            "total_deploy_duration": 23.13863182067871,
            "total_update_duration": 12.449715614318848,
            "total_saving_state_duration": 0.07477521896362305,
            "total_sleeping_time": 2147.8580288887024
        },
        "dep10": {
            "total_uptime_duration": 26.56411361694336,
            "total_loading_state_duration": 0.2612648010253906,
            "total_deploy_duration": 17.81632924079895,
            "total_update_duration": 7.581095457077026,
            "total_saving_state_duration": 0.07165098190307617,
            "total_sleeping_time": 2158.86771941185
        },
        "server": {
            "total_uptime_duration": 57.212907791137695,
            "total_loading_state_duration": 0.18321561813354492,
            "total_deploy_duration": 30.17476511001587,
            "total_update_duration": 15.132703065872192,
            "total_saving_state_duration": 0.19396424293518066,
            "total_sleeping_time": 2053.4001836776733
        },
        "dep6": {
            "total_uptime_duration": 27.685120820999146,
            "total_loading_state_duration": 0.25424790382385254,
            "total_deploy_duration": 18.339741230010986,
            "total_update_duration": 8.187108278274536,
            "total_saving_state_duration": 0.07028555870056152,
            "total_sleeping_time": 2157.3980565071106
        },
        "dep11": {
            "total_uptime_duration": 23.910324573516846,
            "total_loading_state_duration": 0.23120522499084473,
            "total_deploy_duration": 15.953627347946167,
            "total_update_duration": 6.826912879943848,
            "total_saving_state_duration": 0.06691122055053711,
            "total_sleeping_time": 2103.410692691803
        },
        "dep3": {
            "total_uptime_duration": 31.066129446029663,
            "total_loading_state_duration": 0.20923566818237305,
            "total_deploy_duration": 25.045042037963867,
            "total_update_duration": 4.917539596557617,
            "total_saving_state_duration": 0.06815099716186523,
            "total_sleeping_time": 2094.9831330776215
        }
    }
}