{
    "parameters": {
        "version_concerto_name": "concerto-decentralized",
        "transitions_times_file_name": "/home/anomond/parameters/transitions_times/transitions_times-1-30-deps12-0.json",
        "uptimes_file_name": "/home/anomond/parameters/uptimes/uptimes-60-30-12-0_5-0_6.json",
        "expe_num": 2,
        "cluster": "uvb"
    },
    "results": {
        "dep2": {
            "total_uptime_duration": 34.03092908859253,
            "total_loading_state_duration": 0.20177459716796875,
            "total_deploy_duration": 19.796905994415283,
            "total_update_duration": 13.137837409973145,
            "total_saving_state_duration": 0.0786752700805664,
            "total_sleeping_time": 2478.8853006362915
        },
        "dep8": {
            "total_uptime_duration": 30.77242422103882,
            "total_loading_state_duration": 0.19977712631225586,
            "total_deploy_duration": 26.01149010658264,
            "total_update_duration": 3.6691882610321045,
            "total_saving_state_duration": 0.07799792289733887,
            "total_sleeping_time": 2611.6970376968384
        },
        "dep1": {
            "total_uptime_duration": 46.57069993019104,
            "total_loading_state_duration": 0.1963791847229004,
            "total_deploy_duration": 34.445457458496094,
            "total_update_duration": 11.03686237335205,
            "total_saving_state_duration": 0.07547903060913086,
            "total_sleeping_time": 2460.3023653030396
        },
        "dep5": {
            "total_uptime_duration": 27.877260208129883,
            "total_loading_state_duration": 0.20481491088867188,
            "total_deploy_duration": 17.79366707801819,
            "total_update_duration": 8.982927799224854,
            "total_saving_state_duration": 0.08119511604309082,
            "total_sleeping_time": 2612.5071909427643
        },
        "dep9": {
            "total_uptime_duration": 28.400453090667725,
            "total_loading_state_duration": 0.21486639976501465,
            "total_deploy_duration": 21.801976680755615,
            "total_update_duration": 5.4785637855529785,
            "total_saving_state_duration": 0.08086109161376953,
            "total_sleeping_time": 2578.846331834793
        },
        "dep4": {
            "total_uptime_duration": 43.273465394973755,
            "total_loading_state_duration": 0.2051382064819336,
            "total_deploy_duration": 31.783233642578125,
            "total_update_duration": 10.382975816726685,
            "total_saving_state_duration": 0.08421444892883301,
            "total_sleeping_time": 2466.8509685993195
        },
        "dep0": {
            "total_uptime_duration": 26.276490926742554,
            "total_loading_state_duration": 0.20715737342834473,
            "total_deploy_duration": 18.137914657592773,
            "total_update_duration": 7.0321736335754395,
            "total_saving_state_duration": 0.08293747901916504,
            "total_sleeping_time": 2589.2830052375793
        },
        "dep7": {
            "total_uptime_duration": 50.74873948097229,
            "total_loading_state_duration": 0.2083885669708252,
            "total_deploy_duration": 30.316591024398804,
            "total_update_duration": 19.315565824508667,
            "total_saving_state_duration": 0.08581089973449707,
            "total_sleeping_time": 2539.957686185837
        },
        "dep10": {
            "total_uptime_duration": 31.81054139137268,
            "total_loading_state_duration": 0.21053504943847656,
            "total_deploy_duration": 25.528124570846558,
            "total_update_duration": 5.171936750411987,
            "total_saving_state_duration": 0.08138775825500488,
            "total_sleeping_time": 2552.292841911316
        },
        "server": {
            "total_uptime_duration": 59.310943365097046,
            "total_loading_state_duration": 0.214019775390625,
            "total_deploy_duration": 41.92730236053467,
            "total_update_duration": 14.520925998687744,
            "total_saving_state_duration": 0.23355484008789062,
            "total_sleeping_time": 2429.2819304466248
        },
        "dep6": {
            "total_uptime_duration": 23.887009859085083,
            "total_loading_state_duration": 0.19884610176086426,
            "total_deploy_duration": 19.279615879058838,
            "total_update_duration": 3.515563726425171,
            "total_saving_state_duration": 0.0811011791229248,
            "total_sleeping_time": 2471.2011477947235
        },
        "dep11": {
            "total_uptime_duration": 38.406116008758545,
            "total_loading_state_duration": 0.20867633819580078,
            "total_deploy_duration": 22.197534322738647,
            "total_update_duration": 15.092320442199707,
            "total_saving_state_duration": 0.08152985572814941,
            "total_sleeping_time": 2568.1818647384644
        },
        "dep3": {
            "total_uptime_duration": 25.393922090530396,
            "total_loading_state_duration": 0.2162618637084961,
            "total_deploy_duration": 20.00595188140869,
            "total_update_duration": 4.276853322982788,
            "total_saving_state_duration": 0.07977485656738281,
            "total_sleeping_time": 2588.5404818058014
        }
    }
}