{
    "parameters": {
        "version_concerto_name": "concerto-decentralized",
        "transitions_times_file_name": "/home/anomond/parameters/transitions_times/transitions_times-1-30-deps12-1.json",
        "uptimes_file_name": "/home/anomond/parameters/uptimes/uptimes-60-30-12-0_2-0_3.json",
        "expe_num": 2,
        "cluster": "uvb"
    },
    "results": {
        "dep2": {
            "total_uptime_duration": 25.877755403518677,
            "total_loading_state_duration": 0.19980335235595703,
            "total_deploy_duration": 17.97005581855774,
            "total_update_duration": 6.832260608673096,
            "total_saving_state_duration": 0.061866044998168945,
            "total_sleeping_time": 1977.0329539775848
        },
        "dep8": {
            "total_uptime_duration": 21.92882204055786,
            "total_loading_state_duration": 0.18134808540344238,
            "total_deploy_duration": 14.19810438156128,
            "total_update_duration": 6.683703184127808,
            "total_saving_state_duration": 0.0599215030670166,
            "total_sleeping_time": 1838.1423118114471
        },
        "dep1": {
            "total_uptime_duration": 39.07747769355774,
            "total_loading_state_duration": 0.20177412033081055,
            "total_deploy_duration": 13.970860958099365,
            "total_update_duration": 24.021766185760498,
            "total_saving_state_duration": 0.06381702423095703,
            "total_sleeping_time": 1894.5552740097046
        },
        "dep5": {
            "total_uptime_duration": 32.263365030288696,
            "total_loading_state_duration": 0.15811777114868164,
            "total_deploy_duration": 22.90925145149231,
            "total_update_duration": 8.328855991363525,
            "total_saving_state_duration": 0.057706356048583984,
            "total_sleeping_time": 1833.1266338825226
        },
        "dep9": {
            "total_uptime_duration": 53.59974765777588,
            "total_loading_state_duration": 0.17474722862243652,
            "total_deploy_duration": 35.90036678314209,
            "total_update_duration": 16.65176248550415,
            "total_saving_state_duration": 0.06023001670837402,
            "total_sleeping_time": 1820.1283581256866
        },
        "dep4": {
            "total_uptime_duration": 23.5887188911438,
            "total_loading_state_duration": 0.1868269443511963,
            "total_deploy_duration": 18.24902844429016,
            "total_update_duration": 4.281582832336426,
            "total_saving_state_duration": 0.06233835220336914,
            "total_sleeping_time": 1948.3191895484924
        },
        "dep0": {
            "total_uptime_duration": 52.68065428733826,
            "total_loading_state_duration": 0.20810627937316895,
            "total_deploy_duration": 32.84999418258667,
            "total_update_duration": 18.748870134353638,
            "total_saving_state_duration": 0.06020474433898926,
            "total_sleeping_time": 1801.9729409217834
        },
        "dep7": {
            "total_uptime_duration": 35.28691840171814,
            "total_loading_state_duration": 0.1928558349609375,
            "total_deploy_duration": 20.962362051010132,
            "total_update_duration": 13.25495719909668,
            "total_saving_state_duration": 0.06528353691101074,
            "total_sleeping_time": 1915.9601798057556
        },
        "dep10": {
            "total_uptime_duration": 25.005542278289795,
            "total_loading_state_duration": 0.20674395561218262,
            "total_deploy_duration": 15.630363702774048,
            "total_update_duration": 8.287844896316528,
            "total_saving_state_duration": 0.06274056434631348,
            "total_sleeping_time": 1932.2783639431
        },
        "server": {
            "total_uptime_duration": 55.75476026535034,
            "total_loading_state_duration": 0.1564486026763916,
            "total_deploy_duration": 28.757155418395996,
            "total_update_duration": 15.147572994232178,
            "total_saving_state_duration": 0.17111945152282715,
            "total_sleeping_time": 1796.5960454940796
        },
        "dep6": {
            "total_uptime_duration": 26.163331270217896,
            "total_loading_state_duration": 0.18154144287109375,
            "total_deploy_duration": 16.86505389213562,
            "total_update_duration": 8.23695421218872,
            "total_saving_state_duration": 0.06289362907409668,
            "total_sleeping_time": 1906.1574716567993
        },
        "dep11": {
            "total_uptime_duration": 22.193483591079712,
            "total_loading_state_duration": 0.15099549293518066,
            "total_deploy_duration": 15.056213617324829,
            "total_update_duration": 6.121356010437012,
            "total_saving_state_duration": 0.061009883880615234,
            "total_sleeping_time": 1835.5119392871857
        },
        "dep3": {
            "total_uptime_duration": 30.223022937774658,
            "total_loading_state_duration": 0.19678306579589844,
            "total_deploy_duration": 22.715027332305908,
            "total_update_duration": 6.431170701980591,
            "total_saving_state_duration": 0.05987739562988281,
            "total_sleeping_time": 1903.2949175834656
        }
    }
}