{
    "parameters": {
        "version_concerto_name": "concerto-decentralized",
        "transitions_times_file_name": "/home/anomond/parameters/transitions_times/transitions_times-1-30-deps12-0.json",
        "uptimes_file_name": "/home/anomond/parameters/uptimes/uptimes-60-30-12-0_02-0_05.json",
        "expe_num": 2,
        "cluster": "uvb"
    },
    "results": {
        "dep2": {
            "total_uptime_duration": 31.723156452178955,
            "total_loading_state_duration": 0.297360897064209,
            "total_deploy_duration": 16.637224435806274,
            "total_update_duration": 13.844479084014893,
            "total_saving_state_duration": 0.06698346138000488,
            "total_sleeping_time": 2094.476229429245
        },
        "dep8": {
            "total_uptime_duration": 28.36310577392578,
            "total_loading_state_duration": 0.22443222999572754,
            "total_deploy_duration": 23.62380051612854,
            "total_update_duration": 3.628129005432129,
            "total_saving_state_duration": 0.06978249549865723,
            "total_sleeping_time": 2221.3273570537567
        },
        "dep1": {
            "total_uptime_duration": 44.20681619644165,
            "total_loading_state_duration": 0.21703457832336426,
            "total_deploy_duration": 32.07703375816345,
            "total_update_duration": 11.03075122833252,
            "total_saving_state_duration": 0.06821823120117188,
            "total_sleeping_time": 2062.29248547554
        },
        "dep5": {
            "total_uptime_duration": 25.604243278503418,
            "total_loading_state_duration": 0.2539520263671875,
            "total_deploy_duration": 15.457396507263184,
            "total_update_duration": 8.99337887763977,
            "total_saving_state_duration": 0.07474207878112793,
            "total_sleeping_time": 2229.9389083385468
        },
        "dep9": {
            "total_uptime_duration": 25.267966985702515,
            "total_loading_state_duration": 0.21004319190979004,
            "total_deploy_duration": 19.39332675933838,
            "total_update_duration": 4.717311382293701,
            "total_saving_state_duration": 0.0687873363494873,
            "total_sleeping_time": 2101.8016657829285
        },
        "dep4": {
            "total_uptime_duration": 40.966644287109375,
            "total_loading_state_duration": 0.20920753479003906,
            "total_deploy_duration": 30.19443392753601,
            "total_update_duration": 9.633211851119995,
            "total_saving_state_duration": 0.06724333763122559,
            "total_sleeping_time": 2087.554790019989
        },
        "dep0": {
            "total_uptime_duration": 24.010745763778687,
            "total_loading_state_duration": 0.22657108306884766,
            "total_deploy_duration": 16.595893383026123,
            "total_update_duration": 6.284168481826782,
            "total_saving_state_duration": 0.0760812759399414,
            "total_sleeping_time": 2232.2734179496765
        },
        "dep7": {
            "total_uptime_duration": 48.497405767440796,
            "total_loading_state_duration": 0.26512861251831055,
            "total_deploy_duration": 28.05757784843445,
            "total_update_duration": 19.257492542266846,
            "total_saving_state_duration": 0.07492947578430176,
            "total_sleeping_time": 2136.6708540916443
        },
        "dep10": {
            "total_uptime_duration": 29.677040338516235,
            "total_loading_state_duration": 0.29375600814819336,
            "total_deploy_duration": 23.2853262424469,
            "total_update_duration": 5.187979459762573,
            "total_saving_state_duration": 0.07198810577392578,
            "total_sleeping_time": 2155.177994966507
        },
        "server": {
            "total_uptime_duration": 57.11711764335632,
            "total_loading_state_duration": 0.18146657943725586,
            "total_deploy_duration": 39.81054067611694,
            "total_update_duration": 14.521666049957275,
            "total_saving_state_duration": 0.19546985626220703,
            "total_sleeping_time": 2044.4884872436523
        },
        "dep6": {
            "total_uptime_duration": 22.42671275138855,
            "total_loading_state_duration": 0.2878108024597168,
            "total_deploy_duration": 16.225227117538452,
            "total_update_duration": 4.998295545578003,
            "total_saving_state_duration": 0.07601118087768555,
            "total_sleeping_time": 2163.388481616974
        },
        "dep11": {
            "total_uptime_duration": 35.3804566860199,
            "total_loading_state_duration": 0.24606037139892578,
            "total_deploy_duration": 19.200475454330444,
            "total_update_duration": 15.04582405090332,
            "total_saving_state_duration": 0.06857085227966309,
            "total_sleeping_time": 2092.0036063194275
        },
        "dep3": {
            "total_uptime_duration": 22.39470601081848,
            "total_loading_state_duration": 0.24101543426513672,
            "total_deploy_duration": 17.704867839813232,
            "total_update_duration": 3.5138583183288574,
            "total_saving_state_duration": 0.0683901309967041,
            "total_sleeping_time": 2104.3391165733337
        }
    }
}