{
    "parameters": {
        "version_concerto_name": "concerto-decentralized",
        "transitions_times_file_name": "/home/anomond/parameters/transitions_times/transitions_times-1-30-deps12-1.json",
        "uptimes_file_name": "/home/anomond/parameters/uptimes/uptimes-60-30-12-0_02-0_05.json",
        "expe_num": 1,
        "cluster": "uvb"
    },
    "global_results": {
        "finished_reconf": true,
        "max_deploy_time": 6700.18,
        "max_update_time": 90.19,
        "max_reconf_time": 6790.37,
        "max_sleeping_time": 1576.26,
        "max_execution_time": 8306.43
    },
    "results": {
        "dep7": {
            "total_uptime_duration": 451.988970041275,
            "total_loading_state_duration": 0.212968111038208,
            "total_deploy_duration": 391.5489089488983,
            "total_update_duration": 60.091634035110474,
            "total_saving_state_duration": 0.07775521278381348,
            "total_sleeping_time": 1544.9901568889618,
            "finished_reconf": true
        },
        "dep9": {
            "total_uptime_duration": 451.99384331703186,
            "total_loading_state_duration": 0.26026105880737305,
            "total_deploy_duration": 391.5361473560333,
            "total_update_duration": 60.06790328025818,
            "total_saving_state_duration": 0.07307863235473633,
            "total_sleeping_time": 1542.6713380813599,
            "finished_reconf": true
        },
        "dep6": {
            "total_uptime_duration": 421.88471579551697,
            "total_loading_state_duration": 0.1811048984527588,
            "total_deploy_duration": 391.5396144390106,
            "total_update_duration": 30.04699969291687,
            "total_saving_state_duration": 0.07351160049438477,
            "total_sleeping_time": 1444.697553396225,
            "finished_reconf": true
        },
        "dep5": {
            "total_uptime_duration": 451.9603819847107,
            "total_loading_state_duration": 0.23920917510986328,
            "total_deploy_duration": 391.46590089797974,
            "total_update_duration": 60.123587131500244,
            "total_saving_state_duration": 0.0861966609954834,
            "total_sleeping_time": 1475.814065694809,
            "finished_reconf": true
        },
        "dep4": {
            "total_uptime_duration": 421.7674148082733,
            "total_loading_state_duration": 0.16496634483337402,
            "total_deploy_duration": 391.47226762771606,
            "total_update_duration": 30.016335487365723,
            "total_saving_state_duration": 0.07376980781555176,
            "total_sleeping_time": 1430.2743470668793,
            "finished_reconf": true
        },
        "dep8": {
            "total_uptime_duration": 421.59126234054565,
            "total_loading_state_duration": 0.18893027305603027,
            "total_deploy_duration": 361.24224877357483,
            "total_update_duration": 60.03731870651245,
            "total_saving_state_duration": 0.07666611671447754,
            "total_sleeping_time": 1424.6509096622467,
            "finished_reconf": true
        },
        "dep3": {
            "total_uptime_duration": 451.8179473876953,
            "total_loading_state_duration": 0.21822786331176758,
            "total_deploy_duration": 361.3684506416321,
            "total_update_duration": 90.09755802154541,
            "total_saving_state_duration": 0.08685016632080078,
            "total_sleeping_time": 1474.5583443641663,
            "finished_reconf": true
        },
        "server": {
            "total_uptime_duration": 438.8449878692627,
            "total_loading_state_duration": 0.15980863571166992,
            "total_deploy_duration": 378.33645939826965,
            "total_update_duration": 60.12267565727234,
            "total_saving_state_duration": 0.18309664726257324,
            "total_sleeping_time": 1412.9781785011292,
            "finished_reconf": true
        },
        "dep1": {
            "total_uptime_duration": 451.8868157863617,
            "total_loading_state_duration": 0.18153166770935059,
            "total_deploy_duration": 361.4609639644623,
            "total_update_duration": 90.1190721988678,
            "total_saving_state_duration": 0.08272123336791992,
            "total_sleeping_time": 1476.9399018287659,
            "finished_reconf": true
        },
        "dep0": {
            "total_uptime_duration": 451.9856777191162,
            "total_loading_state_duration": 0.17635083198547363,
            "total_deploy_duration": 391.6427524089813,
            "total_update_duration": 60.0415735244751,
            "total_saving_state_duration": 0.08527946472167969,
            "total_sleeping_time": 1476.5877771377563,
            "finished_reconf": true
        },
        "dep10": {
            "total_uptime_duration": 451.8726921081543,
            "total_loading_state_duration": 0.22188925743103027,
            "total_deploy_duration": 361.32358479499817,
            "total_update_duration": 90.19121551513672,
            "total_saving_state_duration": 0.08216547966003418,
            "total_sleeping_time": 1475.5522396564484,
            "finished_reconf": true
        },
        "dep11": {
            "total_uptime_duration": 421.6692318916321,
            "total_loading_state_duration": 0.1972794532775879,
            "total_deploy_duration": 361.2863419055939,
            "total_update_duration": 60.05206751823425,
            "total_saving_state_duration": 0.07705092430114746,
            "total_sleeping_time": 1446.867821931839,
            "finished_reconf": true
        },
        "dep2": {
            "total_uptime_duration": 6730.167893409729,
            "total_loading_state_duration": 0.17723846435546875,
            "total_deploy_duration": 6700.178146839142,
            "total_update_duration": 29.69441843032837,
            "total_saving_state_duration": 0.07614517211914062,
            "total_sleeping_time": 1576.264454126358,
            "finished_reconf": true
        }
    }
}