{
    "parameters": {
        "version_concerto_name": "concerto-decentralized",
        "transitions_times_file_name": "/home/anomond/parameters/transitions_times/transitions_times-1-30-deps12-1.json",
        "uptimes_file_name": "/home/anomond/parameters/uptimes/uptimes-60-30-12-0_2-0_3.json",
        "expe_num": 2,
        "cluster": "uvb"
    },
    "global_results": {
        "finished_reconf": true,
        "max_deploy_time": 35.84,
        "max_update_time": 26.61,
        "max_reconf_time": 62.45,
        "max_sleeping_time": 1975.7,
        "max_execution_time": 2001.47
    },
    "results": {
        "dep6": {
            "total_uptime_duration": 26.104780912399292,
            "total_loading_state_duration": 0.20282530784606934,
            "total_deploy_duration": 16.782083988189697,
            "total_update_duration": 9.009357690811157,
            "total_saving_state_duration": 0.06399154663085938,
            "total_sleeping_time": 1904.512904882431,
            "finished_reconf": true
        },
        "dep7": {
            "total_uptime_duration": 35.24505639076233,
            "total_loading_state_duration": 0.18383574485778809,
            "total_deploy_duration": 20.931679010391235,
            "total_update_duration": 14.018537521362305,
            "total_saving_state_duration": 0.06276464462280273,
            "total_sleeping_time": 1914.8450536727905,
            "finished_reconf": true
        },
        "dep9": {
            "total_uptime_duration": 53.57513189315796,
            "total_loading_state_duration": 0.20825409889221191,
            "total_deploy_duration": 35.84099078178406,
            "total_update_duration": 17.415661096572876,
            "total_saving_state_duration": 0.06022453308105469,
            "total_sleeping_time": 1818.0490713119507,
            "finished_reconf": true
        },
        "dep5": {
            "total_uptime_duration": 32.36276936531067,
            "total_loading_state_duration": 0.1823101043701172,
            "total_deploy_duration": 22.986454248428345,
            "total_update_duration": 9.091895818710327,
            "total_saving_state_duration": 0.05868244171142578,
            "total_sleeping_time": 1832.0675117969513,
            "finished_reconf": true
        },
        "dep4": {
            "total_uptime_duration": 23.582597017288208,
            "total_loading_state_duration": 0.16684269905090332,
            "total_deploy_duration": 18.26826786994934,
            "total_update_duration": 5.046053647994995,
            "total_saving_state_duration": 0.06237316131591797,
            "total_sleeping_time": 1946.78728723526,
            "finished_reconf": true
        },
        "dep8": {
            "total_uptime_duration": 21.958904504776,
            "total_loading_state_duration": 0.1705183982849121,
            "total_deploy_duration": 14.246326208114624,
            "total_update_duration": 7.442538261413574,
            "total_saving_state_duration": 0.05965566635131836,
            "total_sleeping_time": 1836.4748554229736,
            "finished_reconf": true
        },
        "dep3": {
            "total_uptime_duration": 30.194729566574097,
            "total_loading_state_duration": 0.16313719749450684,
            "total_deploy_duration": 22.71409821510315,
            "total_update_duration": 7.211740016937256,
            "total_saving_state_duration": 0.06499719619750977,
            "total_sleeping_time": 1901.7310934066772,
            "finished_reconf": true
        },
        "server": {
            "total_uptime_duration": 55.74896502494812,
            "total_loading_state_duration": 0.16119980812072754,
            "total_deploy_duration": 28.761258125305176,
            "total_update_duration": 26.60707187652588,
            "total_saving_state_duration": 0.17644667625427246,
            "total_sleeping_time": 1794.983820438385,
            "finished_reconf": true
        },
        "dep1": {
            "total_uptime_duration": 39.12420296669006,
            "total_loading_state_duration": 0.17480134963989258,
            "total_deploy_duration": 14.04663896560669,
            "total_update_duration": 24.79456400871277,
            "total_saving_state_duration": 0.06426382064819336,
            "total_sleeping_time": 1892.7963907718658,
            "finished_reconf": true
        },
        "dep11": {
            "total_uptime_duration": 22.21239972114563,
            "total_loading_state_duration": 0.14710617065429688,
            "total_deploy_duration": 15.076440811157227,
            "total_update_duration": 6.889715671539307,
            "total_saving_state_duration": 0.060128211975097656,
            "total_sleeping_time": 1834.7236785888672,
            "finished_reconf": true
        },
        "dep2": {
            "total_uptime_duration": 25.77031898498535,
            "total_loading_state_duration": 0.16102313995361328,
            "total_deploy_duration": 17.904990911483765,
            "total_update_duration": 7.596011161804199,
            "total_saving_state_duration": 0.06583476066589355,
            "total_sleeping_time": 1975.6999742984772,
            "finished_reconf": true
        },
        "dep10": {
            "total_uptime_duration": 24.85966730117798,
            "total_loading_state_duration": 0.18372058868408203,
            "total_deploy_duration": 15.509345054626465,
            "total_update_duration": 9.059792041778564,
            "total_saving_state_duration": 0.0642704963684082,
            "total_sleeping_time": 1931.397735118866,
            "finished_reconf": true
        },
        "dep0": {
            "total_uptime_duration": 52.61247444152832,
            "total_loading_state_duration": 0.18252778053283691,
            "total_deploy_duration": 32.80708146095276,
            "total_update_duration": 19.52081871032715,
            "total_saving_state_duration": 0.05876874923706055,
            "total_sleeping_time": 1800.708608865738,
            "finished_reconf": true
        }
    }
}