{
    "parameters": {
        "version_concerto_name": "concerto-decentralized",
        "transitions_times_file_name": "/home/anomond/parameters/transitions_times/transitions_times-1-30-deps12-1.json",
        "uptimes_file_name": "/home/anomond/parameters/uptimes/uptimes-60-30-12-0_02-0_05.json",
        "expe_num": 2,
        "cluster": "uvb"
    },
    "global_results": {
        "finished_reconf": true,
        "max_deploy_time": 38.02,
        "max_update_time": 26.61,
        "max_reconf_time": 64.63,
        "max_sleeping_time": 2221.91,
        "max_execution_time": 2254.1
    },
    "results": {
        "dep6": {
            "total_uptime_duration": 27.71861743927002,
            "total_loading_state_duration": 0.3053915500640869,
            "total_deploy_duration": 18.311424732208252,
            "total_update_duration": 8.960249900817871,
            "total_saving_state_duration": 0.07628345489501953,
            "total_sleeping_time": 2154.633880138397,
            "finished_reconf": true
        },
        "dep7": {
            "total_uptime_duration": 36.82202959060669,
            "total_loading_state_duration": 0.2537236213684082,
            "total_deploy_duration": 23.23021960258484,
            "total_update_duration": 13.215805053710938,
            "total_saving_state_duration": 0.07153177261352539,
            "total_sleeping_time": 2145.9265744686127,
            "finished_reconf": true
        },
        "dep9": {
            "total_uptime_duration": 55.15138649940491,
            "total_loading_state_duration": 0.2826263904571533,
            "total_deploy_duration": 38.02412748336792,
            "total_update_duration": 16.71824550628662,
            "total_saving_state_duration": 0.06751298904418945,
            "total_sleeping_time": 2070.110908269882,
            "finished_reconf": true
        },
        "dep5": {
            "total_uptime_duration": 34.60124921798706,
            "total_loading_state_duration": 0.26923632621765137,
            "total_deploy_duration": 24.343497037887573,
            "total_update_duration": 9.85462999343872,
            "total_saving_state_duration": 0.07307004928588867,
            "total_sleeping_time": 2218.890833377838,
            "finished_reconf": true
        },
        "dep4": {
            "total_uptime_duration": 24.3433735370636,
            "total_loading_state_duration": 0.2178952693939209,
            "total_deploy_duration": 19.712029695510864,
            "total_update_duration": 4.288225412368774,
            "total_saving_state_duration": 0.07045745849609375,
            "total_sleeping_time": 2100.9358699321747,
            "finished_reconf": true
        },
        "dep8": {
            "total_uptime_duration": 24.146564245224,
            "total_loading_state_duration": 0.21628308296203613,
            "total_deploy_duration": 16.41300058364868,
            "total_update_duration": 7.393172740936279,
            "total_saving_state_duration": 0.07266497611999512,
            "total_sleeping_time": 2221.9109942913055,
            "finished_reconf": true
        },
        "dep3": {
            "total_uptime_duration": 31.08082151412964,
            "total_loading_state_duration": 0.26538538932800293,
            "total_deploy_duration": 25.005696058273315,
            "total_update_duration": 5.6862006187438965,
            "total_saving_state_duration": 0.06893563270568848,
            "total_sleeping_time": 2092.8754110336304,
            "finished_reconf": true
        },
        "server": {
            "total_uptime_duration": 57.20052146911621,
            "total_loading_state_duration": 0.18356895446777344,
            "total_deploy_duration": 30.16525387763977,
            "total_update_duration": 26.607632160186768,
            "total_saving_state_duration": 0.194413423538208,
            "total_sleeping_time": 2052.097059249878,
            "finished_reconf": true
        },
        "dep1": {
            "total_uptime_duration": 39.80471158027649,
            "total_loading_state_duration": 0.22812795639038086,
            "total_deploy_duration": 15.434340715408325,
            "total_update_duration": 24.025177001953125,
            "total_saving_state_duration": 0.06902384757995605,
            "total_sleeping_time": 2064.0401599407196,
            "finished_reconf": true
        },
        "dep11": {
            "total_uptime_duration": 23.87848472595215,
            "total_loading_state_duration": 0.23051214218139648,
            "total_deploy_duration": 15.940017700195312,
            "total_update_duration": 7.594968557357788,
            "total_saving_state_duration": 0.06665372848510742,
            "total_sleeping_time": 2102.388561487198,
            "finished_reconf": true
        },
        "dep2": {
            "total_uptime_duration": 26.50477933883667,
            "total_loading_state_duration": 0.20774197578430176,
            "total_deploy_duration": 19.39270567893982,
            "total_update_duration": 6.791659832000732,
            "total_saving_state_duration": 0.06986784934997559,
            "total_sleeping_time": 2098.399337053299,
            "finished_reconf": true
        },
        "dep10": {
            "total_uptime_duration": 26.69699478149414,
            "total_loading_state_duration": 0.2868623733520508,
            "total_deploy_duration": 17.89888906478882,
            "total_update_duration": 8.372504949569702,
            "total_saving_state_duration": 0.07587933540344238,
            "total_sleeping_time": 2156.5392458438873,
            "finished_reconf": true
        },
        "dep0": {
            "total_uptime_duration": 54.97366809844971,
            "total_loading_state_duration": 0.23495078086853027,
            "total_deploy_duration": 34.3402156829834,
            "total_update_duration": 20.275409698486328,
            "total_saving_state_duration": 0.0699148178100586,
            "total_sleeping_time": 2199.1298649311066,
            "finished_reconf": true
        }
    }
}