{
    "parameters": {
        "version_concerto_name": "concerto-decentralized",
        "transitions_times_file_name": "/home/anomond/parameters/transitions_times/transitions_times-1-30-deps12-0.json",
        "uptimes_file_name": "/home/anomond/parameters/uptimes/uptimes-60-30-12-0_2-0_3.json",
        "expe_num": 2,
        "cluster": "uvb"
    },
    "global_results": {
        "finished_reconf": true,
        "max_deploy_time": 38.41,
        "max_update_time": 20.84,
        "max_reconf_time": 59.25,
        "max_sleeping_time": 1970.93,
        "max_execution_time": 2001.92
    },
    "results": {
        "dep6": {
            "total_uptime_duration": 20.736825227737427,
            "total_loading_state_duration": 0.17457151412963867,
            "total_deploy_duration": 14.660523176193237,
            "total_update_duration": 5.795658349990845,
            "total_saving_state_duration": 0.06291031837463379,
            "total_sleeping_time": 1909.6541261672974,
            "finished_reconf": true
        },
        "dep7": {
            "total_uptime_duration": 46.91258120536804,
            "total_loading_state_duration": 0.18130874633789062,
            "total_deploy_duration": 25.78623914718628,
            "total_update_duration": 20.842544317245483,
            "total_saving_state_duration": 0.05950045585632324,
            "total_sleeping_time": 1903.0053081512451,
            "finished_reconf": true
        },
        "dep9": {
            "total_uptime_duration": 23.757925748825073,
            "total_loading_state_duration": 0.19153690338134766,
            "total_deploy_duration": 17.219353914260864,
            "total_update_duration": 6.2397706508636475,
            "total_saving_state_duration": 0.06100964546203613,
            "total_sleeping_time": 1847.8170001506805,
            "finished_reconf": true
        },
        "dep5": {
            "total_uptime_duration": 23.231181621551514,
            "total_loading_state_duration": 0.14954495429992676,
            "total_deploy_duration": 13.995938301086426,
            "total_update_duration": 8.990985631942749,
            "total_saving_state_duration": 0.05816006660461426,
            "total_sleeping_time": 1840.9762642383575,
            "finished_reconf": true
        },
        "dep4": {
            "total_uptime_duration": 40.22605037689209,
            "total_loading_state_duration": 0.19826722145080566,
            "total_deploy_duration": 28.80863642692566,
            "total_update_duration": 11.114066362380981,
            "total_saving_state_duration": 0.06351876258850098,
            "total_sleeping_time": 1930.383805513382,
            "finished_reconf": true
        },
        "dep8": {
            "total_uptime_duration": 26.187697172164917,
            "total_loading_state_duration": 0.17511224746704102,
            "total_deploy_duration": 21.463085412979126,
            "total_update_duration": 4.452075004577637,
            "total_saving_state_duration": 0.05779552459716797,
            "total_sleeping_time": 1832.1749317646027,
            "finished_reconf": true
        },
        "dep3": {
            "total_uptime_duration": 21.536487817764282,
            "total_loading_state_duration": 0.2000138759613037,
            "total_deploy_duration": 16.167519092559814,
            "total_update_duration": 5.06456732749939,
            "total_saving_state_duration": 0.06212449073791504,
            "total_sleeping_time": 1910.1770887374878,
            "finished_reconf": true
        },
        "server": {
            "total_uptime_duration": 55.66421866416931,
            "total_loading_state_duration": 0.1607825756072998,
            "total_deploy_duration": 38.40562629699707,
            "total_update_duration": 16.88048243522644,
            "total_saving_state_duration": 0.1738579273223877,
            "total_sleeping_time": 1786.2222502231598,
            "finished_reconf": true
        },
        "dep1": {
            "total_uptime_duration": 42.756040811538696,
            "total_loading_state_duration": 0.17814111709594727,
            "total_deploy_duration": 30.684374809265137,
            "total_update_duration": 11.796611070632935,
            "total_saving_state_duration": 0.05936908721923828,
            "total_sleeping_time": 1800.252346277237,
            "finished_reconf": true
        },
        "dep11": {
            "total_uptime_duration": 33.62507224082947,
            "total_loading_state_duration": 0.16481733322143555,
            "total_deploy_duration": 18.25652289390564,
            "total_update_duration": 15.106934547424316,
            "total_saving_state_duration": 0.05903363227844238,
            "total_sleeping_time": 1822.4865055084229,
            "finished_reconf": true
        },
        "dep2": {
            "total_uptime_duration": 30.988695859909058,
            "total_loading_state_duration": 0.18427419662475586,
            "total_deploy_duration": 15.2747163772583,
            "total_update_duration": 15.4198637008667,
            "total_saving_state_duration": 0.06595158576965332,
            "total_sleeping_time": 1970.9347088336945,
            "finished_reconf": true
        },
        "dep10": {
            "total_uptime_duration": 27.898919820785522,
            "total_loading_state_duration": 0.19142389297485352,
            "total_deploy_duration": 20.9179048538208,
            "total_update_duration": 6.676938056945801,
            "total_saving_state_duration": 0.06607842445373535,
            "total_sleeping_time": 1928.4407949447632,
            "finished_reconf": true
        },
        "dep0": {
            "total_uptime_duration": 21.59904408454895,
            "total_loading_state_duration": 0.17459464073181152,
            "total_deploy_duration": 15.040246963500977,
            "total_update_duration": 6.284244537353516,
            "total_saving_state_duration": 0.05508685111999512,
            "total_sleeping_time": 1832.0048871040344,
            "finished_reconf": true
        }
    }
}