{
    "parameters": {
        "version_concerto_name": "concerto-decentralized",
        "transitions_times_file_name": "/home/anomond/parameters/transitions_times/transitions_times-1-30-deps12-0.json",
        "uptimes_file_name": "/home/anomond/parameters/uptimes/uptimes-60-30-12-1-1-1.json",
        "expe_num": 1,
        "cluster": "uvb"
    },
    "global_results": {
        "finished_reconf": true,
        "max_deploy_time": 37.03,
        "max_update_time": 22.91,
        "max_reconf_time": 59.95,
        "max_sleeping_time": 33.21,
        "max_execution_time": 88.94
    },
    "results": {
        "dep7": {
            "total_uptime_duration": 55.37778091430664,
            "total_loading_state_duration": 0.019821882247924805,
            "total_deploy_duration": 32.52366375923157,
            "total_update_duration": 22.821165800094604,
            "total_saving_state_duration": 0.005540132522583008,
            "total_sleeping_time": 31.830491542816162,
            "finished_reconf": true
        },
        "dep9": {
            "total_uptime_duration": 55.2432963848114,
            "total_loading_state_duration": 0.013498067855834961,
            "total_deploy_duration": 32.40943694114685,
            "total_update_duration": 22.808073043823242,
            "total_saving_state_duration": 0.0054988861083984375,
            "total_sleeping_time": 31.713781118392944,
            "finished_reconf": true
        },
        "dep6": {
            "total_uptime_duration": 55.43300533294678,
            "total_loading_state_duration": 0.01763129234313965,
            "total_deploy_duration": 32.5874764919281,
            "total_update_duration": 22.812612295150757,
            "total_saving_state_duration": 0.004896402359008789,
            "total_sleeping_time": 32.17320990562439,
            "finished_reconf": true
        },
        "dep5": {
            "total_uptime_duration": 55.92936968803406,
            "total_loading_state_duration": 0.01638174057006836,
            "total_deploy_duration": 32.98553681373596,
            "total_update_duration": 22.91320562362671,
            "total_saving_state_duration": 0.005364418029785156,
            "total_sleeping_time": 32.40674901008606,
            "finished_reconf": true
        },
        "dep4": {
            "total_uptime_duration": 55.30095648765564,
            "total_loading_state_duration": 0.012692451477050781,
            "total_deploy_duration": 32.4350221157074,
            "total_update_duration": 22.841296195983887,
            "total_saving_state_duration": 0.005446910858154297,
            "total_sleeping_time": 32.69077658653259,
            "finished_reconf": true
        },
        "dep8": {
            "total_uptime_duration": 55.37083959579468,
            "total_loading_state_duration": 0.015624284744262695,
            "total_deploy_duration": 32.451932191848755,
            "total_update_duration": 22.888841152191162,
            "total_saving_state_duration": 0.005912065505981445,
            "total_sleeping_time": 32.18558168411255,
            "finished_reconf": true
        },
        "dep3": {
            "total_uptime_duration": 55.51592516899109,
            "total_loading_state_duration": 0.015718460083007812,
            "total_deploy_duration": 32.656702756881714,
            "total_update_duration": 22.83030891418457,
            "total_saving_state_duration": 0.005354404449462891,
            "total_sleeping_time": 32.15391135215759,
            "finished_reconf": true
        },
        "server": {
            "total_uptime_duration": 59.92661261558533,
            "total_loading_state_duration": 0.013864755630493164,
            "total_deploy_duration": 37.03203463554382,
            "total_update_duration": 22.858811378479004,
            "total_saving_state_duration": 0.013746500015258789,
            "total_sleeping_time": 27.645420789718628,
            "finished_reconf": true
        },
        "dep1": {
            "total_uptime_duration": 55.89932036399841,
            "total_loading_state_duration": 0.01270604133605957,
            "total_deploy_duration": 33.04949688911438,
            "total_update_duration": 22.824251890182495,
            "total_saving_state_duration": 0.005732297897338867,
            "total_sleeping_time": 31.57731008529663,
            "finished_reconf": true
        },
        "dep0": {
            "total_uptime_duration": 55.540228605270386,
            "total_loading_state_duration": 0.02192091941833496,
            "total_deploy_duration": 32.63328146934509,
            "total_update_duration": 22.866032123565674,
            "total_saving_state_duration": 0.005598545074462891,
            "total_sleeping_time": 31.531787395477295,
            "finished_reconf": true
        },
        "dep10": {
            "total_uptime_duration": 55.40035080909729,
            "total_loading_state_duration": 0.017609357833862305,
            "total_deploy_duration": 32.535425662994385,
            "total_update_duration": 22.83213973045349,
            "total_saving_state_duration": 0.005135536193847656,
            "total_sleeping_time": 32.31194448471069,
            "finished_reconf": true
        },
        "dep11": {
            "total_uptime_duration": 55.33426308631897,
            "total_loading_state_duration": 0.014957189559936523,
            "total_deploy_duration": 32.5042040348053,
            "total_update_duration": 22.799461841583252,
            "total_saving_state_duration": 0.00603485107421875,
            "total_sleeping_time": 31.74176597595215,
            "finished_reconf": true
        },
        "dep2": {
            "total_uptime_duration": 55.731104612350464,
            "total_loading_state_duration": 0.012572050094604492,
            "total_deploy_duration": 32.868924379348755,
            "total_update_duration": 22.838172674179077,
            "total_saving_state_duration": 0.00484013557434082,
            "total_sleeping_time": 33.209978103637695,
            "finished_reconf": true
        }
    }
}