{
    "parameters": {
        "version_concerto_name": "concerto-decentralized",
        "transitions_times_file_name": "/home/anomond/parameters/transitions_times/transitions_times-1-30-deps12-1.json",
        "uptimes_file_name": "/home/anomond/parameters/uptimes/uptimes-60-30-12-0_2-0_3.json",
        "expe_num": 2,
        "cluster": "uvb"
    },
    "global_results": {
        "finished_reconf": true,
        "max_deploy_time": 204.07,
        "max_update_time": 45.2,
        "max_reconf_time": 249.28,
        "max_sleeping_time": 1774.32,
        "max_execution_time": 2001.2
    },
    "results": {
        "dep6": {
            "total_uptime_duration": 226.71255135536194,
            "total_loading_state_duration": 0.1588301658630371,
            "total_deploy_duration": 181.3647825717926,
            "total_update_duration": 45.0792932510376,
            "total_saving_state_duration": 0.06934499740600586,
            "total_sleeping_time": 1703.7813565731049,
            "finished_reconf": true
        },
        "dep7": {
            "total_uptime_duration": 226.70757722854614,
            "total_loading_state_duration": 0.2158825397491455,
            "total_deploy_duration": 181.32879638671875,
            "total_update_duration": 45.044514894485474,
            "total_saving_state_duration": 0.06810712814331055,
            "total_sleeping_time": 1722.5126509666443,
            "finished_reconf": true
        },
        "dep9": {
            "total_uptime_duration": 224.91968774795532,
            "total_loading_state_duration": 0.18471574783325195,
            "total_deploy_duration": 192.89294338226318,
            "total_update_duration": 31.739242792129517,
            "total_saving_state_duration": 0.06300091743469238,
            "total_sleeping_time": 1646.47323513031,
            "finished_reconf": true
        },
        "dep5": {
            "total_uptime_duration": 214.7860507965088,
            "total_loading_state_duration": 0.1528182029724121,
            "total_deploy_duration": 188.16998147964478,
            "total_update_duration": 26.354900360107422,
            "total_saving_state_duration": 0.06725335121154785,
            "total_sleeping_time": 1648.8465931415558,
            "finished_reconf": true
        },
        "dep4": {
            "total_uptime_duration": 226.8454339504242,
            "total_loading_state_duration": 0.17940592765808105,
            "total_deploy_duration": 196.4214837551117,
            "total_update_duration": 30.127753257751465,
            "total_saving_state_duration": 0.07243490219116211,
            "total_sleeping_time": 1742.7999339103699,
            "finished_reconf": true
        },
        "dep8": {
            "total_uptime_duration": 211.7226529121399,
            "total_loading_state_duration": 0.15719842910766602,
            "total_deploy_duration": 181.34529209136963,
            "total_update_duration": 30.113584756851196,
            "total_saving_state_duration": 0.06528306007385254,
            "total_sleeping_time": 1646.3623275756836,
            "finished_reconf": true
        },
        "dep3": {
            "total_uptime_duration": 226.88251852989197,
            "total_loading_state_duration": 0.1611316204071045,
            "total_deploy_duration": 181.41083192825317,
            "total_update_duration": 45.20332050323486,
            "total_saving_state_duration": 0.06684732437133789,
            "total_sleeping_time": 1704.8657145500183,
            "finished_reconf": true
        },
        "server": {
            "total_uptime_duration": 241.63534140586853,
            "total_loading_state_duration": 0.16266369819641113,
            "total_deploy_duration": 200.3587429523468,
            "total_update_duration": 40.88942766189575,
            "total_saving_state_duration": 0.17963337898254395,
            "total_sleeping_time": 1608.9707441329956,
            "finished_reconf": true
        },
        "dep1": {
            "total_uptime_duration": 226.08877778053284,
            "total_loading_state_duration": 0.15015006065368652,
            "total_deploy_duration": 196.39313745498657,
            "total_update_duration": 29.440995931625366,
            "total_saving_state_duration": 0.06633782386779785,
            "total_sleeping_time": 1622.082308769226,
            "finished_reconf": true
        },
        "dep11": {
            "total_uptime_duration": 211.80055928230286,
            "total_loading_state_duration": 0.14755630493164062,
            "total_deploy_duration": 196.46422171592712,
            "total_update_duration": 15.086444616317749,
            "total_saving_state_duration": 0.06399989128112793,
            "total_sleeping_time": 1644.6291093826294,
            "finished_reconf": true
        },
        "dep2": {
            "total_uptime_duration": 226.87338066101074,
            "total_loading_state_duration": 0.17017340660095215,
            "total_deploy_duration": 181.42918610572815,
            "total_update_duration": 45.16015005111694,
            "total_saving_state_duration": 0.07336783409118652,
            "total_sleeping_time": 1774.324961900711,
            "finished_reconf": true
        },
        "dep10": {
            "total_uptime_duration": 226.67903089523315,
            "total_loading_state_duration": 0.1862168312072754,
            "total_deploy_duration": 181.3180639743805,
            "total_update_duration": 45.0574004650116,
            "total_saving_state_duration": 0.07327508926391602,
            "total_sleeping_time": 1729.189664363861,
            "finished_reconf": true
        },
        "dep0": {
            "total_uptime_duration": 223.87708187103271,
            "total_loading_state_duration": 0.17719364166259766,
            "total_deploy_duration": 204.07286834716797,
            "total_update_duration": 19.520649909973145,
            "total_saving_state_duration": 0.0639803409576416,
            "total_sleeping_time": 1629.191838979721,
            "finished_reconf": true
        }
    }
}