{
    "parameters": {
        "version_concerto_name": "concerto-decentralized",
        "transitions_times_file_name": "/home/anomond/parameters/transitions_times/transitions_times-1-30-deps12-0.json",
        "uptimes_file_name": "/home/anomond/parameters/uptimes/uptimes-60-30-12-0_02-0_05.json",
        "expe_num": 2,
        "cluster": "uvb"
    },
    "global_results": {
        "finished_reconf": true,
        "max_deploy_time": 39.81,
        "max_update_time": 20.03,
        "max_reconf_time": 59.84,
        "max_sleeping_time": 2231.33,
        "max_execution_time": 2255.75
    },
    "results": {
        "dep6": {
            "total_uptime_duration": 22.430675745010376,
            "total_loading_state_duration": 0.257305383682251,
            "total_deploy_duration": 16.280789852142334,
            "total_update_duration": 5.763739347457886,
            "total_saving_state_duration": 0.07518839836120605,
            "total_sleeping_time": 2161.4081616401672,
            "finished_reconf": true
        },
        "dep5": {
            "total_uptime_duration": 25.57904028892517,
            "total_loading_state_duration": 0.2457733154296875,
            "total_deploy_duration": 15.449642419815063,
            "total_update_duration": 9.760588645935059,
            "total_saving_state_duration": 0.07227206230163574,
            "total_sleeping_time": 2230.168483734131,
            "finished_reconf": true
        },
        "dep7": {
            "total_uptime_duration": 48.40694308280945,
            "total_loading_state_duration": 0.2704627513885498,
            "total_deploy_duration": 27.98315715789795,
            "total_update_duration": 20.02732563018799,
            "total_saving_state_duration": 0.07102012634277344,
            "total_sleeping_time": 2136.1038377285004,
            "finished_reconf": true
        },
        "dep9": {
            "total_uptime_duration": 25.23275375366211,
            "total_loading_state_duration": 0.2310640811920166,
            "total_deploy_duration": 19.365525722503662,
            "total_update_duration": 5.5161707401275635,
            "total_saving_state_duration": 0.07041168212890625,
            "total_sleeping_time": 2101.06711101532,
            "finished_reconf": true
        },
        "dep4": {
            "total_uptime_duration": 40.99554920196533,
            "total_loading_state_duration": 0.2187204360961914,
            "total_deploy_duration": 30.230403184890747,
            "total_update_duration": 10.425924301147461,
            "total_saving_state_duration": 0.06901884078979492,
            "total_sleeping_time": 2086.4944014549255,
            "finished_reconf": true
        },
        "dep8": {
            "total_uptime_duration": 28.41134762763977,
            "total_loading_state_duration": 0.2471475601196289,
            "total_deploy_duration": 23.654219388961792,
            "total_update_duration": 4.383807420730591,
            "total_saving_state_duration": 0.06972765922546387,
            "total_sleeping_time": 2219.939722299576,
            "finished_reconf": true
        },
        "dep3": {
            "total_uptime_duration": 22.417707681655884,
            "total_loading_state_duration": 0.28491902351379395,
            "total_deploy_duration": 17.712143659591675,
            "total_update_duration": 4.295112133026123,
            "total_saving_state_duration": 0.07000231742858887,
            "total_sleeping_time": 2103.941173315048,
            "finished_reconf": true
        },
        "server": {
            "total_uptime_duration": 57.128355264663696,
            "total_loading_state_duration": 0.18539786338806152,
            "total_deploy_duration": 39.81175374984741,
            "total_update_duration": 16.885257959365845,
            "total_saving_state_duration": 0.19602274894714355,
            "total_sleeping_time": 2043.5930342674255,
            "finished_reconf": true
        },
        "dep1": {
            "total_uptime_duration": 44.28021216392517,
            "total_loading_state_duration": 0.23188138008117676,
            "total_deploy_duration": 32.1265709400177,
            "total_update_duration": 11.797304391860962,
            "total_saving_state_duration": 0.06932616233825684,
            "total_sleeping_time": 2061.8293142318726,
            "finished_reconf": true
        },
        "dep11": {
            "total_uptime_duration": 35.41200280189514,
            "total_loading_state_duration": 0.26572608947753906,
            "total_deploy_duration": 19.190776586532593,
            "total_update_duration": 15.826875448226929,
            "total_saving_state_duration": 0.0693356990814209,
            "total_sleeping_time": 2091.20450758934,
            "finished_reconf": true
        },
        "dep10": {
            "total_uptime_duration": 29.661069631576538,
            "total_loading_state_duration": 0.2931346893310547,
            "total_deploy_duration": 23.294015884399414,
            "total_update_duration": 5.942311525344849,
            "total_saving_state_duration": 0.07216620445251465,
            "total_sleeping_time": 2154.9351103305817,
            "finished_reconf": true
        },
        "dep2": {
            "total_uptime_duration": 31.75498652458191,
            "total_loading_state_duration": 0.2895221710205078,
            "total_deploy_duration": 16.70757484436035,
            "total_update_duration": 14.631397724151611,
            "total_saving_state_duration": 0.0704047679901123,
            "total_sleeping_time": 2093.673732280731,
            "finished_reconf": true
        },
        "dep0": {
            "total_uptime_duration": 24.021432161331177,
            "total_loading_state_duration": 0.2475597858428955,
            "total_deploy_duration": 16.59927749633789,
            "total_update_duration": 7.048911809921265,
            "total_saving_state_duration": 0.07425785064697266,
            "total_sleeping_time": 2231.3300457000732,
            "finished_reconf": true
        }
    }
}