{
    "parameters": {
        "version_concerto_name": "concerto-decentralized",
        "transitions_times_file_name": "/home/anomond/parameters/transitions_times/transitions_times-1-30-deps12-0.json",
        "uptimes_file_name": "/home/anomond/parameters/uptimes/uptimes-60-30-12-0_5-0_6.json",
        "expe_num": 2,
        "cluster": "uvb"
    },
    "global_results": {
        "finished_reconf": false,
        "max_deploy_time": 65.44,
        "max_update_time": 0,
        "max_reconf_time": 65.44,
        "max_sleeping_time": 7607.83,
        "max_execution_time": 7662.25
    },
    "results": {
        "dep6": {
            "total_uptime_duration": 51.279155015945435,
            "total_loading_state_duration": 0.6214320659637451,
            "total_deploy_duration": 50.264896392822266,
            "total_update_duration": 0,
            "total_saving_state_duration": 0.24807238578796387,
            "total_sleeping_time": 7582.084780216217
        },
        "dep5": {
            "total_uptime_duration": 49.72298049926758,
            "total_loading_state_duration": 0.5928192138671875,
            "total_deploy_duration": 48.74872827529907,
            "total_update_duration": 0,
            "total_saving_state_duration": 0.24204611778259277,
            "total_sleeping_time": 7588.18183016777
        },
        "dep7": {
            "total_uptime_duration": 62.22634983062744,
            "total_loading_state_duration": 0.6081702709197998,
            "total_deploy_duration": 61.23242521286011,
            "total_update_duration": 0,
            "total_saving_state_duration": 0.24366426467895508,
            "total_sleeping_time": 7600.026521205902
        },
        "dep9": {
            "total_uptime_duration": 46.528743743896484,
            "total_loading_state_duration": 0.6198878288269043,
            "total_deploy_duration": 45.51708006858826,
            "total_update_duration": 0,
            "total_saving_state_duration": 0.24111247062683105,
            "total_sleeping_time": 7585.458925008774
        },
        "dep4": {
            "total_uptime_duration": 64.54713201522827,
            "total_loading_state_duration": 0.6077773571014404,
            "total_deploy_duration": 63.55282711982727,
            "total_update_duration": 0,
            "total_saving_state_duration": 0.24356579780578613,
            "total_sleeping_time": 7582.07520532608
        },
        "dep8": {
            "total_uptime_duration": 57.96216821670532,
            "total_loading_state_duration": 0.6051909923553467,
            "total_deploy_duration": 56.97898983955383,
            "total_update_duration": 0,
            "total_saving_state_duration": 0.23612427711486816,
            "total_sleeping_time": 7574.222115039825
        },
        "dep3": {
            "total_uptime_duration": 51.998783349990845,
            "total_loading_state_duration": 0.6166658401489258,
            "total_deploy_duration": 50.99249339103699,
            "total_update_duration": 0,
            "total_saving_state_duration": 0.24657416343688965,
            "total_sleeping_time": 7574.517253398895
        },
        "server": {
            "total_uptime_duration": 44.191340923309326,
            "total_loading_state_duration": 0.6715216636657715,
            "total_deploy_duration": 42.61240863800049,
            "total_update_duration": 0,
            "total_saving_state_duration": 0.746293306350708,
            "total_sleeping_time": 7600.834503173828
        },
        "dep1": {
            "total_uptime_duration": 66.46375942230225,
            "total_loading_state_duration": 0.6230456829071045,
            "total_deploy_duration": 65.4446222782135,
            "total_update_duration": 0,
            "total_saving_state_duration": 0.25105834007263184,
            "total_sleeping_time": 7584.6600522994995
        },
        "dep11": {
            "total_uptime_duration": 46.539459228515625,
            "total_loading_state_duration": 0.6357839107513428,
            "total_deploy_duration": 45.50982403755188,
            "total_update_duration": 0,
            "total_saving_state_duration": 0.24075651168823242,
            "total_sleeping_time": 7607.825988769531
        },
        "dep10": {
            "total_uptime_duration": 46.42458248138428,
            "total_loading_state_duration": 0.6007745265960693,
            "total_deploy_duration": 45.437769174575806,
            "total_update_duration": 0,
            "total_saving_state_duration": 0.24063467979431152,
            "total_sleeping_time": 7598.284933567047
        },
        "dep2": {
            "total_uptime_duration": 51.824071168899536,
            "total_loading_state_duration": 0.6216292381286621,
            "total_deploy_duration": 50.81262946128845,
            "total_update_duration": 0,
            "total_saving_state_duration": 0.24637055397033691,
            "total_sleeping_time": 7598.96519947052
        },
        "dep0": {
            "total_uptime_duration": 50.81305170059204,
            "total_loading_state_duration": 0.6051363945007324,
            "total_deploy_duration": 49.81666421890259,
            "total_update_duration": 0,
            "total_saving_state_duration": 0.2504308223724365,
            "total_sleeping_time": 7606.9463267326355
        }
    }
}