{
    "parameters": {
        "version_concerto_name": "concerto-decentralized",
        "transitions_times_file_name": "/home/anomond/parameters/transitions_times/transitions_times-1-30-deps12-0.json",
        "uptimes_file_name": "/home/anomond/parameters/uptimes/uptimes-60-30-12-0_2-0_3.json",
        "expe_num": 2,
        "cluster": "uvb"
    },
    "global_results": {
        "finished_reconf": true,
        "max_deploy_time": 38.44,
        "max_update_time": 20.84,
        "max_reconf_time": 59.28,
        "max_sleeping_time": 1971.67,
        "max_execution_time": 2002.64
    },
    "results": {
        "dep6": {
            "total_uptime_duration": 20.71017861366272,
            "total_loading_state_duration": 0.18149924278259277,
            "total_deploy_duration": 14.613188982009888,
            "total_update_duration": 5.811225652694702,
            "total_saving_state_duration": 0.06251740455627441,
            "total_sleeping_time": 1911.0233490467072,
            "finished_reconf": true
        },
        "dep5": {
            "total_uptime_duration": 23.276883125305176,
            "total_loading_state_duration": 0.17751026153564453,
            "total_deploy_duration": 14.005974054336548,
            "total_update_duration": 8.98951268196106,
            "total_saving_state_duration": 0.05995035171508789,
            "total_sleeping_time": 1841.983967781067,
            "finished_reconf": true
        },
        "dep7": {
            "total_uptime_duration": 46.86151838302612,
            "total_loading_state_duration": 0.18718981742858887,
            "total_deploy_duration": 25.726102352142334,
            "total_update_duration": 20.836698532104492,
            "total_saving_state_duration": 0.06513500213623047,
            "total_sleeping_time": 1904.3681166172028,
            "finished_reconf": true
        },
        "dep9": {
            "total_uptime_duration": 23.78257393836975,
            "total_loading_state_duration": 0.18045353889465332,
            "total_deploy_duration": 17.250625371932983,
            "total_update_duration": 6.2427263259887695,
            "total_saving_state_duration": 0.06477594375610352,
            "total_sleeping_time": 1848.1857979297638,
            "finished_reconf": true
        },
        "dep4": {
            "total_uptime_duration": 40.19615364074707,
            "total_loading_state_duration": 0.19050240516662598,
            "total_deploy_duration": 28.791325092315674,
            "total_update_duration": 11.110140800476074,
            "total_saving_state_duration": 0.06095385551452637,
            "total_sleeping_time": 1931.4247868061066,
            "finished_reconf": true
        },
        "dep8": {
            "total_uptime_duration": 26.212301015853882,
            "total_loading_state_duration": 0.1962108612060547,
            "total_deploy_duration": 21.459851503372192,
            "total_update_duration": 4.452255725860596,
            "total_saving_state_duration": 0.059708356857299805,
            "total_sleeping_time": 1832.7697758674622,
            "finished_reconf": true
        },
        "dep3": {
            "total_uptime_duration": 21.492528676986694,
            "total_loading_state_duration": 0.17501425743103027,
            "total_deploy_duration": 16.149891138076782,
            "total_update_duration": 5.061645269393921,
            "total_saving_state_duration": 0.06436324119567871,
            "total_sleeping_time": 1911.382527589798,
            "finished_reconf": true
        },
        "server": {
            "total_uptime_duration": 55.706435441970825,
            "total_loading_state_duration": 0.162245512008667,
            "total_deploy_duration": 38.44363737106323,
            "total_update_duration": 16.88147759437561,
            "total_saving_state_duration": 0.173736572265625,
            "total_sleeping_time": 1787.1072797775269,
            "finished_reconf": true
        },
        "dep1": {
            "total_uptime_duration": 42.74966621398926,
            "total_loading_state_duration": 0.165205717086792,
            "total_deploy_duration": 30.687395334243774,
            "total_update_duration": 11.800502061843872,
            "total_saving_state_duration": 0.05797410011291504,
            "total_sleeping_time": 1801.9596347808838,
            "finished_reconf": true
        },
        "dep11": {
            "total_uptime_duration": 33.600813150405884,
            "total_loading_state_duration": 0.15603995323181152,
            "total_deploy_duration": 18.24065923690796,
            "total_update_duration": 15.104461193084717,
            "total_saving_state_duration": 0.059946537017822266,
            "total_sleeping_time": 1823.6627080440521,
            "finished_reconf": true
        },
        "dep10": {
            "total_uptime_duration": 28.097696781158447,
            "total_loading_state_duration": 0.22002339363098145,
            "total_deploy_duration": 21.06890845298767,
            "total_update_duration": 6.698188066482544,
            "total_saving_state_duration": 0.06227374076843262,
            "total_sleeping_time": 1928.2325415611267,
            "finished_reconf": true
        },
        "dep2": {
            "total_uptime_duration": 30.97209858894348,
            "total_loading_state_duration": 0.196364164352417,
            "total_deploy_duration": 15.2396240234375,
            "total_update_duration": 15.426942825317383,
            "total_saving_state_duration": 0.06304097175598145,
            "total_sleeping_time": 1971.6655430793762,
            "finished_reconf": true
        },
        "dep0": {
            "total_uptime_duration": 21.64662766456604,
            "total_loading_state_duration": 0.19362330436706543,
            "total_deploy_duration": 15.068259000778198,
            "total_update_duration": 6.283565044403076,
            "total_saving_state_duration": 0.059081315994262695,
            "total_sleeping_time": 1832.50181889534,
            "finished_reconf": true
        }
    }
}