{
    "parameters": {
        "version_concerto_name": "concerto-decentralized",
        "transitions_times_file_name": "/home/anomond/parameters/transitions_times/transitions_times-1-30-deps12-1.json",
        "uptimes_file_name": "/home/anomond/parameters/uptimes/uptimes-60-30-12-0_5-0_6.json",
        "expe_num": 2,
        "cluster": "uvb"
    },
    "global_results": {
        "finished_reconf": true,
        "max_deploy_time": 40.35,
        "max_update_time": 26.61,
        "max_reconf_time": 66.96,
        "max_sleeping_time": 2614.04,
        "max_execution_time": 2640.57
    },
    "results": {
        "dep6": {
            "total_uptime_duration": 29.946584463119507,
            "total_loading_state_duration": 0.2047874927520752,
            "total_deploy_duration": 21.355762481689453,
            "total_update_duration": 8.25377631187439,
            "total_saving_state_duration": 0.08227872848510742,
            "total_sleeping_time": 2571.753641605377,
            "finished_reconf": true
        },
        "dep7": {
            "total_uptime_duration": 39.18428063392639,
            "total_loading_state_duration": 0.20836257934570312,
            "total_deploy_duration": 24.825918436050415,
            "total_update_duration": 14.019090175628662,
            "total_saving_state_duration": 0.07944416999816895,
            "total_sleeping_time": 2549.4792306423187,
            "finished_reconf": true
        },
        "dep9": {
            "total_uptime_duration": 58.15041971206665,
            "total_loading_state_duration": 0.19315290451049805,
            "total_deploy_duration": 40.34852719306946,
            "total_update_duration": 17.479323863983154,
            "total_saving_state_duration": 0.08077239990234375,
            "total_sleeping_time": 2547.526794910431,
            "finished_reconf": true
        },
        "dep5": {
            "total_uptime_duration": 36.86007070541382,
            "total_loading_state_duration": 0.21193218231201172,
            "total_deploy_duration": 26.66438579559326,
            "total_update_duration": 9.850250720977783,
            "total_saving_state_duration": 0.08102750778198242,
            "total_sleeping_time": 2601.7087121009827,
            "finished_reconf": true
        },
        "dep4": {
            "total_uptime_duration": 26.559201955795288,
            "total_loading_state_duration": 0.1959083080291748,
            "total_deploy_duration": 21.198196411132812,
            "total_update_duration": 5.033541440963745,
            "total_saving_state_duration": 0.07995223999023438,
            "total_sleeping_time": 2482.0338883399963,
            "finished_reconf": true
        },
        "dep8": {
            "total_uptime_duration": 26.532590866088867,
            "total_loading_state_duration": 0.2102220058441162,
            "total_deploy_duration": 17.989522695541382,
            "total_update_duration": 8.201224088668823,
            "total_saving_state_duration": 0.08127331733703613,
            "total_sleeping_time": 2614.040766477585,
            "finished_reconf": true
        },
        "dep3": {
            "total_uptime_duration": 34.07625436782837,
            "total_loading_state_duration": 0.2104947566986084,
            "total_deploy_duration": 27.295467138290405,
            "total_update_duration": 6.439350605010986,
            "total_saving_state_duration": 0.08031988143920898,
            "total_sleeping_time": 2577.9373784065247,
            "finished_reconf": true
        },
        "server": {
            "total_uptime_duration": 59.40574860572815,
            "total_loading_state_duration": 0.2195441722869873,
            "total_deploy_duration": 32.286027669906616,
            "total_update_duration": 26.607719898223877,
            "total_saving_state_duration": 0.23341083526611328,
            "total_sleeping_time": 2436.335418701172,
            "finished_reconf": true
        },
        "dep1": {
            "total_uptime_duration": 42.1184139251709,
            "total_loading_state_duration": 0.1991574764251709,
            "total_deploy_duration": 17.761590003967285,
            "total_update_duration": 24.028562545776367,
            "total_saving_state_duration": 0.08003854751586914,
            "total_sleeping_time": 2462.8820703029633,
            "finished_reconf": true
        },
        "dep11": {
            "total_uptime_duration": 26.90169644355774,
            "total_loading_state_duration": 0.19078326225280762,
            "total_deploy_duration": 18.16783595085144,
            "total_update_duration": 8.407887935638428,
            "total_saving_state_duration": 0.08164405822753906,
            "total_sleeping_time": 2577.5022394657135,
            "finished_reconf": true
        },
        "dep2": {
            "total_uptime_duration": 28.89893388748169,
            "total_loading_state_duration": 0.20093107223510742,
            "total_deploy_duration": 22.47731065750122,
            "total_update_duration": 6.086463689804077,
            "total_saving_state_duration": 0.08364033699035645,
            "total_sleeping_time": 2482.4173414707184,
            "finished_reconf": true
        },
        "dep10": {
            "total_uptime_duration": 28.74077868461609,
            "total_loading_state_duration": 0.202988862991333,
            "total_deploy_duration": 20.054542303085327,
            "total_update_duration": 8.345080852508545,
            "total_saving_state_duration": 0.0860440731048584,
            "total_sleeping_time": 2553.5330271720886,
            "finished_reconf": true
        },
        "dep0": {
            "total_uptime_duration": 57.20522093772888,
            "total_loading_state_duration": 0.2129807472229004,
            "total_deploy_duration": 35.83633232116699,
            "total_update_duration": 21.025891065597534,
            "total_saving_state_duration": 0.07897162437438965,
            "total_sleeping_time": 2555.720999956131,
            "finished_reconf": true
        }
    }
}