{
    "parameters": {
        "version_concerto_name": "concerto-decentralized",
        "transitions_times_file_name": "/home/anomond/parameters/transitions_times/transitions_times-1-30-deps12-0.json",
        "uptimes_file_name": "/home/anomond/parameters/uptimes/uptimes-60-30-12-0_5-0_6.json",
        "expe_num": 2,
        "cluster": "uvb"
    },
    "global_results": {
        "finished_reconf": false,
        "max_deploy_time": 65.42,
        "max_update_time": 0,
        "max_reconf_time": 65.42,
        "max_sleeping_time": 7603.45,
        "max_execution_time": 7657.86
    },
    "results": {
        "dep6": {
            "total_uptime_duration": 51.343913078308105,
            "total_loading_state_duration": 0.6214182376861572,
            "total_deploy_duration": 50.325106382369995,
            "total_update_duration": 0,
            "total_saving_state_duration": 0.25350236892700195,
            "total_sleeping_time": 7578.553023815155
        },
        "dep7": {
            "total_uptime_duration": 62.42210030555725,
            "total_loading_state_duration": 0.6124730110168457,
            "total_deploy_duration": 61.40156865119934,
            "total_update_duration": 0,
            "total_saving_state_duration": 0.2660205364227295,
            "total_sleeping_time": 7595.441933631897
        },
        "dep9": {
            "total_uptime_duration": 46.47045278549194,
            "total_loading_state_duration": 0.6153883934020996,
            "total_deploy_duration": 45.46607303619385,
            "total_update_duration": 0,
            "total_saving_state_duration": 0.23844337463378906,
            "total_sleeping_time": 7581.736221075058
        },
        "dep5": {
            "total_uptime_duration": 49.78881216049194,
            "total_loading_state_duration": 0.6184499263763428,
            "total_deploy_duration": 48.78472018241882,
            "total_update_duration": 0,
            "total_saving_state_duration": 0.24207425117492676,
            "total_sleeping_time": 7584.174044370651
        },
        "dep4": {
            "total_uptime_duration": 64.52413082122803,
            "total_loading_state_duration": 0.5895376205444336,
            "total_deploy_duration": 63.5369188785553,
            "total_update_duration": 0,
            "total_saving_state_duration": 0.2522866725921631,
            "total_sleeping_time": 7577.42896938324
        },
        "dep8": {
            "total_uptime_duration": 58.280471324920654,
            "total_loading_state_duration": 0.6837508678436279,
            "total_deploy_duration": 57.18829298019409,
            "total_update_duration": 0,
            "total_saving_state_duration": 0.25627994537353516,
            "total_sleeping_time": 7568.392256736755
        },
        "dep3": {
            "total_uptime_duration": 51.91291332244873,
            "total_loading_state_duration": 0.5778980255126953,
            "total_deploy_duration": 50.95685839653015,
            "total_update_duration": 0,
            "total_saving_state_duration": 0.24020719528198242,
            "total_sleeping_time": 7572.0661454200745
        },
        "server": {
            "total_uptime_duration": 44.19390368461609,
            "total_loading_state_duration": 0.6707851886749268,
            "total_deploy_duration": 42.610267639160156,
            "total_update_duration": 0,
            "total_saving_state_duration": 0.7505960464477539,
            "total_sleeping_time": 7596.38127207756
        },
        "dep1": {
            "total_uptime_duration": 66.40712022781372,
            "total_loading_state_duration": 0.6011052131652832,
            "total_deploy_duration": 65.41579389572144,
            "total_update_duration": 0,
            "total_saving_state_duration": 0.25044775009155273,
            "total_sleeping_time": 7581.353921413422
        },
        "dep11": {
            "total_uptime_duration": 46.62528848648071,
            "total_loading_state_duration": 0.6584467887878418,
            "total_deploy_duration": 45.56700778007507,
            "total_update_duration": 0,
            "total_saving_state_duration": 0.24451613426208496,
            "total_sleeping_time": 7603.003749132156
        },
        "dep2": {
            "total_uptime_duration": 51.86251091957092,
            "total_loading_state_duration": 0.6078946590423584,
            "total_deploy_duration": 50.85693311691284,
            "total_update_duration": 0,
            "total_saving_state_duration": 0.25080132484436035,
            "total_sleeping_time": 7596.3844475746155
        },
        "dep10": {
            "total_uptime_duration": 46.47247004508972,
            "total_loading_state_duration": 0.598433256149292,
            "total_deploy_duration": 45.477203607559204,
            "total_update_duration": 0,
            "total_saving_state_duration": 0.24545574188232422,
            "total_sleeping_time": 7593.920520782471
        },
        "dep0": {
            "total_uptime_duration": 50.905311584472656,
            "total_loading_state_duration": 0.616267204284668,
            "total_deploy_duration": 49.90146589279175,
            "total_update_duration": 0,
            "total_saving_state_duration": 0.24521112442016602,
            "total_sleeping_time": 7603.44886636734
        }
    }
}