{
    "parameters": {
        "version_concerto_name": "concerto-decentralized",
        "transitions_times_file_name": "/home/anomond/parameters/transitions_times/transitions_times-1-30-deps12-0.json",
        "uptimes_file_name": "/home/anomond/parameters/uptimes/uptimes-60-30-12-0_02-0_05.json",
        "expe_num": 2,
        "cluster": "uvb"
    },
    "global_results": {
        "finished_reconf": true,
        "max_deploy_time": 39.8,
        "max_update_time": 20.04,
        "max_reconf_time": 59.84,
        "max_sleeping_time": 2225.56,
        "max_execution_time": 2249.48
    },
    "results": {
        "dep6": {
            "total_uptime_duration": 22.340917348861694,
            "total_loading_state_duration": 0.25581932067871094,
            "total_deploy_duration": 16.199503660202026,
            "total_update_duration": 5.762389659881592,
            "total_saving_state_duration": 0.07482028007507324,
            "total_sleeping_time": 2152.7381958961487,
            "finished_reconf": true
        },
        "dep7": {
            "total_uptime_duration": 48.48263096809387,
            "total_loading_state_duration": 0.2797412872314453,
            "total_deploy_duration": 28.012523889541626,
            "total_update_duration": 20.040753602981567,
            "total_saving_state_duration": 0.0740044116973877,
            "total_sleeping_time": 2129.3658385276794,
            "finished_reconf": true
        },
        "dep9": {
            "total_uptime_duration": 25.221524000167847,
            "total_loading_state_duration": 0.2365267276763916,
            "total_deploy_duration": 19.373972177505493,
            "total_update_duration": 5.486542224884033,
            "total_saving_state_duration": 0.07027959823608398,
            "total_sleeping_time": 2090.3774790763855,
            "finished_reconf": true
        },
        "dep5": {
            "total_uptime_duration": 25.602678298950195,
            "total_loading_state_duration": 0.22971343994140625,
            "total_deploy_duration": 15.479448795318604,
            "total_update_duration": 9.759362936019897,
            "total_saving_state_duration": 0.07792901992797852,
            "total_sleeping_time": 2222.205444097519,
            "finished_reconf": true
        },
        "dep4": {
            "total_uptime_duration": 40.93549847602844,
            "total_loading_state_duration": 0.2009892463684082,
            "total_deploy_duration": 30.22319984436035,
            "total_update_duration": 10.39530348777771,
            "total_saving_state_duration": 0.06870484352111816,
            "total_sleeping_time": 2080.9146831035614,
            "finished_reconf": true
        },
        "dep8": {
            "total_uptime_duration": 28.36291480064392,
            "total_loading_state_duration": 0.20887184143066406,
            "total_deploy_duration": 23.63662052154541,
            "total_update_duration": 4.398253679275513,
            "total_saving_state_duration": 0.07357120513916016,
            "total_sleeping_time": 2210.7249732017517,
            "finished_reconf": true
        },
        "dep3": {
            "total_uptime_duration": 22.315378427505493,
            "total_loading_state_duration": 0.23616719245910645,
            "total_deploy_duration": 17.68047046661377,
            "total_update_duration": 4.278367519378662,
            "total_saving_state_duration": 0.06602358818054199,
            "total_sleeping_time": 2095.5353305339813,
            "finished_reconf": true
        },
        "server": {
            "total_uptime_duration": 57.11196756362915,
            "total_loading_state_duration": 0.1844804286956787,
            "total_deploy_duration": 39.802923917770386,
            "total_update_duration": 16.88101887702942,
            "total_saving_state_duration": 0.19394207000732422,
            "total_sleeping_time": 2043.2164630889893,
            "finished_reconf": true
        },
        "dep1": {
            "total_uptime_duration": 44.20246958732605,
            "total_loading_state_duration": 0.2012012004852295,
            "total_deploy_duration": 32.07870101928711,
            "total_update_duration": 11.798994779586792,
            "total_saving_state_duration": 0.08113908767700195,
            "total_sleeping_time": 2054.752581357956,
            "finished_reconf": true
        },
        "dep11": {
            "total_uptime_duration": 35.34824776649475,
            "total_loading_state_duration": 0.22432827949523926,
            "total_deploy_duration": 19.15678358078003,
            "total_update_duration": 15.83351993560791,
            "total_saving_state_duration": 0.0726320743560791,
            "total_sleeping_time": 2085.3974158763885,
            "finished_reconf": true
        },
        "dep2": {
            "total_uptime_duration": 31.604593515396118,
            "total_loading_state_duration": 0.21972084045410156,
            "total_deploy_duration": 16.647129774093628,
            "total_update_duration": 14.61414647102356,
            "total_saving_state_duration": 0.07255029678344727,
            "total_sleeping_time": 2085.534541130066,
            "finished_reconf": true
        },
        "dep10": {
            "total_uptime_duration": 29.548552751541138,
            "total_loading_state_duration": 0.2478625774383545,
            "total_deploy_duration": 23.218820810317993,
            "total_update_duration": 5.956990718841553,
            "total_saving_state_duration": 0.07414436340332031,
            "total_sleeping_time": 2144.8815212249756,
            "finished_reconf": true
        },
        "dep0": {
            "total_uptime_duration": 23.926292419433594,
            "total_loading_state_duration": 0.21503090858459473,
            "total_deploy_duration": 16.53516387939453,
            "total_update_duration": 7.045869588851929,
            "total_saving_state_duration": 0.07223868370056152,
            "total_sleeping_time": 2225.5552611351013,
            "finished_reconf": true
        }
    }
}