{
    "parameters": {
        "version_concerto_name": "concerto-decentralized-synchrone",
        "transitions_times_file_name": "/home/anomond/parameters/transitions_times/transitions_times-1-30-deps12-0.json",
        "uptimes_file_name": "/home/anomond/parameters/uptimes/uptimes-60-30-12-0_02-0_05.json",
        "expe_num": 1,
        "cluster": "uvb"
    },
    "results": {
        "dep2": {
            "total_uptime_duration": 1805.0931186676025,
            "total_loading_state_duration": 0.5804381370544434,
            "total_deploy_duration": 1803.1406455039978,
            "total_update_duration": 0,
            "total_saving_state_duration": 0.32024621963500977,
            "total_sleeping_time": 5774.776738166809
        },
        "dep8": {
            "total_uptime_duration": 1803.9512655735016,
            "total_loading_state_duration": 0.546431303024292,
            "total_deploy_duration": 1802.1093745231628,
            "total_update_duration": 0,
            "total_saving_state_duration": 0.29200291633605957,
            "total_sleeping_time": 5777.363235712051
        },
        "dep5": {
            "total_uptime_duration": 1804.6526675224304,
            "total_loading_state_duration": 0.5925679206848145,
            "total_deploy_duration": 1802.7014520168304,
            "total_update_duration": 0,
            "total_saving_state_duration": 0.3178722858428955,
            "total_sleeping_time": 5774.778392314911
        },
        "dep9": {
            "total_uptime_duration": 1804.144190788269,
            "total_loading_state_duration": 0.5840795040130615,
            "total_deploy_duration": 1802.2332036495209,
            "total_update_duration": 0,
            "total_saving_state_duration": 0.29662489891052246,
            "total_sleeping_time": 5775.3268866539
        },
        "dep1": {
            "total_uptime_duration": 1805.0930833816528,
            "total_loading_state_duration": 0.6015675067901611,
            "total_deploy_duration": 1803.1180505752563,
            "total_update_duration": 0,
            "total_saving_state_duration": 0.3275721073150635,
            "total_sleeping_time": 5848.143851041794
        },
        "dep4": {
            "total_uptime_duration": 1812.9709441661835,
            "total_loading_state_duration": 0.5639047622680664,
            "total_deploy_duration": 1811.10396194458,
            "total_update_duration": 0,
            "total_saving_state_duration": 0.29887938499450684,
            "total_sleeping_time": 5839.863677740097
        },
        "dep0": {
            "total_uptime_duration": 1804.9021871089935,
            "total_loading_state_duration": 0.5902340412139893,
            "total_deploy_duration": 1802.929684638977,
            "total_update_duration": 0,
            "total_saving_state_duration": 0.3261258602142334,
            "total_sleeping_time": 5847.684052944183
        },
        "dep7": {
            "total_uptime_duration": 1804.8605117797852,
            "total_loading_state_duration": 0.5626137256622314,
            "total_deploy_duration": 1802.9632890224457,
            "total_update_duration": 0,
            "total_saving_state_duration": 0.31903648376464844,
            "total_sleeping_time": 5775.31005191803
        },
        "dep10": {
            "total_uptime_duration": 1804.6231000423431,
            "total_loading_state_duration": 0.5725898742675781,
            "total_deploy_duration": 1802.6843280792236,
            "total_update_duration": 0,
            "total_saving_state_duration": 0.3156416416168213,
            "total_sleeping_time": 5775.057100057602
        },
        "server": {
            "total_uptime_duration": 1805.9303107261658,
            "total_loading_state_duration": 0.6273667812347412,
            "total_deploy_duration": 1803.569430589676,
            "total_update_duration": 0,
            "total_saving_state_duration": 0.7166812419891357,
            "total_sleeping_time": 5838.296281337738
        },
        "dep6": {
            "total_uptime_duration": 1804.2700219154358,
            "total_loading_state_duration": 0.5955462455749512,
            "total_deploy_duration": 1802.3180539608002,
            "total_update_duration": 0,
            "total_saving_state_duration": 0.31742215156555176,
            "total_sleeping_time": 5775.833537578583
        },
        "dep11": {
            "total_uptime_duration": 1804.267052412033,
            "total_loading_state_duration": 0.5867447853088379,
            "total_deploy_duration": 1802.3431606292725,
            "total_update_duration": 0,
            "total_saving_state_duration": 0.3129587173461914,
            "total_sleeping_time": 5776.170835494995
        },
        "dep3": {
            "total_uptime_duration": 1804.7781491279602,
            "total_loading_state_duration": 0.5903804302215576,
            "total_deploy_duration": 1802.836175441742,
            "total_update_duration": 0,
            "total_saving_state_duration": 0.31856393814086914,
            "total_sleeping_time": 5775.887583971024
        }
    }
}