{
    "parameters": {
        "version_concerto_name": "concerto-decentralized-synchrone",
        "transitions_times_file_name": "/home/anomond/parameters/transitions_times/transitions_times-1-30-deps12-0.json",
        "uptimes_file_name": "/home/anomond/parameters/uptimes/uptimes-60-30-12-0_2-0_3.json",
        "expe_num": 1,
        "cluster": "uvb"
    },
    "results": {
        "dep2": {
            "total_uptime_duration": 1805.1327452659607,
            "total_loading_state_duration": 0.6044659614562988,
            "total_deploy_duration": 1274.4306843280792,
            "total_update_duration": 528.709151506424,
            "total_saving_state_duration": 0.3374149799346924,
            "total_sleeping_time": 5848.229416847229
        },
        "dep8": {
            "total_uptime_duration": 1805.460497379303,
            "total_loading_state_duration": 0.5695481300354004,
            "total_deploy_duration": 1262.7242395877838,
            "total_update_duration": 540.8258619308472,
            "total_saving_state_duration": 0.31500911712646484,
            "total_sleeping_time": 5792.253994703293
        },
        "dep5": {
            "total_uptime_duration": 1805.421290397644,
            "total_loading_state_duration": 0.5876829624176025,
            "total_deploy_duration": 1262.4729135036469,
            "total_update_duration": 540.9948906898499,
            "total_saving_state_duration": 0.3244166374206543,
            "total_sleeping_time": 5856.153247356415
        },
        "dep9": {
            "total_uptime_duration": 1805.3880505561829,
            "total_loading_state_duration": 0.5803782939910889,
            "total_deploy_duration": 1292.404711484909,
            "total_update_duration": 511.0619547367096,
            "total_saving_state_duration": 0.31746959686279297,
            "total_sleeping_time": 5828.572304725647
        },
        "dep1": {
            "total_uptime_duration": 1805.7410271167755,
            "total_loading_state_duration": 0.6145761013031006,
            "total_deploy_duration": 1292.1100277900696,
            "total_update_duration": 511.63054490089417,
            "total_saving_state_duration": 0.32619214057922363,
            "total_sleeping_time": 5863.348353862762
        },
        "dep4": {
            "total_uptime_duration": 1804.968427658081,
            "total_loading_state_duration": 0.5793118476867676,
            "total_deploy_duration": 1322.3539440631866,
            "total_update_duration": 480.70310831069946,
            "total_saving_state_duration": 0.31328654289245605,
            "total_sleeping_time": 5864.247389793396
        },
        "dep0": {
            "total_uptime_duration": 1805.206928730011,
            "total_loading_state_duration": 0.5883300304412842,
            "total_deploy_duration": 1322.4967169761658,
            "total_update_duration": 480.731148481369,
            "total_saving_state_duration": 0.3410458564758301,
            "total_sleeping_time": 5794.069566011429
        },
        "dep7": {
            "total_uptime_duration": 1808.2014451026917,
            "total_loading_state_duration": 0.5842440128326416,
            "total_deploy_duration": 1311.999394416809,
            "total_update_duration": 494.23012495040894,
            "total_saving_state_duration": 0.3429844379425049,
            "total_sleeping_time": 5848.771795749664
        },
        "dep10": {
            "total_uptime_duration": 1805.2320618629456,
            "total_loading_state_duration": 0.5831210613250732,
            "total_deploy_duration": 1315.9358806610107,
            "total_update_duration": 487.3181037902832,
            "total_saving_state_duration": 0.34812474250793457,
            "total_sleeping_time": 5863.70358300209
        },
        "server": {
            "total_uptime_duration": 1815.9288301467896,
            "total_loading_state_duration": 0.6511175632476807,
            "total_deploy_duration": 1559.2482426166534,
            "total_update_duration": 254.16213870048523,
            "total_saving_state_duration": 0.8234870433807373,
            "total_sleeping_time": 5827.076970815659
        },
        "dep6": {
            "total_uptime_duration": 1805.2420961856842,
            "total_loading_state_duration": 0.6086890697479248,
            "total_deploy_duration": 1316.3398694992065,
            "total_update_duration": 486.90964436531067,
            "total_saving_state_duration": 0.32651281356811523,
            "total_sleeping_time": 5822.194327116013
        },
        "dep11": {
            "total_uptime_duration": 1805.0335721969604,
            "total_loading_state_duration": 0.5836541652679443,
            "total_deploy_duration": 1271.186829328537,
            "total_update_duration": 531.9065907001495,
            "total_saving_state_duration": 0.3247835636138916,
            "total_sleeping_time": 5791.551921844482
        },
        "dep3": {
            "total_uptime_duration": 1805.3720366954803,
            "total_loading_state_duration": 0.6022379398345947,
            "total_deploy_duration": 1294.0651936531067,
            "total_update_duration": 509.3223125934601,
            "total_saving_state_duration": 0.3243894577026367,
            "total_sleeping_time": 5861.208453655243
        }
    }
}