{
    "parameters": {
        "version_concerto_name": "concerto-decentralized-synchrone",
        "transitions_times_file_name": "/home/anomond/parameters/transitions_times/transitions_times-1-30-deps12-0.json",
        "uptimes_file_name": "/home/anomond/parameters/uptimes/uptimes-60-30-12-1-1-1.json",
        "expe_num": 1,
        "cluster": "uvb"
    },
    "results": {
        "dep2": {
            "total_uptime_duration": 55.0718994140625,
            "total_loading_state_duration": 0.013869285583496094,
            "total_deploy_duration": 31.800914764404297,
            "total_update_duration": 6.127357482910156e-05,
            "total_saving_state_duration": 0.006437540054321289,
            "total_sleeping_time": 31.63413643836975
        },
        "dep8": {
            "total_uptime_duration": 55.57744646072388,
            "total_loading_state_duration": 0.012946844100952148,
            "total_deploy_duration": 32.08102893829346,
            "total_update_duration": 7.176399230957031e-05,
            "total_saving_state_duration": 0.0063817501068115234,
            "total_sleeping_time": 31.51644468307495
        },
        "dep5": {
            "total_uptime_duration": 55.34424901008606,
            "total_loading_state_duration": 0.013377666473388672,
            "total_deploy_duration": 31.855918407440186,
            "total_update_duration": 8.082389831542969e-05,
            "total_saving_state_duration": 0.007351875305175781,
            "total_sleeping_time": 31.879132986068726
        },
        "dep9": {
            "total_uptime_duration": 55.35628056526184,
            "total_loading_state_duration": 0.013616085052490234,
            "total_deploy_duration": 31.878192901611328,
            "total_update_duration": 7.915496826171875e-05,
            "total_saving_state_duration": 0.006547212600708008,
            "total_sleeping_time": 32.02754306793213
        },
        "dep1": {
            "total_uptime_duration": 56.06261157989502,
            "total_loading_state_duration": 0.014206647872924805,
            "total_deploy_duration": 32.576661586761475,
            "total_update_duration": 7.367134094238281e-05,
            "total_saving_state_duration": 0.005839347839355469,
            "total_sleeping_time": 31.87886881828308
        },
        "dep4": {
            "total_uptime_duration": 55.86180806159973,
            "total_loading_state_duration": 0.013254404067993164,
            "total_deploy_duration": 32.55835938453674,
            "total_update_duration": 6.4849853515625e-05,
            "total_saving_state_duration": 0.005290031433105469,
            "total_sleeping_time": 31.71973752975464
        },
        "dep0": {
            "total_uptime_duration": 55.384682416915894,
            "total_loading_state_duration": 0.012911558151245117,
            "total_deploy_duration": 32.032423973083496,
            "total_update_duration": 7.43865966796875e-05,
            "total_saving_state_duration": 0.0049741268157958984,
            "total_sleeping_time": 31.55115509033203
        },
        "dep7": {
            "total_uptime_duration": 55.536641359329224,
            "total_loading_state_duration": 0.012478113174438477,
            "total_deploy_duration": 32.01526474952698,
            "total_update_duration": 7.343292236328125e-05,
            "total_saving_state_duration": 0.006007671356201172,
            "total_sleeping_time": 32.53215503692627
        },
        "dep10": {
            "total_uptime_duration": 55.541083097457886,
            "total_loading_state_duration": 0.012123823165893555,
            "total_deploy_duration": 32.140395402908325,
            "total_update_duration": 6.914138793945312e-05,
            "total_saving_state_duration": 0.005995988845825195,
            "total_sleeping_time": 31.92736053466797
        },
        "server": {
            "total_uptime_duration": 59.48552918434143,
            "total_loading_state_duration": 0.016652584075927734,
            "total_deploy_duration": 35.992377042770386,
            "total_update_duration": 0.00010609626770019531,
            "total_saving_state_duration": 0.014655590057373047,
            "total_sleeping_time": 27.787460327148438
        },
        "dep6": {
            "total_uptime_duration": 55.26278257369995,
            "total_loading_state_duration": 0.013169288635253906,
            "total_deploy_duration": 31.711889266967773,
            "total_update_duration": 7.677078247070312e-05,
            "total_saving_state_duration": 0.006645679473876953,
            "total_sleeping_time": 31.557462692260742
        },
        "dep11": {
            "total_uptime_duration": 55.2211856842041,
            "total_loading_state_duration": 0.010854244232177734,
            "total_deploy_duration": 31.94494342803955,
            "total_update_duration": 8.130073547363281e-05,
            "total_saving_state_duration": 0.005174398422241211,
            "total_sleeping_time": 31.9438419342041
        },
        "dep3": {
            "total_uptime_duration": 55.44781303405762,
            "total_loading_state_duration": 0.013664484024047852,
            "total_deploy_duration": 31.93784737586975,
            "total_update_duration": 6.556510925292969e-05,
            "total_saving_state_duration": 0.005776882171630859,
            "total_sleeping_time": 31.667866230010986
        }
    }
}