{
    "parameters": {
        "version_concerto_name": "concerto-decentralized-synchrone",
        "transitions_times_file_name": "/home/anomond/parameters/transitions_times/transitions_times-1-30-deps12-1.json",
        "uptimes_file_name": "/home/anomond/parameters/uptimes/uptimes-60-30-12-0_5-0_6.json",
        "expe_num": 1,
        "cluster": "uvb"
    },
    "results": {
        "dep2": {
            "total_uptime_duration": 670.3033812046051,
            "total_loading_state_duration": 0.23392391204833984,
            "total_deploy_duration": 271.459187746048,
            "total_update_duration": 390.6273536682129,
            "total_saving_state_duration": 0.12407708168029785,
            "total_sleeping_time": 2213.325492620468
        },
        "dep8": {
            "total_uptime_duration": 648.3612287044525,
            "total_loading_state_duration": 0.21255111694335938,
            "total_deploy_duration": 294.7183187007904,
            "total_update_duration": 336.5746490955353,
            "total_saving_state_duration": 0.1136312484741211,
            "total_sleeping_time": 2102.0142176151276
        },
        "dep5": {
            "total_uptime_duration": 606.1155133247375,
            "total_loading_state_duration": 0.202467679977417,
            "total_deploy_duration": 285.60776376724243,
            "total_update_duration": 319.6021502017975,
            "total_saving_state_duration": 0.1160881519317627,
            "total_sleeping_time": 2020.8553490638733
        },
        "dep9": {
            "total_uptime_duration": 632.0231263637543,
            "total_loading_state_duration": 0.21130609512329102,
            "total_deploy_duration": 295.0060713291168,
            "total_update_duration": 336.1290888786316,
            "total_saving_state_duration": 0.11321759223937988,
            "total_sleeping_time": 2127.3190755844116
        },
        "dep1": {
            "total_uptime_duration": 662.2848079204559,
            "total_loading_state_duration": 0.2416079044342041,
            "total_deploy_duration": 360.73667669296265,
            "total_update_duration": 300.5774405002594,
            "total_saving_state_duration": 0.12593412399291992,
            "total_sleeping_time": 2221.507222175598
        },
        "dep4": {
            "total_uptime_duration": 632.2080037593842,
            "total_loading_state_duration": 0.22250723838806152,
            "total_deploy_duration": 270.6495985984802,
            "total_update_duration": 360.6352803707123,
            "total_saving_state_duration": 0.11287355422973633,
            "total_sleeping_time": 2115.484927177429
        },
        "dep0": {
            "total_uptime_duration": 566.8731806278229,
            "total_loading_state_duration": 0.19107532501220703,
            "total_deploy_duration": 276.179603099823,
            "total_update_duration": 270.2757692337036,
            "total_saving_state_duration": 0.10423564910888672,
            "total_sleeping_time": 1801.3260641098022
        },
        "dep7": {
            "total_uptime_duration": 655.839592218399,
            "total_loading_state_duration": 0.21250653266906738,
            "total_deploy_duration": 286.9329617023468,
            "total_update_duration": 352.53506803512573,
            "total_saving_state_duration": 0.12159848213195801,
            "total_sleeping_time": 2090.714828968048
        },
        "dep10": {
            "total_uptime_duration": 573.7475273609161,
            "total_loading_state_duration": 0.1895742416381836,
            "total_deploy_duration": 294.9612135887146,
            "total_update_duration": 249.17908883094788,
            "total_saving_state_duration": 0.11077547073364258,
            "total_sleeping_time": 1794.29892039299
        },
        "server": {
            "total_uptime_duration": 659.4285159111023,
            "total_loading_state_duration": 0.23609232902526855,
            "total_deploy_duration": 354.64469957351685,
            "total_update_duration": 285.1629226207733,
            "total_saving_state_duration": 0.3053097724914551,
            "total_sleeping_time": 2090.2501747608185
        },
        "dep6": {
            "total_uptime_duration": 636.5539057254791,
            "total_loading_state_duration": 0.21742844581604004,
            "total_deploy_duration": 270.492995262146,
            "total_update_duration": 360.6517322063446,
            "total_saving_state_duration": 0.12328791618347168,
            "total_sleeping_time": 2111.6332244873047
        },
        "dep11": {
            "total_uptime_duration": 662.7015902996063,
            "total_loading_state_duration": 0.23072552680969238,
            "total_deploy_duration": 296.32192969322205,
            "total_update_duration": 365.0477683544159,
            "total_saving_state_duration": 0.12055063247680664,
            "total_sleeping_time": 2222.457643032074
        },
        "dep3": {
            "total_uptime_duration": 557.0328249931335,
            "total_loading_state_duration": 0.18281102180480957,
            "total_deploy_duration": 291.1932282447815,
            "total_update_duration": 249.6675579547882,
            "total_saving_state_duration": 0.0904531478881836,
            "total_sleeping_time": 1811.9540483951569
        }
    }
}