{
    "parameters": {
        "version_concerto_name": "concerto-decentralized-synchrone",
        "transitions_times_file_name": "/home/anomond/parameters/transitions_times/transitions_times-1-30-deps12-1.json",
        "uptimes_file_name": "/home/anomond/parameters/uptimes/uptimes-60-30-12-0_02-0_05.json",
        "expe_num": 1,
        "cluster": "uvb"
    },
    "results": {
        "dep2": {
            "total_uptime_duration": 1809.287579536438,
            "total_loading_state_duration": 0.5918684005737305,
            "total_deploy_duration": 1807.3474020957947,
            "total_update_duration": 0,
            "total_saving_state_duration": 0.3201894760131836,
            "total_sleeping_time": 5773.357787132263
        },
        "dep8": {
            "total_uptime_duration": 1803.7740240097046,
            "total_loading_state_duration": 0.56369948387146,
            "total_deploy_duration": 1801.9063975811005,
            "total_update_duration": 0,
            "total_saving_state_duration": 0.29532504081726074,
            "total_sleeping_time": 5779.282890796661
        },
        "dep5": {
            "total_uptime_duration": 1804.6724512577057,
            "total_loading_state_duration": 0.6031596660614014,
            "total_deploy_duration": 1802.6990151405334,
            "total_update_duration": 0,
            "total_saving_state_duration": 0.32196569442749023,
            "total_sleeping_time": 5774.992792606354
        },
        "dep9": {
            "total_uptime_duration": 1803.7763891220093,
            "total_loading_state_duration": 0.5959377288818359,
            "total_deploy_duration": 1801.8475790023804,
            "total_update_duration": 0,
            "total_saving_state_duration": 0.29684877395629883,
            "total_sleeping_time": 5774.864257097244
        },
        "dep1": {
            "total_uptime_duration": 1804.6291191577911,
            "total_loading_state_duration": 0.584789514541626,
            "total_deploy_duration": 1802.6800673007965,
            "total_update_duration": 0,
            "total_saving_state_duration": 0.32625341415405273,
            "total_sleeping_time": 5847.598529577255
        },
        "dep4": {
            "total_uptime_duration": 1804.8949282169342,
            "total_loading_state_duration": 0.590160608291626,
            "total_deploy_duration": 1802.9527351856232,
            "total_update_duration": 0,
            "total_saving_state_duration": 0.3310542106628418,
            "total_sleeping_time": 5848.434964179993
        },
        "dep0": {
            "total_uptime_duration": 1821.2175483703613,
            "total_loading_state_duration": 0.5856225490570068,
            "total_deploy_duration": 1819.2441194057465,
            "total_update_duration": 0,
            "total_saving_state_duration": 0.3480410575866699,
            "total_sleeping_time": 5828.51549577713
        },
        "dep7": {
            "total_uptime_duration": 1804.3861932754517,
            "total_loading_state_duration": 0.5797145366668701,
            "total_deploy_duration": 1802.455100774765,
            "total_update_duration": 0,
            "total_saving_state_duration": 0.32175469398498535,
            "total_sleeping_time": 5778.5917365550995
        },
        "dep10": {
            "total_uptime_duration": 1804.4541821479797,
            "total_loading_state_duration": 0.5804400444030762,
            "total_deploy_duration": 1802.5097279548645,
            "total_update_duration": 0,
            "total_saving_state_duration": 0.32868432998657227,
            "total_sleeping_time": 5775.554373025894
        },
        "server": {
            "total_uptime_duration": 1805.8378040790558,
            "total_loading_state_duration": 0.6362371444702148,
            "total_deploy_duration": 1803.444343328476,
            "total_update_duration": 0,
            "total_saving_state_duration": 0.7307522296905518,
            "total_sleeping_time": 5839.128413200378
        },
        "dep6": {
            "total_uptime_duration": 1804.3336911201477,
            "total_loading_state_duration": 0.5933561325073242,
            "total_deploy_duration": 1802.3705220222473,
            "total_update_duration": 0,
            "total_saving_state_duration": 0.3196110725402832,
            "total_sleeping_time": 5778.053327798843
        },
        "dep11": {
            "total_uptime_duration": 1804.25541639328,
            "total_loading_state_duration": 0.603522539138794,
            "total_deploy_duration": 1802.3066844940186,
            "total_update_duration": 0,
            "total_saving_state_duration": 0.31890344619750977,
            "total_sleeping_time": 5775.083126306534
        },
        "dep3": {
            "total_uptime_duration": 1804.7804942131042,
            "total_loading_state_duration": 0.5967049598693848,
            "total_deploy_duration": 1802.8304507732391,
            "total_update_duration": 0,
            "total_saving_state_duration": 0.3182942867279053,
            "total_sleeping_time": 5774.221968889236
        }
    }
}