{
    "parameters": {
        "version_concerto_name": "concerto-decentralized",
        "transitions_times_file_name": "/home/anomond/parameters/transitions_times/transitions_times-1-30-deps12-1.json",
        "uptimes_file_name": "/home/anomond/parameters/uptimes/uptimes-60-30-12-0_02-0_05.json",
        "expe_num": 2,
        "cluster": "uvb"
    },
    "global_results": {
        "finished_reconf": true,
        "max_deploy_time": 238.24,
        "max_update_time": 45.11,
        "max_reconf_time": 283.35,
        "max_sleeping_time": 1995.63,
        "max_execution_time": 2254.78
    },
    "results": {
        "dep10": {
            "total_uptime_duration": 257.1461184024811,
            "total_loading_state_duration": 0.3002598285675049,
            "total_deploy_duration": 226.6075620651245,
            "total_update_duration": 30.088188648223877,
            "total_saving_state_duration": 0.07796669006347656,
            "total_sleeping_time": 1925.4610521793365,
            "finished_reconf": true
        },
        "dep4": {
            "total_uptime_duration": 241.90760111808777,
            "total_loading_state_duration": 0.22608089447021484,
            "total_deploy_duration": 213.06758189201355,
            "total_update_duration": 28.489043951034546,
            "total_saving_state_duration": 0.07497549057006836,
            "total_sleeping_time": 1883.486236333847,
            "finished_reconf": true
        },
        "dep9": {
            "total_uptime_duration": 255.42965936660767,
            "total_loading_state_duration": 0.3286449909210205,
            "total_deploy_duration": 238.24357414245605,
            "total_update_duration": 16.724943161010742,
            "total_saving_state_duration": 0.07136225700378418,
            "total_sleeping_time": 1868.7899510860443,
            "finished_reconf": true
        },
        "dep11": {
            "total_uptime_duration": 241.8704867362976,
            "total_loading_state_duration": 0.23756170272827148,
            "total_deploy_duration": 211.39109921455383,
            "total_update_duration": 30.108667135238647,
            "total_saving_state_duration": 0.07553386688232422,
            "total_sleeping_time": 1882.648572921753,
            "finished_reconf": true
        },
        "dep8": {
            "total_uptime_duration": 260.30213809013367,
            "total_loading_state_duration": 0.2184429168701172,
            "total_deploy_duration": 219.47653985023499,
            "total_update_duration": 40.48245048522949,
            "total_saving_state_duration": 0.07457590103149414,
            "total_sleeping_time": 1986.4998517036438,
            "finished_reconf": true
        },
        "dep0": {
            "total_uptime_duration": 269.0493094921112,
            "total_loading_state_duration": 0.2191452980041504,
            "total_deploy_duration": 234.14660668373108,
            "total_update_duration": 34.556010007858276,
            "total_saving_state_duration": 0.07657647132873535,
            "total_sleeping_time": 1985.7279455661774,
            "finished_reconf": true
        },
        "server": {
            "total_uptime_duration": 271.38961386680603,
            "total_loading_state_duration": 0.1836843490600586,
            "total_deploy_duration": 230.11065816879272,
            "total_update_duration": 40.81999611854553,
            "total_saving_state_duration": 0.2253127098083496,
            "total_sleeping_time": 1838.6235148906708,
            "finished_reconf": true
        },
        "dep5": {
            "total_uptime_duration": 257.0106644630432,
            "total_loading_state_duration": 0.32741785049438477,
            "total_deploy_duration": 226.447247505188,
            "total_update_duration": 30.08865976333618,
            "total_saving_state_duration": 0.0831596851348877,
            "total_sleeping_time": 1995.6292657852173,
            "finished_reconf": true
        },
        "dep7": {
            "total_uptime_duration": 256.9814429283142,
            "total_loading_state_duration": 0.2868659496307373,
            "total_deploy_duration": 226.5098934173584,
            "total_update_duration": 30.048494577407837,
            "total_saving_state_duration": 0.07655453681945801,
            "total_sleeping_time": 1926.0701088905334,
            "finished_reconf": true
        },
        "dep1": {
            "total_uptime_duration": 250.65904068946838,
            "total_loading_state_duration": 0.21760916709899902,
            "total_deploy_duration": 226.39323091506958,
            "total_update_duration": 23.926857709884644,
            "total_saving_state_duration": 0.07537984848022461,
            "total_sleeping_time": 1854.2560334205627,
            "finished_reconf": true
        },
        "dep2": {
            "total_uptime_duration": 241.7306923866272,
            "total_loading_state_duration": 0.24355053901672363,
            "total_deploy_duration": 211.31422090530396,
            "total_update_duration": 30.04724621772766,
            "total_saving_state_duration": 0.07129931449890137,
            "total_sleeping_time": 1882.8732559680939,
            "finished_reconf": true
        },
        "dep6": {
            "total_uptime_duration": 257.08256220817566,
            "total_loading_state_duration": 0.25478410720825195,
            "total_deploy_duration": 211.58580565452576,
            "total_update_duration": 45.10563921928406,
            "total_saving_state_duration": 0.07962298393249512,
            "total_sleeping_time": 1924.153089761734,
            "finished_reconf": true
        },
        "dep3": {
            "total_uptime_duration": 241.94380927085876,
            "total_loading_state_duration": 0.2192678451538086,
            "total_deploy_duration": 226.58352303504944,
            "total_update_duration": 15.018769264221191,
            "total_saving_state_duration": 0.07257628440856934,
            "total_sleeping_time": 1881.1164433956146,
            "finished_reconf": true
        }
    }
}