{
    "parameters": {
        "version_concerto_name": "concerto-decentralized",
        "transitions_times_file_name": "/home/anomond/parameters/transitions_times/transitions_times-1-30-deps12-0.json",
        "uptimes_file_name": "/home/anomond/parameters/uptimes/uptimes-60-30-12-0_2-0_3.json",
        "expe_num": 2,
        "cluster": "uvb"
    },
    "global_results": {
        "finished_reconf": true,
        "max_deploy_time": 225.46,
        "max_update_time": 37.0,
        "max_reconf_time": 262.46,
        "max_sleeping_time": 1889.11,
        "max_execution_time": 2131.12
    },
    "results": {
        "dep10": {
            "total_uptime_duration": 237.949551820755,
            "total_loading_state_duration": 0.1549532413482666,
            "total_deploy_duration": 211.39302563667297,
            "total_update_duration": 26.289867877960205,
            "total_saving_state_duration": 0.0696258544921875,
            "total_sleeping_time": 1730.5121171474457,
            "finished_reconf": true
        },
        "dep4": {
            "total_uptime_duration": 230.4031686782837,
            "total_loading_state_duration": 0.17441415786743164,
            "total_deploy_duration": 200.01700568199158,
            "total_update_duration": 30.09911012649536,
            "total_saving_state_duration": 0.06952905654907227,
            "total_sleeping_time": 1740.4720859527588,
            "finished_reconf": true
        },
        "dep9": {
            "total_uptime_duration": 226.9567174911499,
            "total_loading_state_duration": 0.21517324447631836,
            "total_deploy_duration": 211.55203366279602,
            "total_update_duration": 15.061022758483887,
            "total_saving_state_duration": 0.07933616638183594,
            "total_sleeping_time": 1774.2534770965576,
            "finished_reconf": true
        },
        "dep11": {
            "total_uptime_duration": 242.00903916358948,
            "total_loading_state_duration": 0.18125677108764648,
            "total_deploy_duration": 211.51064348220825,
            "total_update_duration": 30.19783115386963,
            "total_saving_state_duration": 0.07593917846679688,
            "total_sleeping_time": 1889.111929178238,
            "finished_reconf": true
        },
        "dep8": {
            "total_uptime_duration": 227.86702346801758,
            "total_loading_state_duration": 0.18753314018249512,
            "total_deploy_duration": 196.35954117774963,
            "total_update_duration": 31.207714796066284,
            "total_saving_state_duration": 0.06863903999328613,
            "total_sleeping_time": 1739.9920670986176,
            "finished_reconf": true
        },
        "dep0": {
            "total_uptime_duration": 241.8742823600769,
            "total_loading_state_duration": 0.1751270294189453,
            "total_deploy_duration": 211.39978694915771,
            "total_update_duration": 30.181899547576904,
            "total_saving_state_duration": 0.07939767837524414,
            "total_sleeping_time": 1855.0356526374817,
            "finished_reconf": true
        },
        "server": {
            "total_uptime_duration": 257.03505635261536,
            "total_loading_state_duration": 0.17451953887939453,
            "total_deploy_duration": 225.4598786830902,
            "total_update_duration": 31.16425895690918,
            "total_saving_state_duration": 0.1907963752746582,
            "total_sleeping_time": 1714.180513381958,
            "finished_reconf": true
        },
        "dep5": {
            "total_uptime_duration": 227.69429111480713,
            "total_loading_state_duration": 0.16011905670166016,
            "total_deploy_duration": 211.49219179153442,
            "total_update_duration": 15.932056903839111,
            "total_saving_state_duration": 0.07044434547424316,
            "total_sleeping_time": 1740.7987644672394,
            "finished_reconf": true
        },
        "dep7": {
            "total_uptime_duration": 247.5595428943634,
            "total_loading_state_duration": 0.2113046646118164,
            "total_deploy_duration": 212.87233805656433,
            "total_update_duration": 34.348060131073,
            "total_saving_state_duration": 0.0767679214477539,
            "total_sleeping_time": 1811.789762020111,
            "finished_reconf": true
        },
        "dep1": {
            "total_uptime_duration": 247.43225574493408,
            "total_loading_state_duration": 0.18160343170166016,
            "total_deploy_duration": 217.09454917907715,
            "total_update_duration": 30.035287141799927,
            "total_saving_state_duration": 0.07645511627197266,
            "total_sleeping_time": 1872.7482266426086,
            "finished_reconf": true
        },
        "dep2": {
            "total_uptime_duration": 234.0304980278015,
            "total_loading_state_duration": 0.18906903266906738,
            "total_deploy_duration": 196.72431659698486,
            "total_update_duration": 36.99924182891846,
            "total_saving_state_duration": 0.07071948051452637,
            "total_sleeping_time": 1767.50767827034,
            "finished_reconf": true
        },
        "dep6": {
            "total_uptime_duration": 241.83637714385986,
            "total_loading_state_duration": 0.16829299926757812,
            "total_deploy_duration": 211.51886177062988,
            "total_update_duration": 30.03199863433838,
            "total_saving_state_duration": 0.07417845726013184,
            "total_sleeping_time": 1823.2132458686829,
            "finished_reconf": true
        },
        "dep3": {
            "total_uptime_duration": 241.6881411075592,
            "total_loading_state_duration": 0.1987168788909912,
            "total_deploy_duration": 211.27040600776672,
            "total_update_duration": 30.099519968032837,
            "total_saving_state_duration": 0.07055139541625977,
            "total_sleeping_time": 1839.4677209854126,
            "finished_reconf": true
        }
    }
}