{
    "parameters": {
        "version_concerto_name": "concerto-decentralized",
        "transitions_times_file_name": "/home/anomond/parameters/transitions_times/transitions_times-1-30-deps12-0.json",
        "uptimes_file_name": "/home/anomond/parameters/uptimes/uptimes-60-30-12-0_5-0_6.json",
        "expe_num": 2,
        "cluster": "uvb"
    },
    "global_results": {
        "finished_reconf": true,
        "max_deploy_time": 134.87,
        "max_update_time": 31.07,
        "max_reconf_time": 165.94,
        "max_sleeping_time": 1196.59,
        "max_execution_time": 1348.0
    },
    "results": {
        "dep10": {
            "total_uptime_duration": 151.41782140731812,
            "total_loading_state_duration": 0.10993123054504395,
            "total_deploy_duration": 121.20610284805298,
            "total_update_duration": 30.026071071624756,
            "total_saving_state_duration": 0.04702568054199219,
            "total_sleeping_time": 1196.5861072540283,
            "finished_reconf": true
        },
        "dep4": {
            "total_uptime_duration": 140.06328749656677,
            "total_loading_state_duration": 0.10745072364807129,
            "total_deploy_duration": 124.824045419693,
            "total_update_duration": 15.063707828521729,
            "total_saving_state_duration": 0.043062686920166016,
            "total_sleeping_time": 1080.346792936325,
            "finished_reconf": true
        },
        "dep9": {
            "total_uptime_duration": 142.25703144073486,
            "total_loading_state_duration": 0.09700989723205566,
            "total_deploy_duration": 121.1514241695404,
            "total_update_duration": 20.94079327583313,
            "total_saving_state_duration": 0.04122304916381836,
            "total_sleeping_time": 1054.2935483455658,
            "finished_reconf": true
        },
        "dep11": {
            "total_uptime_duration": 138.31022000312805,
            "total_loading_state_duration": 0.0915071964263916,
            "total_deploy_duration": 121.22693824768066,
            "total_update_duration": 16.921088695526123,
            "total_saving_state_duration": 0.04378557205200195,
            "total_sleeping_time": 1058.498980998993,
            "finished_reconf": true
        },
        "dep8": {
            "total_uptime_duration": 139.37593340873718,
            "total_loading_state_duration": 0.08742284774780273,
            "total_deploy_duration": 110.43008613586426,
            "total_update_duration": 28.789557218551636,
            "total_saving_state_duration": 0.04316306114196777,
            "total_sleeping_time": 1057.3185441493988,
            "finished_reconf": true
        },
        "dep0": {
            "total_uptime_duration": 140.02672457695007,
            "total_loading_state_duration": 0.09697175025939941,
            "total_deploy_duration": 124.83348417282104,
            "total_update_duration": 15.026785850524902,
            "total_saving_state_duration": 0.04332876205444336,
            "total_sleeping_time": 1074.9450132846832,
            "finished_reconf": true
        },
        "server": {
            "total_uptime_duration": 166.18899750709534,
            "total_loading_state_duration": 0.10473942756652832,
            "total_deploy_duration": 134.87137293815613,
            "total_update_duration": 31.068915605545044,
            "total_saving_state_duration": 0.11547732353210449,
            "total_sleeping_time": 1031.2372002601624,
            "finished_reconf": true
        },
        "dep5": {
            "total_uptime_duration": 151.36999082565308,
            "total_loading_state_duration": 0.10733723640441895,
            "total_deploy_duration": 121.09148144721985,
            "total_update_duration": 30.093199968338013,
            "total_saving_state_duration": 0.04900527000427246,
            "total_sleeping_time": 1176.4529693126678,
            "finished_reconf": true
        },
        "dep7": {
            "total_uptime_duration": 141.9963994026184,
            "total_loading_state_duration": 0.09729766845703125,
            "total_deploy_duration": 122.51717352867126,
            "total_update_duration": 19.313711881637573,
            "total_saving_state_duration": 0.0417788028717041,
            "total_sleeping_time": 1057.1745293140411,
            "finished_reconf": true
        },
        "dep1": {
            "total_uptime_duration": 151.83142042160034,
            "total_loading_state_duration": 0.09446382522583008,
            "total_deploy_duration": 126.71128940582275,
            "total_update_duration": 24.954858779907227,
            "total_saving_state_duration": 0.04349803924560547,
            "total_sleeping_time": 1044.9596133232117,
            "finished_reconf": true
        },
        "dep2": {
            "total_uptime_duration": 136.25576972961426,
            "total_loading_state_duration": 0.10306978225708008,
            "total_deploy_duration": 121.05366277694702,
            "total_update_duration": 15.031968593597412,
            "total_saving_state_duration": 0.04085373878479004,
            "total_sleeping_time": 1065.732920408249,
            "finished_reconf": true
        },
        "dep6": {
            "total_uptime_duration": 151.5803394317627,
            "total_loading_state_duration": 0.10634779930114746,
            "total_deploy_duration": 121.29731440544128,
            "total_update_duration": 30.100863456726074,
            "total_saving_state_duration": 0.04729175567626953,
            "total_sleeping_time": 1158.9108386039734,
            "finished_reconf": true
        },
        "dep3": {
            "total_uptime_duration": 136.28824257850647,
            "total_loading_state_duration": 0.0970604419708252,
            "total_deploy_duration": 121.08560562133789,
            "total_update_duration": 15.040437459945679,
            "total_saving_state_duration": 0.0396730899810791,
            "total_sleeping_time": 1063.743132352829,
            "finished_reconf": true
        }
    }
}