{
    "parameters": {
        "version_concerto_name": "concerto-decentralized",
        "transitions_times_file_name": "/home/anomond/parameters/transitions_times/transitions_times-1-30-deps12-1.json",
        "uptimes_file_name": "/home/anomond/parameters/uptimes/uptimes-60-30-12-0_5-0_6.json",
        "expe_num": 2,
        "cluster": "uvb"
    },
    "global_results": {
        "finished_reconf": true,
        "max_deploy_time": 142.55,
        "max_update_time": 40.8,
        "max_reconf_time": 183.34,
        "max_sleeping_time": 1196.91,
        "max_execution_time": 1350.26
    },
    "results": {
        "dep10": {
            "total_uptime_duration": 151.41434478759766,
            "total_loading_state_duration": 0.11018729209899902,
            "total_deploy_duration": 121.07083868980408,
            "total_update_duration": 30.15685534477234,
            "total_saving_state_duration": 0.04707503318786621,
            "total_sleeping_time": 1196.9051871299744,
            "finished_reconf": true
        },
        "dep4": {
            "total_uptime_duration": 136.45245957374573,
            "total_loading_state_duration": 0.09601616859436035,
            "total_deploy_duration": 121.24924635887146,
            "total_update_duration": 15.03761100769043,
            "total_saving_state_duration": 0.04379391670227051,
            "total_sleeping_time": 1083.9405164718628,
            "finished_reconf": true
        },
        "dep9": {
            "total_uptime_duration": 168.28300666809082,
            "total_loading_state_duration": 0.12151122093200684,
            "total_deploy_duration": 136.3432195186615,
            "total_update_duration": 31.74172043800354,
            "total_saving_state_duration": 0.0452885627746582,
            "total_sleeping_time": 1181.9749491214752,
            "finished_reconf": true
        },
        "dep11": {
            "total_uptime_duration": 147.468918800354,
            "total_loading_state_duration": 0.09132838249206543,
            "total_deploy_duration": 121.14805555343628,
            "total_update_duration": 26.158468008041382,
            "total_saving_state_duration": 0.044072866439819336,
            "total_sleeping_time": 1058.7148640155792,
            "finished_reconf": true
        },
        "dep8": {
            "total_uptime_duration": 145.9284725189209,
            "total_loading_state_duration": 0.08823633193969727,
            "total_deploy_duration": 105.96866869926453,
            "total_update_duration": 39.80472254753113,
            "total_saving_state_duration": 0.04062819480895996,
            "total_sleeping_time": 1060.1955285072327,
            "finished_reconf": true
        },
        "dep0": {
            "total_uptime_duration": 162.2452313899994,
            "total_loading_state_duration": 0.10086822509765625,
            "total_deploy_duration": 142.54647397994995,
            "total_update_duration": 19.528395175933838,
            "total_saving_state_duration": 0.04397749900817871,
            "total_sleeping_time": 1052.829756975174,
            "finished_reconf": true
        },
        "server": {
            "total_uptime_duration": 166.38390851020813,
            "total_loading_state_duration": 0.10393762588500977,
            "total_deploy_duration": 125.33811163902283,
            "total_update_duration": 40.798243284225464,
            "total_saving_state_duration": 0.11492204666137695,
            "total_sleeping_time": 1040.454701423645,
            "finished_reconf": true
        },
        "dep5": {
            "total_uptime_duration": 151.5034236907959,
            "total_loading_state_duration": 0.10171031951904297,
            "total_deploy_duration": 121.22520637512207,
            "total_update_duration": 30.100380420684814,
            "total_saving_state_duration": 0.049054861068725586,
            "total_sleeping_time": 1176.4542684555054,
            "finished_reconf": true
        },
        "dep7": {
            "total_uptime_duration": 142.82208609580994,
            "total_loading_state_duration": 0.09670424461364746,
            "total_deploy_duration": 121.14030051231384,
            "total_update_duration": 21.515204191207886,
            "total_saving_state_duration": 0.04316258430480957,
            "total_sleeping_time": 1063.2782731056213,
            "finished_reconf": true
        },
        "dep1": {
            "total_uptime_duration": 160.4598524570465,
            "total_loading_state_duration": 0.1072537899017334,
            "total_deploy_duration": 121.1926908493042,
            "total_update_duration": 39.08437252044678,
            "total_saving_state_duration": 0.04816269874572754,
            "total_sleeping_time": 1133.697282075882,
            "finished_reconf": true
        },
        "dep2": {
            "total_uptime_duration": 140.27684211730957,
            "total_loading_state_duration": 0.1005697250366211,
            "total_deploy_duration": 115.60195851325989,
            "total_update_duration": 24.505549907684326,
            "total_saving_state_duration": 0.041939496994018555,
            "total_sleeping_time": 1065.6304788589478,
            "finished_reconf": true
        },
        "dep6": {
            "total_uptime_duration": 136.2349534034729,
            "total_loading_state_duration": 0.08874654769897461,
            "total_deploy_duration": 121.05154418945312,
            "total_update_duration": 15.028398752212524,
            "total_saving_state_duration": 0.04204750061035156,
            "total_sleeping_time": 1085.055053949356,
            "finished_reconf": true
        },
        "dep3": {
            "total_uptime_duration": 142.40051794052124,
            "total_loading_state_duration": 0.09247493743896484,
            "total_deploy_duration": 121.01789212226868,
            "total_update_duration": 21.22471332550049,
            "total_saving_state_duration": 0.03972601890563965,
            "total_sleeping_time": 1063.9578638076782,
            "finished_reconf": true
        }
    }
}