{
    "parameters": {
        "version_concerto_name": "concerto-decentralized",
        "transitions_times_file_name": "/home/anomond/parameters/transitions_times/transitions_times-1-30-deps12-0.json",
        "uptimes_file_name": "/home/anomond/parameters/uptimes/uptimes-60-30-12-1-1-1.json",
        "expe_num": 1,
        "cluster": "uvb"
    },
    "results": {
        "dep10": {
            "total_uptime_duration": 55.3922073841095,
            "total_loading_state_duration": 0.014805793762207031,
            "total_deploy_duration": 32.512104988098145,
            "total_update_duration": 6.556510925292969e-05,
            "total_saving_state_duration": 0.005266427993774414,
            "total_sleeping_time": 31.496811866760254
        },
        "dep9": {
            "total_uptime_duration": 55.89529824256897,
            "total_loading_state_duration": 0.01072549819946289,
            "total_deploy_duration": 33.05603384971619,
            "total_update_duration": 7.557868957519531e-05,
            "total_saving_state_duration": 0.005605459213256836,
            "total_sleeping_time": 31.45091462135315
        },
        "dep8": {
            "total_uptime_duration": 55.22939443588257,
            "total_loading_state_duration": 0.014081239700317383,
            "total_deploy_duration": 32.387484550476074,
            "total_update_duration": 7.271766662597656e-05,
            "total_saving_state_duration": 0.005547523498535156,
            "total_sleeping_time": 31.390714406967163
        },
        "dep4": {
            "total_uptime_duration": 55.6008563041687,
            "total_loading_state_duration": 0.01662158966064453,
            "total_deploy_duration": 32.64147329330444,
            "total_update_duration": 6.914138793945312e-05,
            "total_saving_state_duration": 0.004629611968994141,
            "total_sleeping_time": 31.566432237625122
        },
        "dep11": {
            "total_uptime_duration": 55.42085647583008,
            "total_loading_state_duration": 0.0169222354888916,
            "total_deploy_duration": 32.528340101242065,
            "total_update_duration": 6.914138793945312e-05,
            "total_saving_state_duration": 0.0058476924896240234,
            "total_sleeping_time": 31.68175745010376
        },
        "dep0": {
            "total_uptime_duration": 55.25305104255676,
            "total_loading_state_duration": 0.01537179946899414,
            "total_deploy_duration": 32.37401342391968,
            "total_update_duration": 6.937980651855469e-05,
            "total_saving_state_duration": 0.005717277526855469,
            "total_sleeping_time": 31.97607111930847
        },
        "server": {
            "total_uptime_duration": 60.3515350818634,
            "total_loading_state_duration": 0.01434326171875,
            "total_deploy_duration": 37.447829723358154,
            "total_update_duration": 5.936622619628906e-05,
            "total_saving_state_duration": 0.014330387115478516,
            "total_sleeping_time": 27.498206853866577
        },
        "dep3": {
            "total_uptime_duration": 55.99528908729553,
            "total_loading_state_duration": 0.011929988861083984,
            "total_deploy_duration": 33.11715054512024,
            "total_update_duration": 6.222724914550781e-05,
            "total_saving_state_duration": 0.006226778030395508,
            "total_sleeping_time": 32.45826292037964
        },
        "dep5": {
            "total_uptime_duration": 55.350037574768066,
            "total_loading_state_duration": 0.021762847900390625,
            "total_deploy_duration": 32.42080116271973,
            "total_update_duration": 6.556510925292969e-05,
            "total_saving_state_duration": 0.0049321651458740234,
            "total_sleeping_time": 31.307388067245483
        },
        "dep7": {
            "total_uptime_duration": 55.848193407058716,
            "total_loading_state_duration": 0.014896154403686523,
            "total_deploy_duration": 32.983771324157715,
            "total_update_duration": 6.866455078125e-05,
            "total_saving_state_duration": 0.006153583526611328,
            "total_sleeping_time": 31.182783126831055
        },
        "dep6": {
            "total_uptime_duration": 55.35061430931091,
            "total_loading_state_duration": 0.0162351131439209,
            "total_deploy_duration": 32.39433145523071,
            "total_update_duration": 6.794929504394531e-05,
            "total_saving_state_duration": 0.005482673645019531,
            "total_sleeping_time": 32.2326922416687
        },
        "dep1": {
            "total_uptime_duration": 55.38726472854614,
            "total_loading_state_duration": 0.010220766067504883,
            "total_deploy_duration": 32.58483815193176,
            "total_update_duration": 6.866455078125e-05,
            "total_saving_state_duration": 0.005942344665527344,
            "total_sleeping_time": 31.952236890792847
        },
        "dep2": {
            "total_uptime_duration": 55.34440350532532,
            "total_loading_state_duration": 0.012195587158203125,
            "total_deploy_duration": 32.43407082557678,
            "total_update_duration": 6.222724914550781e-05,
            "total_saving_state_duration": 0.004075527191162109,
            "total_sleeping_time": 32.96201229095459
        }
    }
}