{
    "parameters": {
        "version_concerto_name": "concerto-decentralized",
        "transitions_times_file_name": "/home/anomond/parameters/transitions_times/transitions_times-1-30-deps12-1.json",
        "uptimes_file_name": "/home/anomond/parameters/uptimes/uptimes-60-30-12-1-1-1.json",
        "expe_num": 1,
        "cluster": "uvb"
    },
    "results": {
        "dep10": {
            "total_uptime_duration": 60.962591886520386,
            "total_loading_state_duration": 0.02452373504638672,
            "total_deploy_duration": 28.692089796066284,
            "total_update_duration": 31.40044593811035,
            "total_saving_state_duration": 0.010090112686157227,
            "total_sleeping_time": 64.30673837661743
        },
        "dep9": {
            "total_uptime_duration": 61.51723337173462,
            "total_loading_state_duration": 0.020246267318725586,
            "total_deploy_duration": 28.29910159111023,
            "total_update_duration": 31.78610897064209,
            "total_saving_state_duration": 0.01078939437866211,
            "total_sleeping_time": 63.90196752548218
        },
        "dep8": {
            "total_uptime_duration": 61.297187089920044,
            "total_loading_state_duration": 0.020055055618286133,
            "total_deploy_duration": 28.216408729553223,
            "total_update_duration": 31.881134271621704,
            "total_saving_state_duration": 0.010426044464111328,
            "total_sleeping_time": 63.25395131111145
        },
        "dep4": {
            "total_uptime_duration": 61.54169058799744,
            "total_loading_state_duration": 0.03354620933532715,
            "total_deploy_duration": 28.51091980934143,
            "total_update_duration": 31.59905695915222,
            "total_saving_state_duration": 0.010357856750488281,
            "total_sleeping_time": 65.01349449157715
        },
        "dep11": {
            "total_uptime_duration": 60.870644330978394,
            "total_loading_state_duration": 0.02062678337097168,
            "total_deploy_duration": 28.36326503753662,
            "total_update_duration": 31.74991226196289,
            "total_saving_state_duration": 0.010093212127685547,
            "total_sleeping_time": 63.34518623352051
        },
        "dep0": {
            "total_uptime_duration": 61.00918698310852,
            "total_loading_state_duration": 0.024034976959228516,
            "total_deploy_duration": 29.036733388900757,
            "total_update_duration": 31.10750985145569,
            "total_saving_state_duration": 0.009894847869873047,
            "total_sleeping_time": 64.45486211776733
        },
        "server": {
            "total_uptime_duration": 79.22028183937073,
            "total_loading_state_duration": 0.02733016014099121,
            "total_deploy_duration": 28.867849826812744,
            "total_update_duration": 49.44642472267151,
            "total_saving_state_duration": 0.028382062911987305,
            "total_sleeping_time": 47.40617394447327
        },
        "dep3": {
            "total_uptime_duration": 61.107526540756226,
            "total_loading_state_duration": 0.029375791549682617,
            "total_deploy_duration": 28.4401957988739,
            "total_update_duration": 31.685514450073242,
            "total_saving_state_duration": 0.010055780410766602,
            "total_sleeping_time": 64.41318488121033
        },
        "dep5": {
            "total_uptime_duration": 61.018986225128174,
            "total_loading_state_duration": 0.02497696876525879,
            "total_deploy_duration": 28.51562237739563,
            "total_update_duration": 31.532320261001587,
            "total_saving_state_duration": 0.01048421859741211,
            "total_sleeping_time": 64.97411298751831
        },
        "dep7": {
            "total_uptime_duration": 60.93728709220886,
            "total_loading_state_duration": 0.02806401252746582,
            "total_deploy_duration": 28.747772455215454,
            "total_update_duration": 31.422199010849,
            "total_saving_state_duration": 0.009482145309448242,
            "total_sleeping_time": 64.37552738189697
        },
        "dep6": {
            "total_uptime_duration": 61.273635387420654,
            "total_loading_state_duration": 0.02240896224975586,
            "total_deploy_duration": 28.89442253112793,
            "total_update_duration": 31.214881420135498,
            "total_saving_state_duration": 0.010572671890258789,
            "total_sleeping_time": 64.48874378204346
        },
        "dep1": {
            "total_uptime_duration": 60.85856008529663,
            "total_loading_state_duration": 0.017936229705810547,
            "total_deploy_duration": 28.332391023635864,
            "total_update_duration": 31.77234649658203,
            "total_saving_state_duration": 0.01074528694152832,
            "total_sleeping_time": 63.54521083831787
        },
        "dep2": {
            "total_uptime_duration": 60.89024043083191,
            "total_loading_state_duration": 0.02413034439086914,
            "total_deploy_duration": 28.473647117614746,
            "total_update_duration": 31.654619216918945,
            "total_saving_state_duration": 0.009999275207519531,
            "total_sleeping_time": 63.62371754646301
        }
    }
}