{
    "parameters": {
        "version_concerto_name": "concerto-decentralized",
        "transitions_times_file_name": "/home/anomond/parameters/transitions_times/transitions_times-1-30-deps12-0.json",
        "uptimes_file_name": "/home/anomond/parameters/uptimes/uptimes-60-30-12-0_2-0_3.json",
        "expe_num": 1,
        "cluster": "uvb"
    },
    "results": {
        "dep10": {
            "total_uptime_duration": 361.52609300613403,
            "total_loading_state_duration": 0.1364603042602539,
            "total_deploy_duration": 314.8206949234009,
            "total_update_duration": 45.70657515525818,
            "total_saving_state_duration": 0.06138753890991211,
            "total_sleeping_time": 1251.521190404892
        },
        "dep9": {
            "total_uptime_duration": 361.78067922592163,
            "total_loading_state_duration": 0.178480863571167,
            "total_deploy_duration": 331.39654660224915,
            "total_update_duration": 29.33189344406128,
            "total_saving_state_duration": 0.06853127479553223,
            "total_sleeping_time": 1251.3111684322357
        },
        "dep8": {
            "total_uptime_duration": 361.5425374507904,
            "total_loading_state_duration": 0.1259312629699707,
            "total_deploy_duration": 301.2833139896393,
            "total_update_duration": 59.26892399787903,
            "total_saving_state_duration": 0.06531620025634766,
            "total_sleeping_time": 1252.7154145240784
        },
        "dep4": {
            "total_uptime_duration": 390.58517575263977,
            "total_loading_state_duration": 0.12896132469177246,
            "total_deploy_duration": 345.9151825904846,
            "total_update_duration": 29.33383274078369,
            "total_saving_state_duration": 0.061258554458618164,
            "total_sleeping_time": 1190.2046656608582
        },
        "dep11": {
            "total_uptime_duration": 391.89422369003296,
            "total_loading_state_duration": 0.14227700233459473,
            "total_deploy_duration": 331.50581336021423,
            "total_update_duration": 59.38063621520996,
            "total_saving_state_duration": 0.06906485557556152,
            "total_sleeping_time": 1310.8744401931763
        },
        "dep0": {
            "total_uptime_duration": 361.6453049182892,
            "total_loading_state_duration": 0.13793206214904785,
            "total_deploy_duration": 331.4108946323395,
            "total_update_duration": 29.234927892684937,
            "total_saving_state_duration": 0.060506343841552734,
            "total_sleeping_time": 1222.5326390266418
        },
        "server": {
            "total_uptime_duration": 376.7698006629944,
            "total_loading_state_duration": 0.1363070011138916,
            "total_deploy_duration": 330.36707973480225,
            "total_update_duration": 43.717644453048706,
            "total_saving_state_duration": 0.15426993370056152,
            "total_sleeping_time": 1207.6327233314514
        },
        "dep3": {
            "total_uptime_duration": 361.78096413612366,
            "total_loading_state_duration": 0.1577305793762207,
            "total_deploy_duration": 331.45870447158813,
            "total_update_duration": 29.30003833770752,
            "total_saving_state_duration": 0.06291484832763672,
            "total_sleeping_time": 1239.7667586803436
        },
        "dep5": {
            "total_uptime_duration": 361.6294150352478,
            "total_loading_state_duration": 0.1251668930053711,
            "total_deploy_duration": 331.40121030807495,
            "total_update_duration": 29.242890119552612,
            "total_saving_state_duration": 0.06212353706359863,
            "total_sleeping_time": 1231.3876430988312
        },
        "dep7": {
            "total_uptime_duration": 361.6850142478943,
            "total_loading_state_duration": 0.1311802864074707,
            "total_deploy_duration": 331.3811559677124,
            "total_update_duration": 29.301987648010254,
            "total_saving_state_duration": 0.0657813549041748,
            "total_sleeping_time": 1252.316220998764
        },
        "dep6": {
            "total_uptime_duration": 361.64309906959534,
            "total_loading_state_duration": 0.12216615676879883,
            "total_deploy_duration": 301.30546474456787,
            "total_update_duration": 59.3535315990448,
            "total_saving_state_duration": 0.06432080268859863,
            "total_sleeping_time": 1253.1775188446045
        },
        "dep1": {
            "total_uptime_duration": 391.7037625312805,
            "total_loading_state_duration": 0.14420628547668457,
            "total_deploy_duration": 301.3153553009033,
            "total_update_duration": 89.36833095550537,
            "total_saving_state_duration": 0.07286810874938965,
            "total_sleeping_time": 1282.832591533661
        },
        "dep2": {
            "total_uptime_duration": 361.716251373291,
            "total_loading_state_duration": 0.12359118461608887,
            "total_deploy_duration": 301.4197268486023,
            "total_update_duration": 59.30736970901489,
            "total_saving_state_duration": 0.06320548057556152,
            "total_sleeping_time": 1253.4590420722961
        }
    }
}