{
    "parameters": {
        "version_concerto_name": "concerto-decentralized",
        "transitions_times_file_name": "/home/anomond/parameters/transitions_times/transitions_times-1-30-deps12-0.json",
        "uptimes_file_name": "/home/anomond/parameters/uptimes/uptimes-60-30-12-0_5-0_6.json",
        "expe_num": 1,
        "cluster": "uvb"
    },
    "results": {
        "dep10": {
            "total_uptime_duration": 170.18354320526123,
            "total_loading_state_duration": 0.049539804458618164,
            "total_deploy_duration": 120.90548539161682,
            "total_update_duration": 29.29220747947693,
            "total_saving_state_duration": 0.02617478370666504,
            "total_sleeping_time": 537.5763204097748
        },
        "dep9": {
            "total_uptime_duration": 181.11442589759827,
            "total_loading_state_duration": 0.06066298484802246,
            "total_deploy_duration": 136.63936042785645,
            "total_update_duration": 43.59644436836243,
            "total_saving_state_duration": 0.03368735313415527,
            "total_sleeping_time": 635.3283426761627
        },
        "dep8": {
            "total_uptime_duration": 179.03321886062622,
            "total_loading_state_duration": 0.054241180419921875,
            "total_deploy_duration": 149.0200788974762,
            "total_update_duration": 1.2205839157104492,
            "total_saving_state_duration": 0.02679920196533203,
            "total_sleeping_time": 528.9245095252991
        },
        "dep4": {
            "total_uptime_duration": 174.45749831199646,
            "total_loading_state_duration": 0.05578184127807617,
            "total_deploy_duration": 131.38744378089905,
            "total_update_duration": 18.87979507446289,
            "total_saving_state_duration": 0.028307199478149414,
            "total_sleeping_time": 532.6359090805054
        },
        "dep11": {
            "total_uptime_duration": 181.12620329856873,
            "total_loading_state_duration": 0.06406664848327637,
            "total_deploy_duration": 129.152485370636,
            "total_update_duration": 51.09422945976257,
            "total_saving_state_duration": 0.032405853271484375,
            "total_sleeping_time": 648.2153148651123
        },
        "dep0": {
            "total_uptime_duration": 181.2911400794983,
            "total_loading_state_duration": 0.06413912773132324,
            "total_deploy_duration": 125.66797614097595,
            "total_update_duration": 54.739415407180786,
            "total_saving_state_duration": 0.03387331962585449,
            "total_sleeping_time": 622.1593389511108
        },
        "server": {
            "total_uptime_duration": 192.57535934448242,
            "total_loading_state_duration": 0.06152057647705078,
            "total_deploy_duration": 135.91570281982422,
            "total_update_duration": 27.706849098205566,
            "total_saving_state_duration": 0.06557488441467285,
            "total_sleeping_time": 515.6937379837036
        },
        "dep3": {
            "total_uptime_duration": 181.16087198257446,
            "total_loading_state_duration": 0.06505227088928223,
            "total_deploy_duration": 120.95488023757935,
            "total_update_duration": 59.32765316963196,
            "total_saving_state_duration": 0.029692888259887695,
            "total_sleeping_time": 647.8384847640991
        },
        "dep5": {
            "total_uptime_duration": 169.47394704818726,
            "total_loading_state_duration": 0.049030303955078125,
            "total_deploy_duration": 127.0130205154419,
            "total_update_duration": 23.29445767402649,
            "total_saving_state_duration": 0.02595043182373047,
            "total_sleeping_time": 538.9089195728302
        },
        "dep7": {
            "total_uptime_duration": 199.86364340782166,
            "total_loading_state_duration": 0.06549263000488281,
            "total_deploy_duration": 149.38899946212769,
            "total_update_duration": 49.59078121185303,
            "total_saving_state_duration": 0.03293180465698242,
            "total_sleeping_time": 579.5621387958527
        },
        "dep6": {
            "total_uptime_duration": 157.84834146499634,
            "total_loading_state_duration": 0.05654120445251465,
            "total_deploy_duration": 129.89848828315735,
            "total_update_duration": 20.3655002117157,
            "total_saving_state_duration": 0.028012514114379883,
            "total_sleeping_time": 549.4181618690491
        },
        "dep1": {
            "total_uptime_duration": 172.3603527545929,
            "total_loading_state_duration": 0.05379796028137207,
            "total_deploy_duration": 159.45748901367188,
            "total_update_duration": 6.413459777832031e-05,
            "total_saving_state_duration": 0.029564619064331055,
            "total_sleeping_time": 535.398056268692
        },
        "dep2": {
            "total_uptime_duration": 160.6719992160797,
            "total_loading_state_duration": 0.05274653434753418,
            "total_deploy_duration": 133.01915454864502,
            "total_update_duration": 20.854886531829834,
            "total_saving_state_duration": 0.025750398635864258,
            "total_sleeping_time": 547.0195534229279
        }
    }
}