{
    "parameters": {
        "version_concerto_name": "concerto-decentralized",
        "transitions_times_file_name": "/home/anomond/parameters/transitions_times/transitions_times-1-30-deps12-1.json",
        "uptimes_file_name": "/home/anomond/parameters/uptimes/uptimes-60-30-12-0_2-0_3.json",
        "expe_num": 2,
        "cluster": "uvb"
    },
    "global_results": {
        "finished_reconf": true,
        "max_deploy_time": 223.13,
        "max_update_time": 40.81,
        "max_reconf_time": 263.93,
        "max_sleeping_time": 1888.88,
        "max_execution_time": 2130.68
    },
    "results": {
        "dep0": {
            "total_uptime_duration": 254.1289656162262,
            "total_loading_state_duration": 0.1763472557067871,
            "total_deploy_duration": 219.25947523117065,
            "total_update_duration": 34.573856353759766,
            "total_saving_state_duration": 0.07641386985778809,
            "total_sleeping_time": 1841.8670904636383,
            "finished_reconf": true
        },
        "server": {
            "total_uptime_duration": 256.8278031349182,
            "total_loading_state_duration": 0.1711108684539795,
            "total_deploy_duration": 215.6135401725769,
            "total_update_duration": 40.80746650695801,
            "total_saving_state_duration": 0.1899571418762207,
            "total_sleeping_time": 1722.8215110301971,
            "finished_reconf": true
        },
        "dep1": {
            "total_uptime_duration": 250.92819261550903,
            "total_loading_state_duration": 0.16763925552368164,
            "total_deploy_duration": 211.54184579849243,
            "total_update_duration": 39.10285449028015,
            "total_saving_state_duration": 0.07492947578430176,
            "total_sleeping_time": 1868.9865007400513,
            "finished_reconf": true
        },
        "dep10": {
            "total_uptime_duration": 241.6620237827301,
            "total_loading_state_duration": 0.18408203125,
            "total_deploy_duration": 211.3186514377594,
            "total_update_duration": 30.036036252975464,
            "total_saving_state_duration": 0.07403159141540527,
            "total_sleeping_time": 1888.3679337501526,
            "finished_reconf": true
        },
        "dep8": {
            "total_uptime_duration": 237.11232042312622,
            "total_loading_state_duration": 0.20668387413024902,
            "total_deploy_duration": 196.33801317214966,
            "total_update_duration": 40.44489336013794,
            "total_saving_state_duration": 0.07673788070678711,
            "total_sleeping_time": 1739.748523235321,
            "finished_reconf": true
        },
        "dep11": {
            "total_uptime_duration": 241.79711771011353,
            "total_loading_state_duration": 0.20412802696228027,
            "total_deploy_duration": 211.4340784549713,
            "total_update_duration": 30.04501438140869,
            "total_saving_state_duration": 0.0710146427154541,
            "total_sleeping_time": 1888.8780119419098,
            "finished_reconf": true
        },
        "dep4": {
            "total_uptime_duration": 233.91218066215515,
            "total_loading_state_duration": 0.1974794864654541,
            "total_deploy_duration": 196.43756580352783,
            "total_update_duration": 37.167813777923584,
            "total_saving_state_duration": 0.0671999454498291,
            "total_sleeping_time": 1743.5950727462769,
            "finished_reconf": true
        },
        "dep6": {
            "total_uptime_duration": 241.97498059272766,
            "total_loading_state_duration": 0.20940518379211426,
            "total_deploy_duration": 211.58080220222473,
            "total_update_duration": 30.064409971237183,
            "total_saving_state_duration": 0.07423853874206543,
            "total_sleeping_time": 1822.7201771736145,
            "finished_reconf": true
        },
        "dep7": {
            "total_uptime_duration": 241.7812957763672,
            "total_loading_state_duration": 0.19473743438720703,
            "total_deploy_duration": 211.3411808013916,
            "total_update_duration": 30.121442317962646,
            "total_saving_state_duration": 0.07300043106079102,
            "total_sleeping_time": 1817.430340051651,
            "finished_reconf": true
        },
        "dep3": {
            "total_uptime_duration": 241.7413923740387,
            "total_loading_state_duration": 0.16591525077819824,
            "total_deploy_duration": 211.39115166664124,
            "total_update_duration": 30.072117805480957,
            "total_saving_state_duration": 0.07156610488891602,
            "total_sleeping_time": 1839.295604467392,
            "finished_reconf": true
        },
        "dep9": {
            "total_uptime_duration": 240.19109725952148,
            "total_loading_state_duration": 0.2167356014251709,
            "total_deploy_duration": 223.12564897537231,
            "total_update_duration": 16.72180438041687,
            "total_saving_state_duration": 0.06870198249816895,
            "total_sleeping_time": 1760.1749322414398,
            "finished_reconf": true
        },
        "dep5": {
            "total_uptime_duration": 237.04760074615479,
            "total_loading_state_duration": 0.17249727249145508,
            "total_deploy_duration": 211.45609307289124,
            "total_update_duration": 25.305503368377686,
            "total_saving_state_duration": 0.06944394111633301,
            "total_sleeping_time": 1740.264164686203,
            "finished_reconf": true
        },
        "dep2": {
            "total_uptime_duration": 228.53702521324158,
            "total_loading_state_duration": 0.18474936485290527,
            "total_deploy_duration": 196.92015719413757,
            "total_update_duration": 31.322986125946045,
            "total_saving_state_duration": 0.06992459297180176,
            "total_sleeping_time": 1773.3449280261993,
            "finished_reconf": true
        }
    }
}