{
    "parameters": {
        "version_concerto_name": "concerto-decentralized",
        "transitions_times_file_name": "/home/anomond/parameters/transitions_times/transitions_times-1-30-deps12-0.json",
        "uptimes_file_name": "/home/anomond/parameters/uptimes/uptimes-60-30-12-0_5-0_6.json",
        "expe_num": 2,
        "cluster": "uvb"
    },
    "global_results": {
        "finished_reconf": true,
        "max_deploy_time": 135.16,
        "max_update_time": 31.15,
        "max_reconf_time": 166.3,
        "max_sleeping_time": 1197.08,
        "max_execution_time": 1348.41
    },
    "results": {
        "dep0": {
            "total_uptime_duration": 140.18716526031494,
            "total_loading_state_duration": 0.09664297103881836,
            "total_deploy_duration": 125.02317023277283,
            "total_update_duration": 14.99838399887085,
            "total_saving_state_duration": 0.04388880729675293,
            "total_sleeping_time": 1074.8153705596924,
            "finished_reconf": true
        },
        "server": {
            "total_uptime_duration": 166.5542540550232,
            "total_loading_state_duration": 0.10496282577514648,
            "total_deploy_duration": 135.1553454399109,
            "total_update_duration": 31.14827585220337,
            "total_saving_state_duration": 0.11604046821594238,
            "total_sleeping_time": 1030.8363599777222,
            "finished_reconf": true
        },
        "dep1": {
            "total_uptime_duration": 151.90731573104858,
            "total_loading_state_duration": 0.09976410865783691,
            "total_deploy_duration": 126.74768805503845,
            "total_update_duration": 24.989980697631836,
            "total_saving_state_duration": 0.04249429702758789,
            "total_sleeping_time": 1044.515192747116,
            "finished_reconf": true
        },
        "dep10": {
            "total_uptime_duration": 151.32868599891663,
            "total_loading_state_duration": 0.11020135879516602,
            "total_deploy_duration": 121.0873692035675,
            "total_update_duration": 30.05493998527527,
            "total_saving_state_duration": 0.04730844497680664,
            "total_sleeping_time": 1197.0785777568817,
            "finished_reconf": true
        },
        "dep8": {
            "total_uptime_duration": 139.60080075263977,
            "total_loading_state_duration": 0.0984046459197998,
            "total_deploy_duration": 110.45547199249268,
            "total_update_duration": 28.974802255630493,
            "total_saving_state_duration": 0.04509282112121582,
            "total_sleeping_time": 1057.3315031528473,
            "finished_reconf": true
        },
        "dep11": {
            "total_uptime_duration": 138.46594524383545,
            "total_loading_state_duration": 0.09095430374145508,
            "total_deploy_duration": 121.16038179397583,
            "total_update_duration": 17.148700714111328,
            "total_saving_state_duration": 0.04021477699279785,
            "total_sleeping_time": 1058.5900740623474,
            "finished_reconf": true
        },
        "dep4": {
            "total_uptime_duration": 140.1254472732544,
            "total_loading_state_duration": 0.09743666648864746,
            "total_deploy_duration": 124.89277529716492,
            "total_update_duration": 15.068311214447021,
            "total_saving_state_duration": 0.041803836822509766,
            "total_sleeping_time": 1080.3734652996063,
            "finished_reconf": true
        },
        "dep6": {
            "total_uptime_duration": 136.37650346755981,
            "total_loading_state_duration": 0.10013556480407715,
            "total_deploy_duration": 121.15696167945862,
            "total_update_duration": 15.039681911468506,
            "total_saving_state_duration": 0.05332207679748535,
            "total_sleeping_time": 1085.0077741146088,
            "finished_reconf": true
        },
        "dep7": {
            "total_uptime_duration": 142.08395504951477,
            "total_loading_state_duration": 0.09749078750610352,
            "total_deploy_duration": 122.59998178482056,
            "total_update_duration": 19.318109035491943,
            "total_saving_state_duration": 0.041554927825927734,
            "total_sleeping_time": 1057.2157311439514,
            "finished_reconf": true
        },
        "dep3": {
            "total_uptime_duration": 136.5606439113617,
            "total_loading_state_duration": 0.08923888206481934,
            "total_deploy_duration": 121.36999893188477,
            "total_update_duration": 15.036638021469116,
            "total_saving_state_duration": 0.04143857955932617,
            "total_sleeping_time": 1063.5713534355164,
            "finished_reconf": true
        },
        "dep9": {
            "total_uptime_duration": 142.23135089874268,
            "total_loading_state_duration": 0.09789133071899414,
            "total_deploy_duration": 121.00652813911438,
            "total_update_duration": 21.059248208999634,
            "total_saving_state_duration": 0.04058027267456055,
            "total_sleeping_time": 1054.5009152889252,
            "finished_reconf": true
        },
        "dep5": {
            "total_uptime_duration": 151.4039101600647,
            "total_loading_state_duration": 0.10675597190856934,
            "total_deploy_duration": 121.12335133552551,
            "total_update_duration": 30.094685316085815,
            "total_saving_state_duration": 0.05128169059753418,
            "total_sleeping_time": 1176.202071905136,
            "finished_reconf": true
        },
        "dep2": {
            "total_uptime_duration": 136.470965385437,
            "total_loading_state_duration": 0.09653949737548828,
            "total_deploy_duration": 121.25027561187744,
            "total_update_duration": 15.056598901748657,
            "total_saving_state_duration": 0.04226279258728027,
            "total_sleeping_time": 1064.7823295593262,
            "finished_reconf": true
        }
    }
}