{
    "parameters": {
        "version_concerto_name": "concerto-decentralized",
        "transitions_times_file_name": "/home/anomond/parameters/transitions_times/transitions_times-1-30-deps12-0.json",
        "uptimes_file_name": "/home/anomond/parameters/uptimes/uptimes-60-30-12-0_2-0_3.json",
        "expe_num": 2,
        "cluster": "uvb"
    },
    "global_results": {
        "finished_reconf": true,
        "max_deploy_time": 210.45,
        "max_update_time": 49.41,
        "max_reconf_time": 259.86,
        "max_sleeping_time": 1739.71,
        "max_execution_time": 1970.27
    },
    "results": {
        "dep0": {
            "total_uptime_duration": 211.57833528518677,
            "total_loading_state_duration": 0.14642333984375,
            "total_deploy_duration": 196.28744435310364,
            "total_update_duration": 15.041412591934204,
            "total_saving_state_duration": 0.06467127799987793,
            "total_sleeping_time": 1641.5700228214264,
            "finished_reconf": true
        },
        "server": {
            "total_uptime_duration": 241.9378592967987,
            "total_loading_state_duration": 0.16573882102966309,
            "total_deploy_duration": 210.4459936618805,
            "total_update_duration": 31.103883743286133,
            "total_saving_state_duration": 0.17848467826843262,
            "total_sleeping_time": 1600.075127363205,
            "finished_reconf": true
        },
        "dep1": {
            "total_uptime_duration": 217.47241353988647,
            "total_loading_state_duration": 0.16597723960876465,
            "total_deploy_duration": 202.20204949378967,
            "total_update_duration": 14.996322393417358,
            "total_saving_state_duration": 0.06610703468322754,
            "total_sleeping_time": 1625.0613029003143,
            "finished_reconf": true
        },
        "dep10": {
            "total_uptime_duration": 226.66874289512634,
            "total_loading_state_duration": 0.18222284317016602,
            "total_deploy_duration": 181.27481937408447,
            "total_update_duration": 45.10011696815491,
            "total_saving_state_duration": 0.06888890266418457,
            "total_sleeping_time": 1728.810375213623,
            "finished_reconf": true
        },
        "dep8": {
            "total_uptime_duration": 211.55469155311584,
            "total_loading_state_duration": 0.1597731113433838,
            "total_deploy_duration": 181.21121048927307,
            "total_update_duration": 30.07473087310791,
            "total_saving_state_duration": 0.06584572792053223,
            "total_sleeping_time": 1646.3231868743896,
            "finished_reconf": true
        },
        "dep11": {
            "total_uptime_duration": 211.87978792190552,
            "total_loading_state_duration": 0.15114450454711914,
            "total_deploy_duration": 196.52207207679749,
            "total_update_duration": 15.107908010482788,
            "total_saving_state_duration": 0.06224203109741211,
            "total_sleeping_time": 1643.8492441177368,
            "finished_reconf": true
        },
        "dep4": {
            "total_uptime_duration": 230.5549111366272,
            "total_loading_state_duration": 0.1930532455444336,
            "total_deploy_duration": 200.14018392562866,
            "total_update_duration": 30.11270761489868,
            "total_saving_state_duration": 0.06693053245544434,
            "total_sleeping_time": 1739.7146298885345,
            "finished_reconf": true
        },
        "dep6": {
            "total_uptime_duration": 217.6832857131958,
            "total_loading_state_duration": 0.17359137535095215,
            "total_deploy_duration": 181.51329255104065,
            "total_update_duration": 35.88259506225586,
            "total_saving_state_duration": 0.0709829330444336,
            "total_sleeping_time": 1620.1529142856598,
            "finished_reconf": true
        },
        "dep7": {
            "total_uptime_duration": 232.41379117965698,
            "total_loading_state_duration": 0.2028188705444336,
            "total_deploy_duration": 182.68677830696106,
            "total_update_duration": 49.411269426345825,
            "total_saving_state_duration": 0.06608915328979492,
            "total_sleeping_time": 1715.6136445999146,
            "finished_reconf": true
        },
        "dep3": {
            "total_uptime_duration": 226.53195786476135,
            "total_loading_state_duration": 0.1647505760192871,
            "total_deploy_duration": 187.5267689228058,
            "total_update_duration": 38.73014569282532,
            "total_saving_state_duration": 0.06797933578491211,
            "total_sleeping_time": 1705.5289056301117,
            "finished_reconf": true
        },
        "dep9": {
            "total_uptime_duration": 211.71439123153687,
            "total_loading_state_duration": 0.17272353172302246,
            "total_deploy_duration": 181.35774946212769,
            "total_update_duration": 30.080803155899048,
            "total_saving_state_duration": 0.0637960433959961,
            "total_sleeping_time": 1658.3994498252869,
            "finished_reconf": true
        },
        "dep5": {
            "total_uptime_duration": 211.60572409629822,
            "total_loading_state_duration": 0.1588575839996338,
            "total_deploy_duration": 196.25014877319336,
            "total_update_duration": 15.094432353973389,
            "total_saving_state_duration": 0.06407308578491211,
            "total_sleeping_time": 1651.7711396217346,
            "finished_reconf": true
        },
        "dep2": {
            "total_uptime_duration": 220.66736960411072,
            "total_loading_state_duration": 0.16407299041748047,
            "total_deploy_duration": 181.43129205703735,
            "total_update_duration": 38.96841382980347,
            "total_saving_state_duration": 0.06507682800292969,
            "total_sleeping_time": 1618.584297657013,
            "finished_reconf": true
        }
    }
}