{
    "parameters": {
        "version_concerto_name": "concerto-decentralized",
        "transitions_times_file_name": "/home/anomond/parameters/transitions_times/transitions_times-1-30-deps12-1.json",
        "uptimes_file_name": "/home/anomond/parameters/uptimes/uptimes-60-30-12-0_5-0_6.json",
        "expe_num": 2,
        "cluster": "uvb"
    },
    "global_results": {
        "finished_reconf": true,
        "max_deploy_time": 142.59,
        "max_update_time": 40.89,
        "max_reconf_time": 183.48,
        "max_sleeping_time": 1196.78,
        "max_execution_time": 1349.8
    },
    "results": {
        "dep0": {
            "total_uptime_duration": 162.28419852256775,
            "total_loading_state_duration": 0.09711909294128418,
            "total_deploy_duration": 142.59487056732178,
            "total_update_duration": 19.523524045944214,
            "total_saving_state_duration": 0.04414820671081543,
            "total_sleeping_time": 1052.6146972179413,
            "finished_reconf": true
        },
        "server": {
            "total_uptime_duration": 166.65165758132935,
            "total_loading_state_duration": 0.11350107192993164,
            "total_deploy_duration": 125.50261235237122,
            "total_update_duration": 40.88856506347656,
            "total_saving_state_duration": 0.11660885810852051,
            "total_sleeping_time": 1039.597111940384,
            "finished_reconf": true
        },
        "dep1": {
            "total_uptime_duration": 160.36542582511902,
            "total_loading_state_duration": 0.10674619674682617,
            "total_deploy_duration": 121.14770817756653,
            "total_update_duration": 39.03396272659302,
            "total_saving_state_duration": 0.04718160629272461,
            "total_sleeping_time": 1133.592369556427,
            "finished_reconf": true
        },
        "dep10": {
            "total_uptime_duration": 151.3065676689148,
            "total_loading_state_duration": 0.10341382026672363,
            "total_deploy_duration": 120.9703016281128,
            "total_update_duration": 30.159666776657104,
            "total_saving_state_duration": 0.04526257514953613,
            "total_sleeping_time": 1196.7819752693176,
            "finished_reconf": true
        },
        "dep8": {
            "total_uptime_duration": 145.92276978492737,
            "total_loading_state_duration": 0.09010624885559082,
            "total_deploy_duration": 106.05021119117737,
            "total_update_duration": 39.71096706390381,
            "total_saving_state_duration": 0.04523801803588867,
            "total_sleeping_time": 1059.2930550575256,
            "finished_reconf": true
        },
        "dep11": {
            "total_uptime_duration": 147.58309030532837,
            "total_loading_state_duration": 0.0977776050567627,
            "total_deploy_duration": 121.18132638931274,
            "total_update_duration": 26.236974954605103,
            "total_saving_state_duration": 0.04169964790344238,
            "total_sleeping_time": 1058.4007406234741,
            "finished_reconf": true
        },
        "dep4": {
            "total_uptime_duration": 136.37763452529907,
            "total_loading_state_duration": 0.09674215316772461,
            "total_deploy_duration": 121.17805027961731,
            "total_update_duration": 15.029883623123169,
            "total_saving_state_duration": 0.040163516998291016,
            "total_sleeping_time": 1083.787913799286,
            "finished_reconf": true
        },
        "dep6": {
            "total_uptime_duration": 151.40572810173035,
            "total_loading_state_duration": 0.1026601791381836,
            "total_deploy_duration": 121.09193730354309,
            "total_update_duration": 30.135279893875122,
            "total_saving_state_duration": 0.04775571823120117,
            "total_sleeping_time": 1159.1519770622253,
            "finished_reconf": true
        },
        "dep7": {
            "total_uptime_duration": 142.70644664764404,
            "total_loading_state_duration": 0.09428215026855469,
            "total_deploy_duration": 121.00503921508789,
            "total_update_duration": 21.54046869277954,
            "total_saving_state_duration": 0.04082322120666504,
            "total_sleeping_time": 1063.1859247684479,
            "finished_reconf": true
        },
        "dep3": {
            "total_uptime_duration": 142.84853172302246,
            "total_loading_state_duration": 0.0872657299041748,
            "total_deploy_duration": 121.30613708496094,
            "total_update_duration": 21.389418601989746,
            "total_saving_state_duration": 0.04144144058227539,
            "total_sleeping_time": 1063.457783460617,
            "finished_reconf": true
        },
        "dep9": {
            "total_uptime_duration": 168.3244206905365,
            "total_loading_state_duration": 0.11330866813659668,
            "total_deploy_duration": 136.3640215396881,
            "total_update_duration": 31.758707761764526,
            "total_saving_state_duration": 0.057140350341796875,
            "total_sleeping_time": 1181.477483510971,
            "finished_reconf": true
        },
        "dep5": {
            "total_uptime_duration": 151.54437565803528,
            "total_loading_state_duration": 0.10434198379516602,
            "total_deploy_duration": 121.28813672065735,
            "total_update_duration": 30.078285932540894,
            "total_saving_state_duration": 0.04627370834350586,
            "total_sleeping_time": 1175.920576095581,
            "finished_reconf": true
        },
        "dep2": {
            "total_uptime_duration": 140.5386037826538,
            "total_loading_state_duration": 0.09380173683166504,
            "total_deploy_duration": 115.80258584022522,
            "total_update_duration": 24.572196006774902,
            "total_saving_state_duration": 0.043469905853271484,
            "total_sleeping_time": 1064.3990767002106,
            "finished_reconf": true
        }
    }
}