{
    "parameters": {
        "version_concerto_name": "concerto-decentralized-synchrone",
        "transitions_times_file_name": "/home/anomond/parameters/transitions_times/transitions_times-1-30-deps12-0.json",
        "uptimes_file_name": "/home/anomond/parameters/uptimes/uptimes-60-30-12-0_5-0_6.json",
        "expe_num": 1,
        "cluster": "uvb"
    },
    "global_results": {
        "finished_reconf": true,
        "max_deploy_time": 331.96,
        "max_update_time": 289.21,
        "max_reconf_time": 621.17,
        "max_sleeping_time": 1812.34,
        "max_execution_time": 2354.11
    },
    "results": {
        "dep2": {
            "total_uptime_duration": 542.4418053627014,
            "total_loading_state_duration": 0.19088435173034668,
            "total_deploy_duration": 289.5461287498474,
            "total_update_duration": 252.26542735099792,
            "total_saving_state_duration": 0.10146665573120117,
            "total_sleeping_time": 1811.1945168972015,
            "finished_reconf": true
        },
        "dep8": {
            "total_uptime_duration": 514.9525933265686,
            "total_loading_state_duration": 0.17331719398498535,
            "total_deploy_duration": 294.89212465286255,
            "total_update_duration": 219.47411799430847,
            "total_saving_state_duration": 0.0969841480255127,
            "total_sleeping_time": 1730.1480073928833,
            "finished_reconf": true
        },
        "dep1": {
            "total_uptime_duration": 543.8253614902496,
            "total_loading_state_duration": 0.17035913467407227,
            "total_deploy_duration": 286.8280174732208,
            "total_update_duration": 256.4133954048157,
            "total_saving_state_duration": 0.09632706642150879,
            "total_sleeping_time": 1697.4602472782135,
            "finished_reconf": true
        },
        "dep5": {
            "total_uptime_duration": 537.8350558280945,
            "total_loading_state_duration": 0.1764218807220459,
            "total_deploy_duration": 284.4774353504181,
            "total_update_duration": 252.76849055290222,
            "total_saving_state_duration": 0.09624290466308594,
            "total_sleeping_time": 1694.8546829223633,
            "finished_reconf": true
        },
        "dep9": {
            "total_uptime_duration": 523.6993379592896,
            "total_loading_state_duration": 0.1742839813232422,
            "total_deploy_duration": 276.0245933532715,
            "total_update_duration": 247.0872974395752,
            "total_saving_state_duration": 0.09255075454711914,
            "total_sleeping_time": 1721.701721906662,
            "finished_reconf": true
        },
        "dep4": {
            "total_uptime_duration": 560.2691423892975,
            "total_loading_state_duration": 0.1792585849761963,
            "total_deploy_duration": 270.4481592178345,
            "total_update_duration": 289.21494364738464,
            "total_saving_state_duration": 0.09969592094421387,
            "total_sleeping_time": 1792.5495216846466,
            "finished_reconf": true
        },
        "dep0": {
            "total_uptime_duration": 481.4797568321228,
            "total_loading_state_duration": 0.18230509757995605,
            "total_deploy_duration": 307.729656457901,
            "total_update_duration": 173.17279243469238,
            "total_saving_state_duration": 0.09115386009216309,
            "total_sleeping_time": 1601.4462037086487,
            "finished_reconf": true
        },
        "dep7": {
            "total_uptime_duration": 529.7089645862579,
            "total_loading_state_duration": 0.1775069236755371,
            "total_deploy_duration": 275.9870173931122,
            "total_update_duration": 253.12222599983215,
            "total_saving_state_duration": 0.10218501091003418,
            "total_sleeping_time": 1707.9881603717804,
            "finished_reconf": true
        },
        "dep10": {
            "total_uptime_duration": 559.8715879917145,
            "total_loading_state_duration": 0.19099164009094238,
            "total_deploy_duration": 293.3218882083893,
            "total_update_duration": 265.9296495914459,
            "total_saving_state_duration": 0.09467005729675293,
            "total_sleeping_time": 1789.0499379634857,
            "finished_reconf": true
        },
        "server": {
            "total_uptime_duration": 545.8657286167145,
            "total_loading_state_duration": 0.18805527687072754,
            "total_deploy_duration": 331.9592607021332,
            "total_update_duration": 213.1662414073944,
            "total_saving_state_duration": 0.24161911010742188,
            "total_sleeping_time": 1677.7174937725067,
            "finished_reconf": true
        },
        "dep6": {
            "total_uptime_duration": 546.4346971511841,
            "total_loading_state_duration": 0.18632125854492188,
            "total_deploy_duration": 270.4831931591034,
            "total_update_duration": 275.32583117485046,
            "total_saving_state_duration": 0.10342979431152344,
            "total_sleeping_time": 1807.0927186012268,
            "finished_reconf": true
        },
        "dep11": {
            "total_uptime_duration": 524.7034647464752,
            "total_loading_state_duration": 0.16550707817077637,
            "total_deploy_duration": 270.9613027572632,
            "total_update_duration": 253.17873740196228,
            "total_saving_state_duration": 0.09036540985107422,
            "total_sleeping_time": 1720.6101412773132,
            "finished_reconf": true
        },
        "dep3": {
            "total_uptime_duration": 541.7657761573792,
            "total_loading_state_duration": 0.18029165267944336,
            "total_deploy_duration": 270.5717942714691,
            "total_update_duration": 270.5833070278168,
            "total_saving_state_duration": 0.10137104988098145,
            "total_sleeping_time": 1812.3403265476227,
            "finished_reconf": true
        }
    }
}