{
    "parameters": {
        "version_concerto_name": "concerto-decentralized-synchrone",
        "transitions_times_file_name": "/home/anomond/parameters/transitions_times/transitions_times-1-30-deps12-1.json",
        "uptimes_file_name": "/home/anomond/parameters/uptimes/uptimes-60-30-12-0_5-0_6.json",
        "expe_num": 1,
        "cluster": "uvb"
    },
    "global_results": {
        "finished_reconf": true,
        "max_deploy_time": 394.36,
        "max_update_time": 573.95,
        "max_reconf_time": 968.3,
        "max_sleeping_time": 2800.06,
        "max_execution_time": 3645.06
    },
    "results": {
        "dep2": {
            "total_uptime_duration": 783.7820885181427,
            "total_loading_state_duration": 0.27249860763549805,
            "total_deploy_duration": 271.41290068626404,
            "total_update_duration": 511.47040605545044,
            "total_saving_state_duration": 0.14712071418762207,
            "total_sleeping_time": 2599.7101821899414,
            "finished_reconf": true
        },
        "dep8": {
            "total_uptime_duration": 869.6805198192596,
            "total_loading_state_duration": 0.27280735969543457,
            "total_deploy_duration": 294.80703020095825,
            "total_update_duration": 573.9470555782318,
            "total_saving_state_duration": 0.15535473823547363,
            "total_sleeping_time": 2774.955751180649,
            "finished_reconf": true
        },
        "dep1": {
            "total_uptime_duration": 707.2741117477417,
            "total_loading_state_duration": 0.2568058967590332,
            "total_deploy_duration": 279.2875392436981,
            "total_update_duration": 427.14817786216736,
            "total_saving_state_duration": 0.1379249095916748,
            "total_sleeping_time": 2305.36731672287,
            "finished_reconf": true
        },
        "dep5": {
            "total_uptime_duration": 847.9755611419678,
            "total_loading_state_duration": 0.29433274269104004,
            "total_deploy_duration": 284.49873638153076,
            "total_update_duration": 562.5035238265991,
            "total_saving_state_duration": 0.16146302223205566,
            "total_sleeping_time": 2793.750027179718,
            "finished_reconf": true
        },
        "dep9": {
            "total_uptime_duration": 541.8245759010315,
            "total_loading_state_duration": 0.17814064025878906,
            "total_deploy_duration": 294.9289553165436,
            "total_update_duration": 246.28332328796387,
            "total_saving_state_duration": 0.10592484474182129,
            "total_sleeping_time": 1826.7640662193298,
            "finished_reconf": true
        },
        "dep4": {
            "total_uptime_duration": 844.9955778121948,
            "total_loading_state_duration": 0.28304123878479004,
            "total_deploy_duration": 270.73130440711975,
            "total_update_duration": 573.3300824165344,
            "total_saving_state_duration": 0.1495194435119629,
            "total_sleeping_time": 2800.0619566440582,
            "finished_reconf": true
        },
        "dep0": {
            "total_uptime_duration": 685.823545217514,
            "total_loading_state_duration": 0.23388099670410156,
            "total_deploy_duration": 276.53054022789,
            "total_update_duration": 408.525160074234,
            "total_saving_state_duration": 0.12459945678710938,
            "total_sleeping_time": 2168.5033292770386,
            "finished_reconf": true
        },
        "dep7": {
            "total_uptime_duration": 845.5521166324615,
            "total_loading_state_duration": 0.28708457946777344,
            "total_deploy_duration": 351.9736125469208,
            "total_update_duration": 492.62527799606323,
            "total_saving_state_duration": 0.15782642364501953,
            "total_sleeping_time": 2797.3994562625885,
            "finished_reconf": true
        },
        "dep10": {
            "total_uptime_duration": 573.4290449619293,
            "total_loading_state_duration": 0.18540430068969727,
            "total_deploy_duration": 394.35743832588196,
            "total_update_duration": 178.45550918579102,
            "total_saving_state_duration": 0.09688282012939453,
            "total_sleeping_time": 1794.9340631961823,
            "finished_reconf": true
        },
        "server": {
            "total_uptime_duration": 677.7513329982758,
            "total_loading_state_duration": 0.2499380111694336,
            "total_deploy_duration": 331.56444215774536,
            "total_update_duration": 345.22035026550293,
            "total_saving_state_duration": 0.3177189826965332,
            "total_sleeping_time": 2181.7390105724335,
            "finished_reconf": true
        },
        "dep6": {
            "total_uptime_duration": 687.527382850647,
            "total_loading_state_duration": 0.22321462631225586,
            "total_deploy_duration": 270.47697615623474,
            "total_update_duration": 416.2969501018524,
            "total_saving_state_duration": 0.12867999076843262,
            "total_sleeping_time": 2193.490113735199,
            "finished_reconf": true
        },
        "dep11": {
            "total_uptime_duration": 556.2351486682892,
            "total_loading_state_duration": 0.17830181121826172,
            "total_deploy_duration": 271.06851601600647,
            "total_update_duration": 284.55608558654785,
            "total_saving_state_duration": 0.10663580894470215,
            "total_sleeping_time": 1814.0803480148315,
            "finished_reconf": true
        },
        "dep3": {
            "total_uptime_duration": 662.0890710353851,
            "total_loading_state_duration": 0.2207627296447754,
            "total_deploy_duration": 270.483957529068,
            "total_update_duration": 390.87514901161194,
            "total_saving_state_duration": 0.12176179885864258,
            "total_sleeping_time": 2220.7872908115387,
            "finished_reconf": true
        }
    }
}