{
    "parameters": {
        "version_concerto_name": "concerto-decentralized-synchrone",
        "transitions_times_file_name": "/home/anomond/parameters/transitions_times/transitions_times-1-30-deps12-0.json",
        "uptimes_file_name": "/home/anomond/parameters/uptimes/uptimes-60-30-12-0_2-0_3.json",
        "expe_num": 1,
        "cluster": "uvb"
    },
    "global_results": {
        "finished_reconf": false,
        "max_deploy_time": 1808.64,
        "max_update_time": 541.19,
        "max_reconf_time": 2349.83,
        "max_sleeping_time": 5864.8,
        "max_execution_time": 7669.68
    },
    "results": {
        "dep2": {
            "total_uptime_duration": 1805.127269744873,
            "total_loading_state_duration": 0.5975868701934814,
            "total_deploy_duration": 1274.9120688438416,
            "total_update_duration": 528.2564678192139,
            "total_saving_state_duration": 0.31870412826538086,
            "total_sleeping_time": 5849.857986450195
        },
        "dep8": {
            "total_uptime_duration": 1805.5700829029083,
            "total_loading_state_duration": 0.5617496967315674,
            "total_deploy_duration": 1262.4814076423645,
            "total_update_duration": 541.1869404315948,
            "total_saving_state_duration": 0.32056140899658203,
            "total_sleeping_time": 5790.849420309067
        },
        "dep1": {
            "total_uptime_duration": 1804.8854415416718,
            "total_loading_state_duration": 0.5926613807678223,
            "total_deploy_duration": 1292.0550825595856,
            "total_update_duration": 510.83612871170044,
            "total_saving_state_duration": 0.33966779708862305,
            "total_sleeping_time": 5864.798694849014
        },
        "dep5": {
            "total_uptime_duration": 1805.1672668457031,
            "total_loading_state_duration": 0.5858206748962402,
            "total_deploy_duration": 1262.1666676998138,
            "total_update_duration": 541.0285761356354,
            "total_saving_state_duration": 0.33813977241516113,
            "total_sleeping_time": 5855.339407444
        },
        "dep9": {
            "total_uptime_duration": 1805.211586713791,
            "total_loading_state_duration": 0.6534645557403564,
            "total_deploy_duration": 1292.2086856365204,
            "total_update_duration": 510.96428084373474,
            "total_saving_state_duration": 0.3280346393585205,
            "total_sleeping_time": 5827.325800418854
        },
        "dep4": {
            "total_uptime_duration": 1804.8982439041138,
            "total_loading_state_duration": 0.5957968235015869,
            "total_deploy_duration": 1322.231127023697,
            "total_update_duration": 480.6902961730957,
            "total_saving_state_duration": 0.3319282531738281,
            "total_sleeping_time": 5861.654762983322
        },
        "dep0": {
            "total_uptime_duration": 1805.1735754013062,
            "total_loading_state_duration": 0.5725247859954834,
            "total_deploy_duration": 1322.3752508163452,
            "total_update_duration": 480.87500762939453,
            "total_saving_state_duration": 0.321758508682251,
            "total_sleeping_time": 5796.250521183014
        },
        "dep7": {
            "total_uptime_duration": 1805.5198385715485,
            "total_loading_state_duration": 0.6002819538116455,
            "total_deploy_duration": 1312.4506118297577,
            "total_update_duration": 491.07573914527893,
            "total_saving_state_duration": 0.33398008346557617,
            "total_sleeping_time": 5849.06231546402
        },
        "dep10": {
            "total_uptime_duration": 1805.6861689090729,
            "total_loading_state_duration": 0.5873088836669922,
            "total_deploy_duration": 1262.9706990718842,
            "total_update_duration": 540.7570157051086,
            "total_saving_state_duration": 0.3302497863769531,
            "total_sleeping_time": 5862.170880079269
        },
        "server": {
            "total_uptime_duration": 1811.1956224441528,
            "total_loading_state_duration": 0.6530313491821289,
            "total_deploy_duration": 1808.6409640312195,
            "total_update_duration": 0,
            "total_saving_state_duration": 0.848564863204956,
            "total_sleeping_time": 5831.403750181198
        },
        "dep6": {
            "total_uptime_duration": 1805.3935720920563,
            "total_loading_state_duration": 0.5775332450866699,
            "total_deploy_duration": 1316.2598042488098,
            "total_update_duration": 487.22416067123413,
            "total_saving_state_duration": 0.31339049339294434,
            "total_sleeping_time": 5823.199162006378
        },
        "dep11": {
            "total_uptime_duration": 1805.1755788326263,
            "total_loading_state_duration": 0.5748739242553711,
            "total_deploy_duration": 1271.3422303199768,
            "total_update_duration": 531.881240606308,
            "total_saving_state_duration": 0.3355064392089844,
            "total_sleeping_time": 5791.846106052399
        },
        "dep3": {
            "total_uptime_duration": 1805.2533812522888,
            "total_loading_state_duration": 0.5926556587219238,
            "total_deploy_duration": 1294.2615394592285,
            "total_update_duration": 509.03635001182556,
            "total_saving_state_duration": 0.3228640556335449,
            "total_sleeping_time": 5862.955100059509
        }
    }
}