{
    "parameters": {
        "version_concerto_name": "concerto-decentralized",
        "transitions_times_file_name": "/home/anomond/parameters/transitions_times/transitions_times-1-30-deps12-0.json",
        "uptimes_file_name": "/home/anomond/parameters/uptimes/uptimes-60-30-12-0_2-0_3.json",
        "expe_num": 2,
        "cluster": "uvb"
    },
    "global_results": {
        "finished_reconf": true,
        "max_deploy_time": 38.4,
        "max_update_time": 20.83,
        "max_reconf_time": 59.23,
        "max_sleeping_time": 1970.47,
        "max_execution_time": 2002.1
    },
    "results": {
        "dep0": {
            "total_uptime_duration": 21.593703746795654,
            "total_loading_state_duration": 0.1713247299194336,
            "total_deploy_duration": 15.032282829284668,
            "total_update_duration": 6.282386779785156,
            "total_saving_state_duration": 0.05993032455444336,
            "total_sleeping_time": 1833.166194677353,
            "finished_reconf": true
        },
        "server": {
            "total_uptime_duration": 55.69693565368652,
            "total_loading_state_duration": 0.16241669654846191,
            "total_deploy_duration": 38.397990703582764,
            "total_update_duration": 16.907323598861694,
            "total_saving_state_duration": 0.18543314933776855,
            "total_sleeping_time": 1786.928318977356,
            "finished_reconf": true
        },
        "dep1": {
            "total_uptime_duration": 42.69350218772888,
            "total_loading_state_duration": 0.1439647674560547,
            "total_deploy_duration": 30.658674001693726,
            "total_update_duration": 11.795337200164795,
            "total_saving_state_duration": 0.05770730972290039,
            "total_sleeping_time": 1801.0339341163635,
            "finished_reconf": true
        },
        "dep10": {
            "total_uptime_duration": 27.841691970825195,
            "total_loading_state_duration": 0.1801154613494873,
            "total_deploy_duration": 20.898634672164917,
            "total_update_duration": 6.650336265563965,
            "total_saving_state_duration": 0.06317973136901855,
            "total_sleeping_time": 1928.9978375434875,
            "finished_reconf": true
        },
        "dep8": {
            "total_uptime_duration": 26.219834327697754,
            "total_loading_state_duration": 0.18140673637390137,
            "total_deploy_duration": 21.48406481742859,
            "total_update_duration": 4.448767900466919,
            "total_saving_state_duration": 0.05910611152648926,
            "total_sleeping_time": 1832.4966056346893,
            "finished_reconf": true
        },
        "dep11": {
            "total_uptime_duration": 33.60470533370972,
            "total_loading_state_duration": 0.1499638557434082,
            "total_deploy_duration": 18.250691413879395,
            "total_update_duration": 15.104119777679443,
            "total_saving_state_duration": 0.05822253227233887,
            "total_sleeping_time": 1823.5384550094604,
            "finished_reconf": true
        },
        "dep4": {
            "total_uptime_duration": 40.14983248710632,
            "total_loading_state_duration": 0.17145514488220215,
            "total_deploy_duration": 28.761834621429443,
            "total_update_duration": 11.113014936447144,
            "total_saving_state_duration": 0.060141563415527344,
            "total_sleeping_time": 1930.9203553199768,
            "finished_reconf": true
        },
        "dep6": {
            "total_uptime_duration": 20.801940202713013,
            "total_loading_state_duration": 0.1714789867401123,
            "total_deploy_duration": 14.703794479370117,
            "total_update_duration": 5.816822528839111,
            "total_saving_state_duration": 0.06442523002624512,
            "total_sleeping_time": 1911.1355407238007,
            "finished_reconf": true
        },
        "dep7": {
            "total_uptime_duration": 46.89502286911011,
            "total_loading_state_duration": 0.1782071590423584,
            "total_deploy_duration": 25.775318384170532,
            "total_update_duration": 20.83462381362915,
            "total_saving_state_duration": 0.06114029884338379,
            "total_sleeping_time": 1903.1425964832306,
            "finished_reconf": true
        },
        "dep3": {
            "total_uptime_duration": 21.48341202735901,
            "total_loading_state_duration": 0.17563223838806152,
            "total_deploy_duration": 16.139711618423462,
            "total_update_duration": 5.064152956008911,
            "total_saving_state_duration": 0.06253552436828613,
            "total_sleeping_time": 1911.6605758666992,
            "finished_reconf": true
        },
        "dep9": {
            "total_uptime_duration": 23.644899368286133,
            "total_loading_state_duration": 0.15505719184875488,
            "total_deploy_duration": 17.198586225509644,
            "total_update_duration": 6.188400983810425,
            "total_saving_state_duration": 0.0606684684753418,
            "total_sleeping_time": 1848.7904071807861,
            "finished_reconf": true
        },
        "dep5": {
            "total_uptime_duration": 23.243821144104004,
            "total_loading_state_duration": 0.15386056900024414,
            "total_deploy_duration": 13.996300220489502,
            "total_update_duration": 8.993924617767334,
            "total_saving_state_duration": 0.06010031700134277,
            "total_sleeping_time": 1842.110134601593,
            "finished_reconf": true
        },
        "dep2": {
            "total_uptime_duration": 31.626825094223022,
            "total_loading_state_duration": 0.1997239589691162,
            "total_deploy_duration": 15.261943578720093,
            "total_update_duration": 16.056886196136475,
            "total_saving_state_duration": 0.06240415573120117,
            "total_sleeping_time": 1970.4744546413422,
            "finished_reconf": true
        }
    }
}