{
    "parameters": {
        "version_concerto_name": "concerto-decentralized",
        "transitions_times_file_name": "/home/anomond/parameters/transitions_times/transitions_times-1-30-deps12-1.json",
        "uptimes_file_name": "/home/anomond/parameters/uptimes/uptimes-60-30-12-0_02-0_05.json",
        "expe_num": 2,
        "cluster": "uvb"
    },
    "global_results": {
        "finished_reconf": true,
        "max_deploy_time": 38.0,
        "max_update_time": 26.61,
        "max_reconf_time": 64.61,
        "max_sleeping_time": 2213.98,
        "max_execution_time": 2248.61
    },
    "results": {
        "dep6": {
            "total_uptime_duration": 27.696490049362183,
            "total_loading_state_duration": 0.27792930603027344,
            "total_deploy_duration": 18.323479890823364,
            "total_update_duration": 8.959628105163574,
            "total_saving_state_duration": 0.07239341735839844,
            "total_sleeping_time": 2082.3352921009064,
            "finished_reconf": true
        },
        "dep5": {
            "total_uptime_duration": 34.62972712516785,
            "total_loading_state_duration": 0.21555829048156738,
            "total_deploy_duration": 24.438807010650635,
            "total_update_duration": 9.851800203323364,
            "total_saving_state_duration": 0.07154631614685059,
            "total_sleeping_time": 2213.980972290039,
            "finished_reconf": true
        },
        "dep7": {
            "total_uptime_duration": 36.796874046325684,
            "total_loading_state_duration": 0.25530385971069336,
            "total_deploy_duration": 23.173256874084473,
            "total_update_duration": 13.230300664901733,
            "total_saving_state_duration": 0.07381796836853027,
            "total_sleeping_time": 2140.557779788971,
            "finished_reconf": true
        },
        "dep9": {
            "total_uptime_duration": 55.128042459487915,
            "total_loading_state_duration": 0.28547191619873047,
            "total_deploy_duration": 37.99874663352966,
            "total_update_duration": 16.71851420402527,
            "total_saving_state_duration": 0.06750178337097168,
            "total_sleeping_time": 2064.8516347408295,
            "finished_reconf": true
        },
        "dep4": {
            "total_uptime_duration": 24.285683631896973,
            "total_loading_state_duration": 0.23951268196105957,
            "total_deploy_duration": 19.637489795684814,
            "total_update_duration": 4.287755966186523,
            "total_saving_state_duration": 0.06814932823181152,
            "total_sleeping_time": 2035.2995846271515,
            "finished_reconf": true
        },
        "dep8": {
            "total_uptime_duration": 24.17471742630005,
            "total_loading_state_duration": 0.23833537101745605,
            "total_deploy_duration": 16.41446852684021,
            "total_update_duration": 7.395600080490112,
            "total_saving_state_duration": 0.07119584083557129,
            "total_sleeping_time": 2150.1495418548584,
            "finished_reconf": true
        },
        "dep3": {
            "total_uptime_duration": 31.041487455368042,
            "total_loading_state_duration": 0.21608257293701172,
            "total_deploy_duration": 25.01005792617798,
            "total_update_duration": 5.697350025177002,
            "total_saving_state_duration": 0.06822562217712402,
            "total_sleeping_time": 2088.4247391223907,
            "finished_reconf": true
        },
        "server": {
            "total_uptime_duration": 57.21136116981506,
            "total_loading_state_duration": 0.18613505363464355,
            "total_deploy_duration": 30.170956134796143,
            "total_update_duration": 26.60955548286438,
            "total_saving_state_duration": 0.19545578956604004,
            "total_sleeping_time": 2011.7658286094666,
            "finished_reconf": true
        },
        "dep1": {
            "total_uptime_duration": 39.816651821136475,
            "total_loading_state_duration": 0.2601892948150635,
            "total_deploy_duration": 15.49384593963623,
            "total_update_duration": 23.925052404403687,
            "total_saving_state_duration": 0.06790709495544434,
            "total_sleeping_time": 1998.8376235961914,
            "finished_reconf": true
        },
        "dep11": {
            "total_uptime_duration": 23.870275735855103,
            "total_loading_state_duration": 0.24160099029541016,
            "total_deploy_duration": 15.917545080184937,
            "total_update_duration": 7.591627597808838,
            "total_saving_state_duration": 0.06799983978271484,
            "total_sleeping_time": 2027.790552854538,
            "finished_reconf": true
        },
        "dep10": {
            "total_uptime_duration": 26.551934957504272,
            "total_loading_state_duration": 0.2825136184692383,
            "total_deploy_duration": 17.77145004272461,
            "total_update_duration": 8.36475944519043,
            "total_saving_state_duration": 0.07058882713317871,
            "total_sleeping_time": 2152.451916694641,
            "finished_reconf": true
        },
        "dep2": {
            "total_uptime_duration": 26.58413290977478,
            "total_loading_state_duration": 0.28733301162719727,
            "total_deploy_duration": 19.378272533416748,
            "total_update_duration": 6.788249492645264,
            "total_saving_state_duration": 0.07032322883605957,
            "total_sleeping_time": 2092.589441537857,
            "finished_reconf": true
        },
        "dep0": {
            "total_uptime_duration": 54.85868430137634,
            "total_loading_state_duration": 0.2357168197631836,
            "total_deploy_duration": 34.22572112083435,
            "total_update_duration": 20.274283409118652,
            "total_saving_state_duration": 0.07526397705078125,
            "total_sleeping_time": 2174.607291698456,
            "finished_reconf": true
        }
    }
}