{
    "parameters": {
        "version_concerto_name": "concerto-decentralized",
        "transitions_times_file_name": "/home/anomond/parameters/transitions_times/transitions_times-1-30-deps12-1.json",
        "uptimes_file_name": "/home/anomond/parameters/uptimes/uptimes-60-30-12-0_2-0_3.json",
        "expe_num": 2,
        "cluster": "uvb"
    },
    "global_results": {
        "finished_reconf": true,
        "max_deploy_time": 35.83,
        "max_update_time": 26.64,
        "max_reconf_time": 62.47,
        "max_sleeping_time": 1976.2,
        "max_execution_time": 2002.05
    },
    "results": {
        "dep6": {
            "total_uptime_duration": 26.155049085617065,
            "total_loading_state_duration": 0.210113525390625,
            "total_deploy_duration": 16.834248542785645,
            "total_update_duration": 8.996845960617065,
            "total_saving_state_duration": 0.06510686874389648,
            "total_sleeping_time": 1905.2502732276917,
            "finished_reconf": true
        },
        "dep5": {
            "total_uptime_duration": 32.17866826057434,
            "total_loading_state_duration": 0.15708255767822266,
            "total_deploy_duration": 22.82694125175476,
            "total_update_duration": 9.094244480133057,
            "total_saving_state_duration": 0.05961871147155762,
            "total_sleeping_time": 1832.4703550338745,
            "finished_reconf": true
        },
        "dep7": {
            "total_uptime_duration": 35.30952286720276,
            "total_loading_state_duration": 0.20038509368896484,
            "total_deploy_duration": 20.973931550979614,
            "total_update_duration": 14.03037691116333,
            "total_saving_state_duration": 0.06182050704956055,
            "total_sleeping_time": 1915.3658437728882,
            "finished_reconf": true
        },
        "dep9": {
            "total_uptime_duration": 53.534711599349976,
            "total_loading_state_duration": 0.18594574928283691,
            "total_deploy_duration": 35.83240509033203,
            "total_update_duration": 17.41609477996826,
            "total_saving_state_duration": 0.05970287322998047,
            "total_sleeping_time": 1819.3257381916046,
            "finished_reconf": true
        },
        "dep4": {
            "total_uptime_duration": 23.573757648468018,
            "total_loading_state_duration": 0.2016432285308838,
            "total_deploy_duration": 18.274010181427002,
            "total_update_duration": 4.995457649230957,
            "total_saving_state_duration": 0.061856746673583984,
            "total_sleeping_time": 1947.7540113925934,
            "finished_reconf": true
        },
        "dep8": {
            "total_uptime_duration": 21.93793749809265,
            "total_loading_state_duration": 0.15020346641540527,
            "total_deploy_duration": 14.227294921875,
            "total_update_duration": 7.4639575481414795,
            "total_saving_state_duration": 0.05841779708862305,
            "total_sleeping_time": 1836.998850107193,
            "finished_reconf": true
        },
        "dep3": {
            "total_uptime_duration": 30.260007619857788,
            "total_loading_state_duration": 0.17157745361328125,
            "total_deploy_duration": 22.773919105529785,
            "total_update_duration": 7.207721710205078,
            "total_saving_state_duration": 0.06519436836242676,
            "total_sleeping_time": 1902.2034013271332,
            "finished_reconf": true
        },
        "server": {
            "total_uptime_duration": 55.78523778915405,
            "total_loading_state_duration": 0.15944814682006836,
            "total_deploy_duration": 28.761807680130005,
            "total_update_duration": 26.637436389923096,
            "total_saving_state_duration": 0.1830756664276123,
            "total_sleeping_time": 1795.5416643619537,
            "finished_reconf": true
        },
        "dep1": {
            "total_uptime_duration": 39.09253644943237,
            "total_loading_state_duration": 0.19998836517333984,
            "total_deploy_duration": 13.98142695426941,
            "total_update_duration": 24.803719520568848,
            "total_saving_state_duration": 0.06322598457336426,
            "total_sleeping_time": 1893.7805390357971,
            "finished_reconf": true
        },
        "dep11": {
            "total_uptime_duration": 22.21582555770874,
            "total_loading_state_duration": 0.18077659606933594,
            "total_deploy_duration": 15.040149927139282,
            "total_update_duration": 6.890070915222168,
            "total_saving_state_duration": 0.06029796600341797,
            "total_sleeping_time": 1834.5739731788635,
            "finished_reconf": true
        },
        "dep10": {
            "total_uptime_duration": 24.923542976379395,
            "total_loading_state_duration": 0.18630146980285645,
            "total_deploy_duration": 15.559409379959106,
            "total_update_duration": 9.070696830749512,
            "total_saving_state_duration": 0.06337261199951172,
            "total_sleeping_time": 1932.1260964870453,
            "finished_reconf": true
        },
        "dep2": {
            "total_uptime_duration": 25.844167470932007,
            "total_loading_state_duration": 0.17895007133483887,
            "total_deploy_duration": 17.9546160697937,
            "total_update_duration": 7.605132102966309,
            "total_saving_state_duration": 0.0626983642578125,
            "total_sleeping_time": 1976.2042429447174,
            "finished_reconf": true
        },
        "dep0": {
            "total_uptime_duration": 52.62448263168335,
            "total_loading_state_duration": 0.15918636322021484,
            "total_deploy_duration": 32.849661111831665,
            "total_update_duration": 19.519073724746704,
            "total_saving_state_duration": 0.058319091796875,
            "total_sleeping_time": 1801.5858097076416,
            "finished_reconf": true
        }
    }
}