{
    "parameters": {
        "version_concerto_name": "concerto-decentralized",
        "transitions_times_file_name": "/home/anomond/parameters/transitions_times/transitions_times-1-30-deps12-0.json",
        "uptimes_file_name": "/home/anomond/parameters/uptimes/uptimes-60-30-12-0_5-0_6.json",
        "expe_num": 2,
        "cluster": "uvb"
    },
    "global_results": {
        "finished_reconf": true,
        "max_deploy_time": 41.93,
        "max_update_time": 20.08,
        "max_reconf_time": 62.01,
        "max_sleeping_time": 2612.66,
        "max_execution_time": 2642.51
    },
    "results": {
        "dep2": {
            "total_uptime_duration": 34.060659408569336,
            "total_loading_state_duration": 0.20353245735168457,
            "total_deploy_duration": 19.817270755767822,
            "total_update_duration": 13.911847829818726,
            "total_saving_state_duration": 0.07841730117797852,
            "total_sleeping_time": 2478.6876735687256,
            "finished_reconf": true
        },
        "dep8": {
            "total_uptime_duration": 30.77786922454834,
            "total_loading_state_duration": 0.20151066780090332,
            "total_deploy_duration": 26.00673508644104,
            "total_update_duration": 4.434115886688232,
            "total_saving_state_duration": 0.08325743675231934,
            "total_sleeping_time": 2611.736976623535,
            "finished_reconf": true
        },
        "dep1": {
            "total_uptime_duration": 46.585734605789185,
            "total_loading_state_duration": 0.20678138732910156,
            "total_deploy_duration": 34.44627261161804,
            "total_update_duration": 11.800518035888672,
            "total_saving_state_duration": 0.07922029495239258,
            "total_sleeping_time": 2459.9498097896576,
            "finished_reconf": true
        },
        "dep5": {
            "total_uptime_duration": 27.875702619552612,
            "total_loading_state_duration": 0.20995163917541504,
            "total_deploy_duration": 17.783705711364746,
            "total_update_duration": 9.746905088424683,
            "total_saving_state_duration": 0.08232975006103516,
            "total_sleeping_time": 2612.6569356918335,
            "finished_reconf": true
        },
        "dep9": {
            "total_uptime_duration": 28.387344360351562,
            "total_loading_state_duration": 0.20371150970458984,
            "total_deploy_duration": 21.80106830596924,
            "total_update_duration": 6.248004198074341,
            "total_saving_state_duration": 0.0820319652557373,
            "total_sleeping_time": 2578.6778151988983,
            "finished_reconf": true
        },
        "dep4": {
            "total_uptime_duration": 43.27254271507263,
            "total_loading_state_duration": 0.20894861221313477,
            "total_deploy_duration": 31.78330397605896,
            "total_update_duration": 11.150916337966919,
            "total_saving_state_duration": 0.07614421844482422,
            "total_sleeping_time": 2466.7862255573273,
            "finished_reconf": true
        },
        "dep0": {
            "total_uptime_duration": 26.29965853691101,
            "total_loading_state_duration": 0.21207880973815918,
            "total_deploy_duration": 18.144811630249023,
            "total_update_duration": 7.8058412075042725,
            "total_saving_state_duration": 0.08535599708557129,
            "total_sleeping_time": 2588.641825199127,
            "finished_reconf": true
        },
        "dep7": {
            "total_uptime_duration": 50.75234627723694,
            "total_loading_state_duration": 0.21240615844726562,
            "total_deploy_duration": 30.3246910572052,
            "total_update_duration": 20.080203771591187,
            "total_saving_state_duration": 0.0823221206665039,
            "total_sleeping_time": 2539.799479007721,
            "finished_reconf": true
        },
        "dep10": {
            "total_uptime_duration": 31.80713653564453,
            "total_loading_state_duration": 0.21343779563903809,
            "total_deploy_duration": 25.517906188964844,
            "total_update_duration": 5.938058137893677,
            "total_saving_state_duration": 0.08477187156677246,
            "total_sleeping_time": 2552.2964713573456,
            "finished_reconf": true
        },
        "server": {
            "total_uptime_duration": 59.33040928840637,
            "total_loading_state_duration": 0.22225642204284668,
            "total_deploy_duration": 41.93097233772278,
            "total_update_duration": 16.886012315750122,
            "total_saving_state_duration": 0.23359251022338867,
            "total_sleeping_time": 2429.0310394763947,
            "finished_reconf": true
        },
        "dep6": {
            "total_uptime_duration": 23.89788794517517,
            "total_loading_state_duration": 0.1970968246459961,
            "total_deploy_duration": 19.29615569114685,
            "total_update_duration": 4.279737949371338,
            "total_saving_state_duration": 0.07482767105102539,
            "total_sleeping_time": 2471.255923986435,
            "finished_reconf": true
        },
        "dep11": {
            "total_uptime_duration": 38.385501861572266,
            "total_loading_state_duration": 0.20153474807739258,
            "total_deploy_duration": 22.191179752349854,
            "total_update_duration": 15.857432126998901,
            "total_saving_state_duration": 0.08249711990356445,
            "total_sleeping_time": 2567.754801750183,
            "finished_reconf": true
        },
        "dep3": {
            "total_uptime_duration": 25.40458655357361,
            "total_loading_state_duration": 0.2079789638519287,
            "total_deploy_duration": 20.010018348693848,
            "total_update_duration": 5.049246788024902,
            "total_saving_state_duration": 0.08408951759338379,
            "total_sleeping_time": 2588.6211471557617,
            "finished_reconf": true
        }
    }
}