{
    "parameters": {
        "version_concerto_name": "concerto-decentralized-synchrone",
        "transitions_times_file_name": "/home/anomond/parameters/transitions_times/transitions_times-1-30-deps12-0.json",
        "uptimes_file_name": "/home/anomond/parameters/uptimes/uptimes-60-30-12-0_2-0_3.json",
        "expe_num": 1,
        "cluster": "uvb"
    },
    "global_results": {
        "finished_reconf": false,
        "max_deploy_time": 1779.56,
        "max_update_time": 540.94,
        "max_reconf_time": 2320.5,
        "max_sleeping_time": 5863.48,
        "max_execution_time": 7669.07
    },
    "results": {
        "dep2": {
            "total_uptime_duration": 1804.8404631614685,
            "total_loading_state_duration": 0.6012823581695557,
            "total_deploy_duration": 1274.365792274475,
            "total_update_duration": 528.4922785758972,
            "total_saving_state_duration": 0.33033275604248047,
            "total_sleeping_time": 5847.831334590912
        },
        "dep8": {
            "total_uptime_duration": 1804.8935244083405,
            "total_loading_state_duration": 0.5884597301483154,
            "total_deploy_duration": 1261.9959888458252,
            "total_update_duration": 540.9370477199554,
            "total_saving_state_duration": 0.3259899616241455,
            "total_sleeping_time": 5790.113863945007
        },
        "dep1": {
            "total_uptime_duration": 1805.5935189723969,
            "total_loading_state_duration": 0.5734684467315674,
            "total_deploy_duration": 1292.7631170749664,
            "total_update_duration": 510.88268637657166,
            "total_saving_state_duration": 0.33766698837280273,
            "total_sleeping_time": 5863.479366779327
        },
        "dep5": {
            "total_uptime_duration": 1806.3983442783356,
            "total_loading_state_duration": 0.5756757259368896,
            "total_deploy_duration": 1263.6618535518646,
            "total_update_duration": 540.7977960109711,
            "total_saving_state_duration": 0.33170557022094727,
            "total_sleeping_time": 5855.705373048782
        },
        "dep9": {
            "total_uptime_duration": 1804.7766480445862,
            "total_loading_state_duration": 0.5793890953063965,
            "total_deploy_duration": 1321.9966731071472,
            "total_update_duration": 480.85657238960266,
            "total_saving_state_duration": 0.3166053295135498,
            "total_sleeping_time": 5830.1699759960175
        },
        "dep4": {
            "total_uptime_duration": 1805.0716059207916,
            "total_loading_state_duration": 0.5960984230041504,
            "total_deploy_duration": 1322.1306827068329,
            "total_update_duration": 480.97599744796753,
            "total_saving_state_duration": 0.32738232612609863,
            "total_sleeping_time": 5862.180290699005
        },
        "dep0": {
            "total_uptime_duration": 1805.5047225952148,
            "total_loading_state_duration": 0.585068941116333,
            "total_deploy_duration": 1322.744113445282,
            "total_update_duration": 480.8335847854614,
            "total_saving_state_duration": 0.3150448799133301,
            "total_sleeping_time": 5794.803444862366
        },
        "dep7": {
            "total_uptime_duration": 1805.1829664707184,
            "total_loading_state_duration": 0.6015005111694336,
            "total_deploy_duration": 1312.0519156455994,
            "total_update_duration": 491.15022373199463,
            "total_saving_state_duration": 0.33455634117126465,
            "total_sleeping_time": 5852.022722959518
        },
        "dep10": {
            "total_uptime_duration": 1804.8149540424347,
            "total_loading_state_duration": 0.58984375,
            "total_deploy_duration": 1262.4339354038239,
            "total_update_duration": 540.4434673786163,
            "total_saving_state_duration": 0.31040048599243164,
            "total_sleeping_time": 5862.270798206329
        },
        "server": {
            "total_uptime_duration": 1812.1289615631104,
            "total_loading_state_duration": 0.6431841850280762,
            "total_deploy_duration": 1779.5647218227386,
            "total_update_duration": 30.05689787864685,
            "total_saving_state_duration": 0.8196804523468018,
            "total_sleeping_time": 5828.134582281113
        },
        "dep6": {
            "total_uptime_duration": 1805.4289717674255,
            "total_loading_state_duration": 0.570833683013916,
            "total_deploy_duration": 1316.5287606716156,
            "total_update_duration": 486.96166467666626,
            "total_saving_state_duration": 0.3364541530609131,
            "total_sleeping_time": 5822.036078214645
        },
        "dep11": {
            "total_uptime_duration": 1805.03102684021,
            "total_loading_state_duration": 0.5786147117614746,
            "total_deploy_duration": 1271.316638469696,
            "total_update_duration": 531.8141734600067,
            "total_saving_state_duration": 0.3036043643951416,
            "total_sleeping_time": 5790.894417524338
        },
        "dep3": {
            "total_uptime_duration": 1805.4837312698364,
            "total_loading_state_duration": 0.6069960594177246,
            "total_deploy_duration": 1294.2085812091827,
            "total_update_duration": 509.27376103401184,
            "total_saving_state_duration": 0.3314507007598877,
            "total_sleeping_time": 5862.060652971268
        }
    }
}