{
    "parameters": {
        "version_concerto_name": "concerto-decentralized-synchrone",
        "transitions_times_file_name": "/home/anomond/parameters/transitions_times/transitions_times-1-30-deps12-1.json",
        "uptimes_file_name": "/home/anomond/parameters/uptimes/uptimes-60-30-12-0_02-0_05.json",
        "expe_num": 1,
        "cluster": "uvb"
    },
    "global_results": {
        "finished_reconf": false,
        "max_deploy_time": 1819.51,
        "max_update_time": 0,
        "max_reconf_time": 1819.51,
        "max_sleeping_time": 5850.44,
        "max_execution_time": 7654.76
    },
    "results": {
        "dep7": {
            "total_uptime_duration": 1804.5661239624023,
            "total_loading_state_duration": 0.5902299880981445,
            "total_deploy_duration": 1802.6436109542847,
            "total_update_duration": 0,
            "total_saving_state_duration": 0.31102824211120605,
            "total_sleeping_time": 5779.90296292305
        },
        "dep8": {
            "total_uptime_duration": 1804.3024122714996,
            "total_loading_state_duration": 0.5975854396820068,
            "total_deploy_duration": 1802.351618051529,
            "total_update_duration": 0,
            "total_saving_state_duration": 0.31429576873779297,
            "total_sleeping_time": 5780.559490680695
        },
        "dep5": {
            "total_uptime_duration": 1804.6844098567963,
            "total_loading_state_duration": 0.570366621017456,
            "total_deploy_duration": 1802.770602464676,
            "total_update_duration": 0,
            "total_saving_state_duration": 0.3229804039001465,
            "total_sleeping_time": 5778.270662307739
        },
        "dep0": {
            "total_uptime_duration": 1821.5208761692047,
            "total_loading_state_duration": 0.619579553604126,
            "total_deploy_duration": 1819.5134572982788,
            "total_update_duration": 0,
            "total_saving_state_duration": 0.3344383239746094,
            "total_sleeping_time": 5831.156626224518
        },
        "dep2": {
            "total_uptime_duration": 1809.1369342803955,
            "total_loading_state_duration": 0.600386381149292,
            "total_deploy_duration": 1807.1771755218506,
            "total_update_duration": 0,
            "total_saving_state_duration": 0.3235609531402588,
            "total_sleeping_time": 5773.904395103455
        },
        "dep3": {
            "total_uptime_duration": 1804.6848933696747,
            "total_loading_state_duration": 0.7184286117553711,
            "total_deploy_duration": 1802.6020572185516,
            "total_update_duration": 0,
            "total_saving_state_duration": 0.3263661861419678,
            "total_sleeping_time": 5779.590452671051
        },
        "dep10": {
            "total_uptime_duration": 1803.982712984085,
            "total_loading_state_duration": 0.6091370582580566,
            "total_deploy_duration": 1802.0201709270477,
            "total_update_duration": 0,
            "total_saving_state_duration": 0.3090946674346924,
            "total_sleeping_time": 5778.286895275116
        },
        "dep11": {
            "total_uptime_duration": 1804.5481643676758,
            "total_loading_state_duration": 0.5917925834655762,
            "total_deploy_duration": 1802.597543478012,
            "total_update_duration": 0,
            "total_saving_state_duration": 0.3300895690917969,
            "total_sleeping_time": 5778.010114192963
        },
        "dep1": {
            "total_uptime_duration": 1804.3158166408539,
            "total_loading_state_duration": 0.6026859283447266,
            "total_deploy_duration": 1802.3410685062408,
            "total_update_duration": 0,
            "total_saving_state_duration": 0.3189568519592285,
            "total_sleeping_time": 5850.442356109619
        },
        "dep9": {
            "total_uptime_duration": 1804.3897545337677,
            "total_loading_state_duration": 0.5925643444061279,
            "total_deploy_duration": 1802.422772884369,
            "total_update_duration": 0,
            "total_saving_state_duration": 0.32291078567504883,
            "total_sleeping_time": 5777.7321355342865
        },
        "dep4": {
            "total_uptime_duration": 1804.7675845623016,
            "total_loading_state_duration": 0.5957062244415283,
            "total_deploy_duration": 1802.8226940631866,
            "total_update_duration": 0,
            "total_saving_state_duration": 0.3217885494232178,
            "total_sleeping_time": 5849.708249092102
        },
        "dep6": {
            "total_uptime_duration": 1804.6667954921722,
            "total_loading_state_duration": 0.5986354351043701,
            "total_deploy_duration": 1802.7108013629913,
            "total_update_duration": 0,
            "total_saving_state_duration": 0.3194589614868164,
            "total_sleeping_time": 5780.568835020065
        },
        "server": {
            "total_uptime_duration": 1806.065215587616,
            "total_loading_state_duration": 0.632382869720459,
            "total_deploy_duration": 1803.6788482666016,
            "total_update_duration": 0,
            "total_saving_state_duration": 0.7280178070068359,
            "total_sleeping_time": 5844.8295974731445
        }
    }
}