{
    "parameters": {
        "version_concerto_name": "concerto-decentralized",
        "transitions_times_file_name": "/home/anomond/parameters/transitions_times/transitions_times-1-30-deps12-0.json",
        "uptimes_file_name": "/home/anomond/parameters/uptimes/uptimes-60-30-12-0_2-0_3.json",
        "expe_num": 2,
        "cluster": "uvb"
    },
    "global_results": {
        "finished_reconf": true,
        "max_deploy_time": 38.49,
        "max_update_time": 20.79,
        "max_reconf_time": 59.28,
        "max_sleeping_time": 1971.39,
        "max_execution_time": 2002.34
    },
    "results": {
        "dep0": {
            "total_uptime_duration": 21.645222425460815,
            "total_loading_state_duration": 0.16594386100769043,
            "total_deploy_duration": 15.09039568901062,
            "total_update_duration": 6.285682439804077,
            "total_saving_state_duration": 0.06111764907836914,
            "total_sleeping_time": 1833.1842007637024,
            "finished_reconf": true
        },
        "dep6": {
            "total_uptime_duration": 20.860020637512207,
            "total_loading_state_duration": 0.19836139678955078,
            "total_deploy_duration": 14.7433762550354,
            "total_update_duration": 5.800548315048218,
            "total_saving_state_duration": 0.06396985054016113,
            "total_sleeping_time": 1911.4355812072754,
            "finished_reconf": true
        },
        "dep11": {
            "total_uptime_duration": 33.62929010391235,
            "total_loading_state_duration": 0.17716646194458008,
            "total_deploy_duration": 18.24476385116577,
            "total_update_duration": 15.104395866394043,
            "total_saving_state_duration": 0.06042051315307617,
            "total_sleeping_time": 1823.475520849228,
            "finished_reconf": true
        },
        "dep8": {
            "total_uptime_duration": 26.158896684646606,
            "total_loading_state_duration": 0.1777811050415039,
            "total_deploy_duration": 21.44014811515808,
            "total_update_duration": 4.442049980163574,
            "total_saving_state_duration": 0.05802631378173828,
            "total_sleeping_time": 1832.3148617744446,
            "finished_reconf": true
        },
        "dep1": {
            "total_uptime_duration": 42.674285888671875,
            "total_loading_state_duration": 0.16131281852722168,
            "total_deploy_duration": 30.621142864227295,
            "total_update_duration": 11.795137643814087,
            "total_saving_state_duration": 0.0583186149597168,
            "total_sleeping_time": 1801.563045501709,
            "finished_reconf": true
        },
        "dep10": {
            "total_uptime_duration": 27.945713996887207,
            "total_loading_state_duration": 0.19480681419372559,
            "total_deploy_duration": 20.944695472717285,
            "total_update_duration": 6.693451404571533,
            "total_saving_state_duration": 0.062116146087646484,
            "total_sleeping_time": 1928.7506432533264,
            "finished_reconf": true
        },
        "dep2": {
            "total_uptime_duration": 30.951499223709106,
            "total_loading_state_duration": 0.1638500690460205,
            "total_deploy_duration": 15.248296737670898,
            "total_update_duration": 15.428459882736206,
            "total_saving_state_duration": 0.06521034240722656,
            "total_sleeping_time": 1971.3875041007996,
            "finished_reconf": true
        },
        "dep5": {
            "total_uptime_duration": 23.308393955230713,
            "total_loading_state_duration": 0.15726685523986816,
            "total_deploy_duration": 14.059786558151245,
            "total_update_duration": 8.990461111068726,
            "total_saving_state_duration": 0.059509992599487305,
            "total_sleeping_time": 1840.6651391983032,
            "finished_reconf": true
        },
        "dep4": {
            "total_uptime_duration": 40.20577597618103,
            "total_loading_state_duration": 0.1742994785308838,
            "total_deploy_duration": 28.826413869857788,
            "total_update_duration": 11.104699850082397,
            "total_saving_state_duration": 0.06088542938232422,
            "total_sleeping_time": 1931.3301525115967,
            "finished_reconf": true
        },
        "dep7": {
            "total_uptime_duration": 46.86356258392334,
            "total_loading_state_duration": 0.1748638153076172,
            "total_deploy_duration": 25.791832208633423,
            "total_update_duration": 20.78661012649536,
            "total_saving_state_duration": 0.06808686256408691,
            "total_sleeping_time": 1893.2088725566864,
            "finished_reconf": true
        },
        "dep3": {
            "total_uptime_duration": 21.48704481124878,
            "total_loading_state_duration": 0.19127964973449707,
            "total_deploy_duration": 16.1443452835083,
            "total_update_duration": 5.044480800628662,
            "total_saving_state_duration": 0.06414294242858887,
            "total_sleeping_time": 1911.454574584961,
            "finished_reconf": true
        },
        "dep9": {
            "total_uptime_duration": 23.690938234329224,
            "total_loading_state_duration": 0.17360949516296387,
            "total_deploy_duration": 17.223077297210693,
            "total_update_duration": 6.18724250793457,
            "total_saving_state_duration": 0.05911684036254883,
            "total_sleeping_time": 1848.258293390274,
            "finished_reconf": true
        },
        "server": {
            "total_uptime_duration": 55.75129818916321,
            "total_loading_state_duration": 0.162567138671875,
            "total_deploy_duration": 38.4903130531311,
            "total_update_duration": 16.8786838054657,
            "total_saving_state_duration": 0.17574048042297363,
            "total_sleeping_time": 1786.716784954071,
            "finished_reconf": true
        }
    }
}