{
    "parameters": {
        "version_concerto_name": "concerto-decentralized",
        "transitions_times_file_name": "/home/anomond/parameters/transitions_times/transitions_times-1-30-deps12-1.json",
        "uptimes_file_name": "/home/anomond/parameters/uptimes/uptimes-60-30-12-1-1-1.json",
        "expe_num": 1,
        "cluster": "uvb"
    },
    "global_results": {
        "finished_reconf": true,
        "max_deploy_time": 29.29,
        "max_update_time": 50.08,
        "max_reconf_time": 79.37,
        "max_sleeping_time": 65.3,
        "max_execution_time": 126.57
    },
    "results": {
        "dep0": {
            "total_uptime_duration": 61.26009011268616,
            "total_loading_state_duration": 0.019656896591186523,
            "total_deploy_duration": 28.452293634414673,
            "total_update_duration": 32.768415212631226,
            "total_saving_state_duration": 0.011401653289794922,
            "total_sleeping_time": 65.10579681396484,
            "finished_reconf": true
        },
        "server": {
            "total_uptime_duration": 78.81585574150085,
            "total_loading_state_duration": 0.023999452590942383,
            "total_deploy_duration": 28.667621850967407,
            "total_update_duration": 50.084365367889404,
            "total_saving_state_duration": 0.029680490493774414,
            "total_sleeping_time": 46.9570689201355,
            "finished_reconf": true
        },
        "dep1": {
            "total_uptime_duration": 61.27781271934509,
            "total_loading_state_duration": 0.021042823791503906,
            "total_deploy_duration": 29.2852041721344,
            "total_update_duration": 31.953226566314697,
            "total_saving_state_duration": 0.01079416275024414,
            "total_sleeping_time": 65.29623675346375,
            "finished_reconf": true
        },
        "dep10": {
            "total_uptime_duration": 61.07155442237854,
            "total_loading_state_duration": 0.019782543182373047,
            "total_deploy_duration": 28.609145641326904,
            "total_update_duration": 32.42381048202515,
            "total_saving_state_duration": 0.011302709579467773,
            "total_sleeping_time": 64.25567722320557,
            "finished_reconf": true
        },
        "dep8": {
            "total_uptime_duration": 61.15475153923035,
            "total_loading_state_duration": 0.02056598663330078,
            "total_deploy_duration": 28.27704429626465,
            "total_update_duration": 32.83881664276123,
            "total_saving_state_duration": 0.010957002639770508,
            "total_sleeping_time": 64.5551769733429,
            "finished_reconf": true
        },
        "dep11": {
            "total_uptime_duration": 61.01376509666443,
            "total_loading_state_duration": 0.019411563873291016,
            "total_deploy_duration": 28.669058799743652,
            "total_update_duration": 32.305771350860596,
            "total_saving_state_duration": 0.01156473159790039,
            "total_sleeping_time": 63.91629672050476,
            "finished_reconf": true
        },
        "dep4": {
            "total_uptime_duration": 61.087234020233154,
            "total_loading_state_duration": 0.019907236099243164,
            "total_deploy_duration": 28.446180820465088,
            "total_update_duration": 32.602463722229004,
            "total_saving_state_duration": 0.010872602462768555,
            "total_sleeping_time": 64.9470911026001,
            "finished_reconf": true
        },
        "dep6": {
            "total_uptime_duration": 64.57695317268372,
            "total_loading_state_duration": 0.019580364227294922,
            "total_deploy_duration": 28.833393335342407,
            "total_update_duration": 35.706047773361206,
            "total_saving_state_duration": 0.009908914566040039,
            "total_sleeping_time": 60.47498846054077,
            "finished_reconf": true
        },
        "dep7": {
            "total_uptime_duration": 61.66050910949707,
            "total_loading_state_duration": 0.021245956420898438,
            "total_deploy_duration": 28.283954620361328,
            "total_update_duration": 33.33699893951416,
            "total_saving_state_duration": 0.011037349700927734,
            "total_sleeping_time": 63.17264008522034,
            "finished_reconf": true
        },
        "dep3": {
            "total_uptime_duration": 61.00736999511719,
            "total_loading_state_duration": 0.019726037979125977,
            "total_deploy_duration": 28.265434503555298,
            "total_update_duration": 32.70294690132141,
            "total_saving_state_duration": 0.011395454406738281,
            "total_sleeping_time": 62.924617528915405,
            "finished_reconf": true
        },
        "dep9": {
            "total_uptime_duration": 61.33458590507507,
            "total_loading_state_duration": 0.01976919174194336,
            "total_deploy_duration": 28.155932188034058,
            "total_update_duration": 33.139578342437744,
            "total_saving_state_duration": 0.01185917854309082,
            "total_sleeping_time": 63.30538868904114,
            "finished_reconf": true
        },
        "dep5": {
            "total_uptime_duration": 61.70823431015015,
            "total_loading_state_duration": 0.019683122634887695,
            "total_deploy_duration": 28.667423963546753,
            "total_update_duration": 33.002851486206055,
            "total_saving_state_duration": 0.011031627655029297,
            "total_sleeping_time": 63.746930837631226,
            "finished_reconf": true
        },
        "dep2": {
            "total_uptime_duration": 70.99787998199463,
            "total_loading_state_duration": 0.02014946937561035,
            "total_deploy_duration": 28.59573531150818,
            "total_update_duration": 42.36288571357727,
            "total_saving_state_duration": 0.01140904426574707,
            "total_sleeping_time": 54.423643350601196,
            "finished_reconf": true
        }
    }
}