{
    "parameters": {
        "version_concerto_name": "concerto-decentralized",
        "transitions_times_file_name": "/home/anomond/parameters/transitions_times/transitions_times-1-30-deps12-0.json",
        "uptimes_file_name": "/home/anomond/parameters/uptimes/uptimes-60-30-12-1-1-1.json",
        "expe_num": 1,
        "cluster": "uvb"
    },
    "global_results": {
        "finished_reconf": true,
        "max_deploy_time": 141.75,
        "max_update_time": 21.79,
        "max_reconf_time": 163.53,
        "max_sleeping_time": 87.68,
        "max_execution_time": 251.26
    },
    "results": {
        "dep0": {
            "total_uptime_duration": 88.37165904045105,
            "total_loading_state_duration": 0.02091240882873535,
            "total_deploy_duration": 66.7480206489563,
            "total_update_duration": 21.583309412002563,
            "total_saving_state_duration": 0.009300470352172852,
            "total_sleeping_time": 65.56509327888489,
            "finished_reconf": true
        },
        "server": {
            "total_uptime_duration": 104.50200653076172,
            "total_loading_state_duration": 0.025494813919067383,
            "total_deploy_duration": 82.87354350090027,
            "total_update_duration": 21.563401222229004,
            "total_saving_state_duration": 0.026521921157836914,
            "total_sleeping_time": 50.33028435707092,
            "finished_reconf": true
        },
        "dep1": {
            "total_uptime_duration": 88.31940722465515,
            "total_loading_state_duration": 0.027594566345214844,
            "total_deploy_duration": 66.69397711753845,
            "total_update_duration": 21.57130217552185,
            "total_saving_state_duration": 0.010650873184204102,
            "total_sleeping_time": 64.6828498840332,
            "finished_reconf": true
        },
        "dep10": {
            "total_uptime_duration": 88.54571962356567,
            "total_loading_state_duration": 0.026247024536132812,
            "total_deploy_duration": 66.94288158416748,
            "total_update_duration": 21.551025867462158,
            "total_saving_state_duration": 0.010124683380126953,
            "total_sleeping_time": 64.95505166053772,
            "finished_reconf": true
        },
        "dep8": {
            "total_uptime_duration": 88.83642315864563,
            "total_loading_state_duration": 0.02359175682067871,
            "total_deploy_duration": 67.16658043861389,
            "total_update_duration": 21.625556230545044,
            "total_saving_state_duration": 0.009090662002563477,
            "total_sleeping_time": 64.94235754013062,
            "finished_reconf": true
        },
        "dep11": {
            "total_uptime_duration": 88.34820652008057,
            "total_loading_state_duration": 0.02247929573059082,
            "total_deploy_duration": 66.74696731567383,
            "total_update_duration": 21.557793855667114,
            "total_saving_state_duration": 0.010354042053222656,
            "total_sleeping_time": 64.67846870422363,
            "finished_reconf": true
        },
        "dep4": {
            "total_uptime_duration": 92.69926500320435,
            "total_loading_state_duration": 0.021341562271118164,
            "total_deploy_duration": 71.10478329658508,
            "total_update_duration": 21.550645351409912,
            "total_saving_state_duration": 0.010028839111328125,
            "total_sleeping_time": 60.94344115257263,
            "finished_reconf": true
        },
        "dep6": {
            "total_uptime_duration": 88.40839409828186,
            "total_loading_state_duration": 0.021044254302978516,
            "total_deploy_duration": 66.74497556686401,
            "total_update_duration": 21.62141704559326,
            "total_saving_state_duration": 0.009928464889526367,
            "total_sleeping_time": 64.39751863479614,
            "finished_reconf": true
        },
        "dep7": {
            "total_uptime_duration": 91.29101204872131,
            "total_loading_state_duration": 0.023211002349853516,
            "total_deploy_duration": 69.66131663322449,
            "total_update_duration": 21.583394527435303,
            "total_saving_state_duration": 0.010447502136230469,
            "total_sleeping_time": 61.31207752227783,
            "finished_reconf": true
        },
        "dep3": {
            "total_uptime_duration": 88.86107969284058,
            "total_loading_state_duration": 0.01870131492614746,
            "total_deploy_duration": 67.22385549545288,
            "total_update_duration": 21.598721504211426,
            "total_saving_state_duration": 0.009359121322631836,
            "total_sleeping_time": 65.2314293384552,
            "finished_reconf": true
        },
        "dep9": {
            "total_uptime_duration": 88.67324423789978,
            "total_loading_state_duration": 0.02427220344543457,
            "total_deploy_duration": 67.13271999359131,
            "total_update_duration": 21.494437217712402,
            "total_saving_state_duration": 0.009920120239257812,
            "total_sleeping_time": 65.06777882575989,
            "finished_reconf": true
        },
        "dep5": {
            "total_uptime_duration": 88.68206262588501,
            "total_loading_state_duration": 0.01822209358215332,
            "total_deploy_duration": 67.01293349266052,
            "total_update_duration": 21.629742860794067,
            "total_saving_state_duration": 0.00998544692993164,
            "total_sleeping_time": 64.54293179512024,
            "finished_reconf": true
        },
        "dep2": {
            "total_uptime_duration": 163.5738227367401,
            "total_loading_state_duration": 0.017259836196899414,
            "total_deploy_duration": 141.74782586097717,
            "total_update_duration": 21.786339282989502,
            "total_saving_state_duration": 0.009716987609863281,
            "total_sleeping_time": 87.68185806274414,
            "finished_reconf": true
        }
    }
}