{
    "parameters": {
        "version_concerto_name": "concerto-decentralized",
        "transitions_times_file_name": "/home/anomond/parameters/transitions_times/transitions_times-1-30-deps12-1.json",
        "uptimes_file_name": "/home/anomond/parameters/uptimes/uptimes-60-30-12-0_5-0_6.json",
        "expe_num": 2,
        "cluster": "uvb"
    },
    "global_results": {
        "finished_reconf": true,
        "max_deploy_time": 40.39,
        "max_update_time": 26.61,
        "max_reconf_time": 67.0,
        "max_sleeping_time": 2614.32,
        "max_execution_time": 2640.87
    },
    "results": {
        "dep6": {
            "total_uptime_duration": 29.995779037475586,
            "total_loading_state_duration": 0.20473337173461914,
            "total_deploy_duration": 21.403851985931396,
            "total_update_duration": 8.255083084106445,
            "total_saving_state_duration": 0.07988786697387695,
            "total_sleeping_time": 2571.181744337082,
            "finished_reconf": true
        },
        "dep5": {
            "total_uptime_duration": 36.92273426055908,
            "total_loading_state_duration": 0.20990276336669922,
            "total_deploy_duration": 26.729593515396118,
            "total_update_duration": 9.847590684890747,
            "total_saving_state_duration": 0.08398890495300293,
            "total_sleeping_time": 2600.919989347458,
            "finished_reconf": true
        },
        "dep7": {
            "total_uptime_duration": 39.08848714828491,
            "total_loading_state_duration": 0.19737625122070312,
            "total_deploy_duration": 24.745753526687622,
            "total_update_duration": 14.011852264404297,
            "total_saving_state_duration": 0.08215880393981934,
            "total_sleeping_time": 2549.931027173996,
            "finished_reconf": true
        },
        "dep9": {
            "total_uptime_duration": 58.20195150375366,
            "total_loading_state_duration": 0.21019315719604492,
            "total_deploy_duration": 40.38614559173584,
            "total_update_duration": 17.470550775527954,
            "total_saving_state_duration": 0.08172750473022461,
            "total_sleeping_time": 2548.0621161460876,
            "finished_reconf": true
        },
        "dep4": {
            "total_uptime_duration": 26.62971043586731,
            "total_loading_state_duration": 0.20889782905578613,
            "total_deploy_duration": 21.2547664642334,
            "total_update_duration": 5.034654378890991,
            "total_saving_state_duration": 0.07945942878723145,
            "total_sleeping_time": 2482.562082529068,
            "finished_reconf": true
        },
        "dep8": {
            "total_uptime_duration": 26.557203769683838,
            "total_loading_state_duration": 0.20493340492248535,
            "total_deploy_duration": 18.016196250915527,
            "total_update_duration": 8.203923225402832,
            "total_saving_state_duration": 0.07981467247009277,
            "total_sleeping_time": 2614.317601919174,
            "finished_reconf": true
        },
        "dep3": {
            "total_uptime_duration": 34.084659814834595,
            "total_loading_state_duration": 0.209639310836792,
            "total_deploy_duration": 27.292887210845947,
            "total_update_duration": 6.443339586257935,
            "total_saving_state_duration": 0.08678984642028809,
            "total_sleeping_time": 2578.4811334609985,
            "finished_reconf": true
        },
        "server": {
            "total_uptime_duration": 59.40818238258362,
            "total_loading_state_duration": 0.22116971015930176,
            "total_deploy_duration": 32.28963541984558,
            "total_update_duration": 26.609549045562744,
            "total_saving_state_duration": 0.2309410572052002,
            "total_sleeping_time": 2436.994327545166,
            "finished_reconf": true
        },
        "dep1": {
            "total_uptime_duration": 42.15903115272522,
            "total_loading_state_duration": 0.1936333179473877,
            "total_deploy_duration": 17.808265686035156,
            "total_update_duration": 24.02774453163147,
            "total_saving_state_duration": 0.07982397079467773,
            "total_sleeping_time": 2462.54535984993,
            "finished_reconf": true
        },
        "dep11": {
            "total_uptime_duration": 26.982881546020508,
            "total_loading_state_duration": 0.2101757526397705,
            "total_deploy_duration": 18.223113536834717,
            "total_update_duration": 8.41245722770691,
            "total_saving_state_duration": 0.08235979080200195,
            "total_sleeping_time": 2577.790188074112,
            "finished_reconf": true
        },
        "dep10": {
            "total_uptime_duration": 28.790035247802734,
            "total_loading_state_duration": 0.21089649200439453,
            "total_deploy_duration": 20.09700059890747,
            "total_update_duration": 8.345438241958618,
            "total_saving_state_duration": 0.08340024948120117,
            "total_sleeping_time": 2553.986613512039,
            "finished_reconf": true
        },
        "dep2": {
            "total_uptime_duration": 28.943533182144165,
            "total_loading_state_duration": 0.20442652702331543,
            "total_deploy_duration": 22.519282817840576,
            "total_update_duration": 6.087483167648315,
            "total_saving_state_duration": 0.0773780345916748,
            "total_sleeping_time": 2481.79185962677,
            "finished_reconf": true
        },
        "dep0": {
            "total_uptime_duration": 57.232457637786865,
            "total_loading_state_duration": 0.21772146224975586,
            "total_deploy_duration": 35.83509016036987,
            "total_update_duration": 21.04288339614868,
            "total_saving_state_duration": 0.08471941947937012,
            "total_sleeping_time": 2556.4202709198,
            "finished_reconf": true
        }
    }
}