{
    "parameters": {
        "version_concerto_name": "concerto-decentralized",
        "transitions_times_file_name": "/home/anomond/parameters/transitions_times/transitions_times-1-30-deps12-1.json",
        "uptimes_file_name": "/home/anomond/parameters/uptimes/uptimes-60-30-12-0_02-0_05.json",
        "expe_num": 2,
        "cluster": "uvb"
    },
    "global_results": {
        "finished_reconf": true,
        "max_deploy_time": 38.05,
        "max_update_time": 26.61,
        "max_reconf_time": 64.66,
        "max_sleeping_time": 2223.49,
        "max_execution_time": 2255.36
    },
    "results": {
        "dep7": {
            "total_uptime_duration": 36.63413405418396,
            "total_loading_state_duration": 0.2361910343170166,
            "total_deploy_duration": 23.07206702232361,
            "total_update_duration": 13.204222917556763,
            "total_saving_state_duration": 0.06839132308959961,
            "total_sleeping_time": 2148.139204978943,
            "finished_reconf": true
        },
        "dep9": {
            "total_uptime_duration": 55.17064642906189,
            "total_loading_state_duration": 0.2783675193786621,
            "total_deploy_duration": 38.04700064659119,
            "total_update_duration": 16.711994171142578,
            "total_saving_state_duration": 0.07248497009277344,
            "total_sleeping_time": 2070.6571519374847,
            "finished_reconf": true
        },
        "dep6": {
            "total_uptime_duration": 27.655021905899048,
            "total_loading_state_duration": 0.24067163467407227,
            "total_deploy_duration": 18.34000277519226,
            "total_update_duration": 8.953236103057861,
            "total_saving_state_duration": 0.07349443435668945,
            "total_sleeping_time": 2155.2995085716248,
            "finished_reconf": true
        },
        "dep5": {
            "total_uptime_duration": 34.57898449897766,
            "total_loading_state_duration": 0.22827649116516113,
            "total_deploy_duration": 24.356597900390625,
            "total_update_duration": 9.871122121810913,
            "total_saving_state_duration": 0.07310867309570312,
            "total_sleeping_time": 2219.487676858902,
            "finished_reconf": true
        },
        "dep4": {
            "total_uptime_duration": 24.329230070114136,
            "total_loading_state_duration": 0.2279202938079834,
            "total_deploy_duration": 19.69781184196472,
            "total_update_duration": 4.282145977020264,
            "total_saving_state_duration": 0.07103157043457031,
            "total_sleeping_time": 2102.311505317688,
            "finished_reconf": true
        },
        "dep8": {
            "total_uptime_duration": 24.1395366191864,
            "total_loading_state_duration": 0.21398305892944336,
            "total_deploy_duration": 16.40579056739807,
            "total_update_duration": 7.395387887954712,
            "total_saving_state_duration": 0.07348203659057617,
            "total_sleeping_time": 2223.4857501983643,
            "finished_reconf": true
        },
        "dep3": {
            "total_uptime_duration": 31.064327478408813,
            "total_loading_state_duration": 0.2636148929595947,
            "total_deploy_duration": 24.99303960800171,
            "total_update_duration": 5.685340166091919,
            "total_saving_state_duration": 0.07214474678039551,
            "total_sleeping_time": 2091.9003908634186,
            "finished_reconf": true
        },
        "server": {
            "total_uptime_duration": 57.20064449310303,
            "total_loading_state_duration": 0.18118000030517578,
            "total_deploy_duration": 30.1669921875,
            "total_update_duration": 26.60985517501831,
            "total_saving_state_duration": 0.19342589378356934,
            "total_sleeping_time": 2052.278487920761,
            "finished_reconf": true
        },
        "dep1": {
            "total_uptime_duration": 39.79195690155029,
            "total_loading_state_duration": 0.23380255699157715,
            "total_deploy_duration": 15.411242246627808,
            "total_update_duration": 24.026774883270264,
            "total_saving_state_duration": 0.06922721862792969,
            "total_sleeping_time": 2064.367550134659,
            "finished_reconf": true
        },
        "dep0": {
            "total_uptime_duration": 54.930270195007324,
            "total_loading_state_duration": 0.23481535911560059,
            "total_deploy_duration": 34.29000425338745,
            "total_update_duration": 20.280916690826416,
            "total_saving_state_duration": 0.07341384887695312,
            "total_sleeping_time": 2200.42498922348,
            "finished_reconf": true
        },
        "dep2": {
            "total_uptime_duration": 26.517221450805664,
            "total_loading_state_duration": 0.20984673500061035,
            "total_deploy_duration": 19.38632583618164,
            "total_update_duration": 6.802225351333618,
            "total_saving_state_duration": 0.07341957092285156,
            "total_sleeping_time": 2098.2851898670197,
            "finished_reconf": true
        },
        "dep11": {
            "total_uptime_duration": 23.95021653175354,
            "total_loading_state_duration": 0.2661457061767578,
            "total_deploy_duration": 15.97562289237976,
            "total_update_duration": 7.590503692626953,
            "total_saving_state_duration": 0.06508636474609375,
            "total_sleeping_time": 2101.1910405158997,
            "finished_reconf": true
        },
        "dep10": {
            "total_uptime_duration": 26.596227169036865,
            "total_loading_state_duration": 0.28226184844970703,
            "total_deploy_duration": 17.826951503753662,
            "total_update_duration": 8.356173753738403,
            "total_saving_state_duration": 0.07225799560546875,
            "total_sleeping_time": 2155.248441696167,
            "finished_reconf": true
        }
    }
}