{
    "parameters": {
        "version_concerto_name": "concerto-decentralized",
        "transitions_times_file_name": "/home/anomond/parameters/transitions_times/transitions_times-1-30-deps12-0.json",
        "uptimes_file_name": "/home/anomond/parameters/uptimes/uptimes-60-30-12-0_02-0_05.json",
        "expe_num": 1,
        "cluster": "uvb"
    },
    "results": {
        "dep10": {
            "total_uptime_duration": 451.91137766838074,
            "total_loading_state_duration": 0.2272346019744873,
            "total_deploy_duration": 361.4030215740204,
            "total_update_duration": 89.37312150001526,
            "total_saving_state_duration": 0.07509350776672363,
            "total_sleeping_time": 1473.1785225868225
        },
        "dep9": {
            "total_uptime_duration": 452.26142048835754,
            "total_loading_state_duration": 0.2738475799560547,
            "total_deploy_duration": 391.76430439949036,
            "total_update_duration": 59.328782081604004,
            "total_saving_state_duration": 0.08042144775390625,
            "total_sleeping_time": 1543.1283791065216
        },
        "dep8": {
            "total_uptime_duration": 421.825585603714,
            "total_loading_state_duration": 0.19628000259399414,
            "total_deploy_duration": 361.41676139831543,
            "total_update_duration": 59.328794956207275,
            "total_saving_state_duration": 0.07480216026306152,
            "total_sleeping_time": 1423.4844505786896
        },
        "dep4": {
            "total_uptime_duration": 421.87464904785156,
            "total_loading_state_duration": 0.19237709045410156,
            "total_deploy_duration": 391.48287320137024,
            "total_update_duration": 29.31275200843811,
            "total_saving_state_duration": 0.07366681098937988,
            "total_sleeping_time": 1429.550002336502
        },
        "dep11": {
            "total_uptime_duration": 421.6862244606018,
            "total_loading_state_duration": 0.2093961238861084,
            "total_deploy_duration": 361.2745485305786,
            "total_update_duration": 59.29285764694214,
            "total_saving_state_duration": 0.0762641429901123,
            "total_sleeping_time": 1445.6704277992249
        },
        "dep0": {
            "total_uptime_duration": 448.6795163154602,
            "total_loading_state_duration": 0.17099213600158691,
            "total_deploy_duration": 391.4516131877899,
            "total_update_duration": 29.28345775604248,
            "total_saving_state_duration": 0.07642650604248047,
            "total_sleeping_time": 1387.4502279758453
        },
        "server": {
            "total_uptime_duration": 434.4184219837189,
            "total_loading_state_duration": 0.16295433044433594,
            "total_deploy_duration": 387.956857919693,
            "total_update_duration": 43.71811103820801,
            "total_saving_state_duration": 0.17429637908935547,
            "total_sleeping_time": 1408.1736807823181
        },
        "dep3": {
            "total_uptime_duration": 451.8641769886017,
            "total_loading_state_duration": 0.24968457221984863,
            "total_deploy_duration": 361.38909912109375,
            "total_update_duration": 89.32830929756165,
            "total_saving_state_duration": 0.07915711402893066,
            "total_sleeping_time": 1472.7814950942993
        },
        "dep5": {
            "total_uptime_duration": 451.9052629470825,
            "total_loading_state_duration": 0.19067668914794922,
            "total_deploy_duration": 391.45148253440857,
            "total_update_duration": 59.36679434776306,
            "total_saving_state_duration": 0.07754349708557129,
            "total_sleeping_time": 1475.023683309555
        },
        "dep7": {
            "total_uptime_duration": 449.14401292800903,
            "total_loading_state_duration": 0.23670482635498047,
            "total_deploy_duration": 391.3098249435425,
            "total_update_duration": 29.255876064300537,
            "total_saving_state_duration": 0.07593727111816406,
            "total_sleeping_time": 1385.6177089214325
        },
        "dep6": {
            "total_uptime_duration": 421.9100182056427,
            "total_loading_state_duration": 0.19147348403930664,
            "total_deploy_duration": 391.5015149116516,
            "total_update_duration": 29.319451570510864,
            "total_saving_state_duration": 0.07587480545043945,
            "total_sleeping_time": 1444.90070104599
        },
        "dep1": {
            "total_uptime_duration": 451.97610354423523,
            "total_loading_state_duration": 0.22601318359375,
            "total_deploy_duration": 361.7668921947479,
            "total_update_duration": 89.07747554779053,
            "total_saving_state_duration": 0.08197951316833496,
            "total_sleeping_time": 1475.8954584598541
        },
        "dep2": {
            "total_uptime_duration": 421.55385851860046,
            "total_loading_state_duration": 0.16230320930480957,
            "total_deploy_duration": 391.29481863975525,
            "total_update_duration": 29.22054433822632,
            "total_saving_state_duration": 0.06930923461914062,
            "total_sleeping_time": 1446.0392565727234
        }
    }
}