{
    "parameters": {
        "version_concerto_name": "concerto-decentralized",
        "transitions_times_file_name": "/home/anomond/parameters/transitions_times/transitions_times-1-30-deps12-1.json",
        "uptimes_file_name": "/home/anomond/parameters/uptimes/uptimes-60-30-12-0_5-0_6.json",
        "expe_num": 1,
        "cluster": "uvb"
    },
    "results": {
        "dep10": {
            "total_uptime_duration": 183.48764848709106,
            "total_loading_state_duration": 0.06464076042175293,
            "total_deploy_duration": 120.91578483581543,
            "total_update_duration": 59.34098672866821,
            "total_saving_state_duration": 0.031241178512573242,
            "total_sleeping_time": 635.4458208084106
        },
        "dep9": {
            "total_uptime_duration": 188.53175377845764,
            "total_loading_state_duration": 0.06386303901672363,
            "total_deploy_duration": 135.07695817947388,
            "total_update_duration": 49.98242449760437,
            "total_saving_state_duration": 0.03534865379333496,
            "total_sleeping_time": 630.6052117347717
        },
        "dep8": {
            "total_uptime_duration": 211.2495436668396,
            "total_loading_state_duration": 0.07063531875610352,
            "total_deploy_duration": 147.62374091148376,
            "total_update_duration": 62.72529363632202,
            "total_saving_state_duration": 0.04419875144958496,
            "total_sleeping_time": 750.4791789054871
        },
        "dep4": {
            "total_uptime_duration": 181.25504207611084,
            "total_loading_state_duration": 0.06869626045227051,
            "total_deploy_duration": 129.89468431472778,
            "total_update_duration": 50.47584271430969,
            "total_saving_state_duration": 0.03260350227355957,
            "total_sleeping_time": 641.8218591213226
        },
        "dep11": {
            "total_uptime_duration": 181.10490465164185,
            "total_loading_state_duration": 0.06608080863952637,
            "total_deploy_duration": 127.75138258934021,
            "total_update_duration": 52.472312927246094,
            "total_saving_state_duration": 0.03308749198913574,
            "total_sleeping_time": 648.7958588600159
        },
        "dep0": {
            "total_uptime_duration": 202.97690677642822,
            "total_loading_state_duration": 0.0643165111541748,
            "total_deploy_duration": 130.46254229545593,
            "total_update_duration": 56.09079647064209,
            "total_saving_state_duration": 0.03781747817993164,
            "total_sleeping_time": 616.1654434204102
        },
        "server": {
            "total_uptime_duration": 197.16999101638794,
            "total_loading_state_duration": 0.07194805145263672,
            "total_deploy_duration": 126.15351700782776,
            "total_update_duration": 59.36073684692383,
            "total_saving_state_duration": 0.08050084114074707,
            "total_sleeping_time": 622.1303594112396
        },
        "dep3": {
            "total_uptime_duration": 181.18878173828125,
            "total_loading_state_duration": 0.06642770767211914,
            "total_deploy_duration": 120.94419360160828,
            "total_update_duration": 59.361396074295044,
            "total_saving_state_duration": 0.03150367736816406,
            "total_sleeping_time": 648.5234289169312
        },
        "dep5": {
            "total_uptime_duration": 205.21490383148193,
            "total_loading_state_duration": 0.06378984451293945,
            "total_deploy_duration": 125.51981234550476,
            "total_update_duration": 54.81664061546326,
            "total_saving_state_duration": 0.03216266632080078,
            "total_sleeping_time": 614.1573767662048
        },
        "dep7": {
            "total_uptime_duration": 218.75067949295044,
            "total_loading_state_duration": 0.06850171089172363,
            "total_deploy_duration": 142.88803005218506,
            "total_update_duration": 74.96660494804382,
            "total_saving_state_duration": 0.040387630462646484,
            "total_sleeping_time": 701.0639111995697
        },
        "dep6": {
            "total_uptime_duration": 184.93059420585632,
            "total_loading_state_duration": 0.06156277656555176,
            "total_deploy_duration": 128.42088890075684,
            "total_update_duration": 51.91919946670532,
            "total_saving_state_duration": 0.03427767753601074,
            "total_sleeping_time": 634.2117931842804
        },
        "dep1": {
            "total_uptime_duration": 190.30344676971436,
            "total_loading_state_duration": 0.06549334526062012,
            "total_deploy_duration": 151.0870087146759,
            "total_update_duration": 29.23560619354248,
            "total_saving_state_duration": 0.03426337242126465,
            "total_sleeping_time": 628.7695002555847
        },
        "dep2": {
            "total_uptime_duration": 182.7843940258026,
            "total_loading_state_duration": 0.06819415092468262,
            "total_deploy_duration": 131.80016589164734,
            "total_update_duration": 50.09925079345703,
            "total_saving_state_duration": 0.03154706954956055,
            "total_sleeping_time": 637.1769168376923
        }
    }
}