{
    "parameters": {
        "version_concerto_name": "concerto-decentralized",
        "transitions_times_file_name": "/home/anomond/parameters/transitions_times/transitions_times-1-30-deps12-0.json",
        "uptimes_file_name": "/home/anomond/parameters/uptimes/uptimes-60-30-12-0_5-0_6.json",
        "expe_num": 2,
        "cluster": "uvb"
    },
    "global_results": {
        "finished_reconf": true,
        "max_deploy_time": 135.03,
        "max_update_time": 31.09,
        "max_reconf_time": 166.11,
        "max_sleeping_time": 1196.94,
        "max_execution_time": 1348.37
    },
    "results": {
        "dep0": {
            "total_uptime_duration": 139.9875078201294,
            "total_loading_state_duration": 0.08813071250915527,
            "total_deploy_duration": 124.81271886825562,
            "total_update_duration": 15.018059730529785,
            "total_saving_state_duration": 0.04285478591918945,
            "total_sleeping_time": 1074.9433073997498,
            "finished_reconf": true
        },
        "dep6": {
            "total_uptime_duration": 151.37346482276917,
            "total_loading_state_duration": 0.10677909851074219,
            "total_deploy_duration": 121.07949018478394,
            "total_update_duration": 30.111685037612915,
            "total_saving_state_duration": 0.04680752754211426,
            "total_sleeping_time": 1159.4729487895966,
            "finished_reconf": true
        },
        "dep11": {
            "total_uptime_duration": 138.4022364616394,
            "total_loading_state_duration": 0.09488725662231445,
            "total_deploy_duration": 121.0813581943512,
            "total_update_duration": 17.1550931930542,
            "total_saving_state_duration": 0.043010711669921875,
            "total_sleeping_time": 1058.8583941459656,
            "finished_reconf": true
        },
        "dep8": {
            "total_uptime_duration": 139.5185947418213,
            "total_loading_state_duration": 0.09617257118225098,
            "total_deploy_duration": 110.44014477729797,
            "total_update_duration": 28.897196769714355,
            "total_saving_state_duration": 0.058367252349853516,
            "total_sleeping_time": 1057.3920986652374,
            "finished_reconf": true
        },
        "dep1": {
            "total_uptime_duration": 151.72404861450195,
            "total_loading_state_duration": 0.09862709045410156,
            "total_deploy_duration": 126.6394350528717,
            "total_update_duration": 24.902570486068726,
            "total_saving_state_duration": 0.056105613708496094,
            "total_sleeping_time": 1044.986912727356,
            "finished_reconf": true
        },
        "dep10": {
            "total_uptime_duration": 151.4314787387848,
            "total_loading_state_duration": 0.10988473892211914,
            "total_deploy_duration": 121.10582518577576,
            "total_update_duration": 30.139992475509644,
            "total_saving_state_duration": 0.04789543151855469,
            "total_sleeping_time": 1196.938443183899,
            "finished_reconf": true
        },
        "dep2": {
            "total_uptime_duration": 136.29077768325806,
            "total_loading_state_duration": 0.09415483474731445,
            "total_deploy_duration": 121.10630559921265,
            "total_update_duration": 15.022112846374512,
            "total_saving_state_duration": 0.04231119155883789,
            "total_sleeping_time": 1065.7345516681671,
            "finished_reconf": true
        },
        "dep5": {
            "total_uptime_duration": 151.4469268321991,
            "total_loading_state_duration": 0.10067272186279297,
            "total_deploy_duration": 121.14472365379333,
            "total_update_duration": 30.12705111503601,
            "total_saving_state_duration": 0.046776771545410156,
            "total_sleeping_time": 1176.3101592063904,
            "finished_reconf": true
        },
        "dep4": {
            "total_uptime_duration": 140.02666473388672,
            "total_loading_state_duration": 0.09521889686584473,
            "total_deploy_duration": 124.79622268676758,
            "total_update_duration": 15.066906690597534,
            "total_saving_state_duration": 0.04297065734863281,
            "total_sleeping_time": 1080.5880687236786,
            "finished_reconf": true
        },
        "dep7": {
            "total_uptime_duration": 142.01080656051636,
            "total_loading_state_duration": 0.0938105583190918,
            "total_deploy_duration": 122.53664922714233,
            "total_update_duration": 19.315736770629883,
            "total_saving_state_duration": 0.03905940055847168,
            "total_sleeping_time": 1057.4378640651703,
            "finished_reconf": true
        },
        "dep3": {
            "total_uptime_duration": 136.20374083518982,
            "total_loading_state_duration": 0.09211540222167969,
            "total_deploy_duration": 121.04137897491455,
            "total_update_duration": 15.003607034683228,
            "total_saving_state_duration": 0.040793418884277344,
            "total_sleeping_time": 1063.8082761764526,
            "finished_reconf": true
        },
        "dep9": {
            "total_uptime_duration": 142.4830482006073,
            "total_loading_state_duration": 0.1436922550201416,
            "total_deploy_duration": 121.18888854980469,
            "total_update_duration": 21.073944091796875,
            "total_saving_state_duration": 0.04203510284423828,
            "total_sleeping_time": 1053.64075756073,
            "finished_reconf": true
        },
        "server": {
            "total_uptime_duration": 166.36319303512573,
            "total_loading_state_duration": 0.10273575782775879,
            "total_deploy_duration": 135.02899146080017,
            "total_update_duration": 31.085225582122803,
            "total_saving_state_duration": 0.11660432815551758,
            "total_sleeping_time": 1031.2860004901886,
            "finished_reconf": true
        }
    }
}