{
    "parameters": {
        "version_concerto_name": "concerto-decentralized",
        "transitions_times_file_name": "/home/anomond/parameters/transitions_times/transitions_times-1-30-deps12-1.json",
        "uptimes_file_name": "/home/anomond/parameters/uptimes/uptimes-60-30-12-0_02-0_05.json",
        "expe_num": 2,
        "cluster": "uvb"
    },
    "global_results": {
        "finished_reconf": true,
        "max_deploy_time": 238.19,
        "max_update_time": 45.09,
        "max_reconf_time": 283.28,
        "max_sleeping_time": 1997.53,
        "max_execution_time": 2256.57
    },
    "results": {
        "dep0": {
            "total_uptime_duration": 269.35263228416443,
            "total_loading_state_duration": 0.23780298233032227,
            "total_deploy_duration": 234.408673286438,
            "total_update_duration": 34.569329023361206,
            "total_saving_state_duration": 0.07863068580627441,
            "total_sleeping_time": 1987.2176268100739,
            "finished_reconf": true
        },
        "dep6": {
            "total_uptime_duration": 257.0734512805939,
            "total_loading_state_duration": 0.25408387184143066,
            "total_deploy_duration": 211.60065579414368,
            "total_update_duration": 45.08827066421509,
            "total_saving_state_duration": 0.07724571228027344,
            "total_sleeping_time": 1926.7225053310394,
            "finished_reconf": true
        },
        "dep11": {
            "total_uptime_duration": 241.94187593460083,
            "total_loading_state_duration": 0.24873709678649902,
            "total_deploy_duration": 211.47683143615723,
            "total_update_duration": 30.074872970581055,
            "total_saving_state_duration": 0.07425093650817871,
            "total_sleeping_time": 1882.9445044994354,
            "finished_reconf": true
        },
        "dep8": {
            "total_uptime_duration": 260.4322967529297,
            "total_loading_state_duration": 0.2152557373046875,
            "total_deploy_duration": 219.4642415046692,
            "total_update_duration": 40.62182426452637,
            "total_saving_state_duration": 0.07949209213256836,
            "total_sleeping_time": 1987.1714172363281,
            "finished_reconf": true
        },
        "dep1": {
            "total_uptime_duration": 250.74326300621033,
            "total_loading_state_duration": 0.22434592247009277,
            "total_deploy_duration": 226.36128401756287,
            "total_update_duration": 24.02890634536743,
            "total_saving_state_duration": 0.07628345489501953,
            "total_sleeping_time": 1854.3605060577393,
            "finished_reconf": true
        },
        "dep10": {
            "total_uptime_duration": 257.049932718277,
            "total_loading_state_duration": 0.24280619621276855,
            "total_deploy_duration": 226.61659145355225,
            "total_update_duration": 30.062708377838135,
            "total_saving_state_duration": 0.07619929313659668,
            "total_sleeping_time": 1926.0503146648407,
            "finished_reconf": true
        },
        "dep2": {
            "total_uptime_duration": 241.9218292236328,
            "total_loading_state_duration": 0.2390737533569336,
            "total_deploy_duration": 211.42500042915344,
            "total_update_duration": 30.128557205200195,
            "total_saving_state_duration": 0.07499909400939941,
            "total_sleeping_time": 1883.61288189888,
            "finished_reconf": true
        },
        "dep5": {
            "total_uptime_duration": 257.033221244812,
            "total_loading_state_duration": 0.2732269763946533,
            "total_deploy_duration": 226.51179838180542,
            "total_update_duration": 30.107540130615234,
            "total_saving_state_duration": 0.0750424861907959,
            "total_sleeping_time": 1997.5265901088715,
            "finished_reconf": true
        },
        "dep4": {
            "total_uptime_duration": 241.89411234855652,
            "total_loading_state_duration": 0.19700002670288086,
            "total_deploy_duration": 213.0236394405365,
            "total_update_duration": 28.551361560821533,
            "total_saving_state_duration": 0.07288479804992676,
            "total_sleeping_time": 1885.2661080360413,
            "finished_reconf": true
        },
        "dep7": {
            "total_uptime_duration": 257.1387083530426,
            "total_loading_state_duration": 0.2676818370819092,
            "total_deploy_duration": 226.62016773223877,
            "total_update_duration": 30.113420486450195,
            "total_saving_state_duration": 0.07531309127807617,
            "total_sleeping_time": 1927.241492986679,
            "finished_reconf": true
        },
        "dep3": {
            "total_uptime_duration": 241.91624689102173,
            "total_loading_state_duration": 0.23883795738220215,
            "total_deploy_duration": 226.5349681377411,
            "total_update_duration": 15.019606351852417,
            "total_saving_state_duration": 0.07207703590393066,
            "total_sleeping_time": 1883.2759442329407,
            "finished_reconf": true
        },
        "dep9": {
            "total_uptime_duration": 255.36984300613403,
            "total_loading_state_duration": 0.3039393424987793,
            "total_deploy_duration": 238.1914324760437,
            "total_update_duration": 16.743387460708618,
            "total_saving_state_duration": 0.07188940048217773,
            "total_sleeping_time": 1869.6751906871796,
            "finished_reconf": true
        },
        "server": {
            "total_uptime_duration": 271.9373252391815,
            "total_loading_state_duration": 0.1824953556060791,
            "total_deploy_duration": 230.65779447555542,
            "total_update_duration": 40.844135999679565,
            "total_saving_state_duration": 0.20386505126953125,
            "total_sleeping_time": 1838.194035768509,
            "finished_reconf": true
        }
    }
}