{
    "parameters": {
        "version_concerto_name": "concerto-decentralized",
        "transitions_times_file_name": "/home/anomond/parameters/transitions_times/transitions_times-1-30-deps12-1.json",
        "uptimes_file_name": "/home/anomond/parameters/uptimes/uptimes-60-30-12-0_5-0_6.json",
        "expe_num": 2,
        "cluster": "uvb"
    },
    "global_results": {
        "finished_reconf": true,
        "max_deploy_time": 142.45,
        "max_update_time": 40.8,
        "max_reconf_time": 183.25,
        "max_sleeping_time": 1196.87,
        "max_execution_time": 1350.05
    },
    "results": {
        "dep0": {
            "total_uptime_duration": 162.140629529953,
            "total_loading_state_duration": 0.09455609321594238,
            "total_deploy_duration": 142.45055270195007,
            "total_update_duration": 19.523855686187744,
            "total_saving_state_duration": 0.04578351974487305,
            "total_sleeping_time": 1053.1516754627228,
            "finished_reconf": true
        },
        "dep6": {
            "total_uptime_duration": 151.50502967834473,
            "total_loading_state_duration": 0.10856890678405762,
            "total_deploy_duration": 121.24036598205566,
            "total_update_duration": 30.08030104637146,
            "total_saving_state_duration": 0.046648263931274414,
            "total_sleeping_time": 1159.3592240810394,
            "finished_reconf": true
        },
        "dep11": {
            "total_uptime_duration": 147.34326720237732,
            "total_loading_state_duration": 0.09695029258728027,
            "total_deploy_duration": 121.07418465614319,
            "total_update_duration": 26.104023933410645,
            "total_saving_state_duration": 0.04067707061767578,
            "total_sleeping_time": 1058.6789243221283,
            "finished_reconf": true
        },
        "dep8": {
            "total_uptime_duration": 145.83617782592773,
            "total_loading_state_duration": 0.09956192970275879,
            "total_deploy_duration": 106.04006934165955,
            "total_update_duration": 39.62702918052673,
            "total_saving_state_duration": 0.0429232120513916,
            "total_sleeping_time": 1059.9523601531982,
            "finished_reconf": true
        },
        "dep1": {
            "total_uptime_duration": 160.39796328544617,
            "total_loading_state_duration": 0.10763692855834961,
            "total_deploy_duration": 121.18043351173401,
            "total_update_duration": 39.030524253845215,
            "total_saving_state_duration": 0.05099606513977051,
            "total_sleeping_time": 1133.80575466156,
            "finished_reconf": true
        },
        "dep10": {
            "total_uptime_duration": 151.2092480659485,
            "total_loading_state_duration": 0.1085197925567627,
            "total_deploy_duration": 120.98605847358704,
            "total_update_duration": 30.038591861724854,
            "total_saving_state_duration": 0.04758286476135254,
            "total_sleeping_time": 1196.8740420341492,
            "finished_reconf": true
        },
        "dep2": {
            "total_uptime_duration": 140.16071486473083,
            "total_loading_state_duration": 0.09432411193847656,
            "total_deploy_duration": 115.75871157646179,
            "total_update_duration": 24.237845182418823,
            "total_saving_state_duration": 0.04362845420837402,
            "total_sleeping_time": 1065.7463126182556,
            "finished_reconf": true
        },
        "dep5": {
            "total_uptime_duration": 151.45425534248352,
            "total_loading_state_duration": 0.09574198722839355,
            "total_deploy_duration": 121.10950374603271,
            "total_update_duration": 30.176206827163696,
            "total_saving_state_duration": 0.04683494567871094,
            "total_sleeping_time": 1176.4771473407745,
            "finished_reconf": true
        },
        "dep4": {
            "total_uptime_duration": 136.3007733821869,
            "total_loading_state_duration": 0.09601879119873047,
            "total_deploy_duration": 121.09548544883728,
            "total_update_duration": 15.042373657226562,
            "total_saving_state_duration": 0.04170966148376465,
            "total_sleeping_time": 1084.3221988677979,
            "finished_reconf": true
        },
        "dep7": {
            "total_uptime_duration": 142.7471776008606,
            "total_loading_state_duration": 0.09780526161193848,
            "total_deploy_duration": 121.08656859397888,
            "total_update_duration": 21.494125366210938,
            "total_saving_state_duration": 0.04139399528503418,
            "total_sleeping_time": 1063.2024536132812,
            "finished_reconf": true
        },
        "dep3": {
            "total_uptime_duration": 142.52745270729065,
            "total_loading_state_duration": 0.10085463523864746,
            "total_deploy_duration": 121.10394835472107,
            "total_update_duration": 21.256181955337524,
            "total_saving_state_duration": 0.038735389709472656,
            "total_sleeping_time": 1063.9843418598175,
            "finished_reconf": true
        },
        "dep9": {
            "total_uptime_duration": 168.38702750205994,
            "total_loading_state_duration": 0.10394859313964844,
            "total_deploy_duration": 136.39087462425232,
            "total_update_duration": 31.815672874450684,
            "total_saving_state_duration": 0.048108816146850586,
            "total_sleeping_time": 1181.6670322418213,
            "finished_reconf": true
        },
        "server": {
            "total_uptime_duration": 166.6386263370514,
            "total_loading_state_duration": 0.10663938522338867,
            "total_deploy_duration": 125.5885968208313,
            "total_update_duration": 40.7988817691803,
            "total_saving_state_duration": 0.11524128913879395,
            "total_sleeping_time": 1040.1220302581787,
            "finished_reconf": true
        }
    }
}