{
    "parameters": {
        "version_concerto_name": "concerto-decentralized",
        "transitions_times_file_name": "/home/anomond/parameters/transitions_times/transitions_times-1-30-deps12-1.json",
        "uptimes_file_name": "/home/anomond/parameters/uptimes/uptimes-60-30-12-0_5-0_6.json",
        "expe_num": 1,
        "cluster": "uvb"
    },
    "global_results": {
        "finished_reconf": true,
        "max_deploy_time": 150.95,
        "max_update_time": 79.62,
        "max_reconf_time": 230.57,
        "max_sleeping_time": 750.52,
        "max_execution_time": 961.79
    },
    "results": {
        "dep4": {
            "total_uptime_duration": 181.16779804229736,
            "total_loading_state_duration": 0.0592646598815918,
            "total_deploy_duration": 129.74971866607666,
            "total_update_duration": 51.30697178840637,
            "total_saving_state_duration": 0.03389906883239746,
            "total_sleeping_time": 641.7976522445679,
            "finished_reconf": true
        },
        "dep8": {
            "total_uptime_duration": 211.27646613121033,
            "total_loading_state_duration": 0.06942915916442871,
            "total_deploy_duration": 147.6921992301941,
            "total_update_duration": 63.45745277404785,
            "total_saving_state_duration": 0.03786158561706543,
            "total_sleeping_time": 750.5154531002045,
            "finished_reconf": true
        },
        "dep9": {
            "total_uptime_duration": 188.76589035987854,
            "total_loading_state_duration": 0.07370972633361816,
            "total_deploy_duration": 135.25015330314636,
            "total_update_duration": 53.38511824607849,
            "total_saving_state_duration": 0.03227806091308594,
            "total_sleeping_time": 630.0063014030457,
            "finished_reconf": true
        },
        "dep11": {
            "total_uptime_duration": 181.13459277153015,
            "total_loading_state_duration": 0.06096363067626953,
            "total_deploy_duration": 127.7171082496643,
            "total_update_duration": 53.305246114730835,
            "total_saving_state_duration": 0.03312516212463379,
            "total_sleeping_time": 648.5385992527008,
            "finished_reconf": true
        },
        "dep10": {
            "total_uptime_duration": 183.6614429950714,
            "total_loading_state_duration": 0.062125444412231445,
            "total_deploy_duration": 120.92117619514465,
            "total_update_duration": 62.62459325790405,
            "total_saving_state_duration": 0.03423476219177246,
            "total_sleeping_time": 635.1927380561829,
            "finished_reconf": true
        },
        "dep0": {
            "total_uptime_duration": 203.09539413452148,
            "total_loading_state_duration": 0.0659952163696289,
            "total_deploy_duration": 130.59818768501282,
            "total_update_duration": 72.37841629981995,
            "total_saving_state_duration": 0.03377103805541992,
            "total_sleeping_time": 616.247974395752,
            "finished_reconf": true
        },
        "server": {
            "total_uptime_duration": 197.12057447433472,
            "total_loading_state_duration": 0.07223653793334961,
            "total_deploy_duration": 126.16614532470703,
            "total_update_duration": 70.77856588363647,
            "total_saving_state_duration": 0.08258748054504395,
            "total_sleeping_time": 622.4925072193146,
            "finished_reconf": true
        },
        "dep3": {
            "total_uptime_duration": 181.2097885608673,
            "total_loading_state_duration": 0.06066322326660156,
            "total_deploy_duration": 120.98648405075073,
            "total_update_duration": 60.1147358417511,
            "total_saving_state_duration": 0.031128883361816406,
            "total_sleeping_time": 648.8989729881287,
            "finished_reconf": true
        },
        "dep1": {
            "total_uptime_duration": 190.21693634986877,
            "total_loading_state_duration": 0.06658172607421875,
            "total_deploy_duration": 150.95033407211304,
            "total_update_duration": 39.14753174781799,
            "total_saving_state_duration": 0.03332686424255371,
            "total_sleeping_time": 628.5228691101074,
            "finished_reconf": true
        },
        "dep6": {
            "total_uptime_duration": 184.9021396636963,
            "total_loading_state_duration": 0.06470227241516113,
            "total_deploy_duration": 128.44145369529724,
            "total_update_duration": 56.34483027458191,
            "total_saving_state_duration": 0.03199172019958496,
            "total_sleeping_time": 634.0841767787933,
            "finished_reconf": true
        },
        "dep7": {
            "total_uptime_duration": 219.1625373363495,
            "total_loading_state_duration": 0.06655001640319824,
            "total_deploy_duration": 143.26017260551453,
            "total_update_duration": 75.7771053314209,
            "total_saving_state_duration": 0.03969883918762207,
            "total_sleeping_time": 700.7086081504822,
            "finished_reconf": true
        },
        "dep2": {
            "total_uptime_duration": 182.72315430641174,
            "total_loading_state_duration": 0.06093645095825195,
            "total_deploy_duration": 131.83007311820984,
            "total_update_duration": 50.781673192977905,
            "total_saving_state_duration": 0.033000946044921875,
            "total_sleeping_time": 637.7299439907074,
            "finished_reconf": true
        },
        "dep5": {
            "total_uptime_duration": 205.26672291755676,
            "total_loading_state_duration": 0.06064176559448242,
            "total_deploy_duration": 125.5336754322052,
            "total_update_duration": 79.62431406974792,
            "total_saving_state_duration": 0.030216693878173828,
            "total_sleeping_time": 614.1875221729279,
            "finished_reconf": true
        }
    }
}