{
    "parameters": {
        "version_concerto_name": "concerto-decentralized",
        "transitions_times_file_name": "/home/anomond/parameters/transitions_times/transitions_times-1-30-deps12-0.json",
        "uptimes_file_name": "/home/anomond/parameters/uptimes/uptimes-60-30-12-0_5-0_6.json",
        "expe_num": 1,
        "cluster": "uvb"
    },
    "global_results": {
        "finished_reconf": true,
        "max_deploy_time": 159.67,
        "max_update_time": 60.1,
        "max_reconf_time": 219.77,
        "max_sleeping_time": 648.66,
        "max_execution_time": 829.78
    },
    "results": {
        "dep4": {
            "total_uptime_duration": 174.60455083847046,
            "total_loading_state_duration": 0.05400538444519043,
            "total_deploy_duration": 131.35077357292175,
            "total_update_duration": 43.15484285354614,
            "total_saving_state_duration": 0.028633832931518555,
            "total_sleeping_time": 533.0151536464691,
            "finished_reconf": true
        },
        "dep8": {
            "total_uptime_duration": 179.11678647994995,
            "total_loading_state_duration": 0.05327630043029785,
            "total_deploy_duration": 148.95012617111206,
            "total_update_duration": 30.07041835784912,
            "total_saving_state_duration": 0.02627706527709961,
            "total_sleeping_time": 528.7522048950195,
            "finished_reconf": true
        },
        "dep9": {
            "total_uptime_duration": 181.18509078025818,
            "total_loading_state_duration": 0.06586790084838867,
            "total_deploy_duration": 136.75108289718628,
            "total_update_duration": 44.317195892333984,
            "total_saving_state_duration": 0.032019615173339844,
            "total_sleeping_time": 635.3926079273224,
            "finished_reconf": true
        },
        "dep11": {
            "total_uptime_duration": 181.07690691947937,
            "total_loading_state_duration": 0.0649712085723877,
            "total_deploy_duration": 129.27120423316956,
            "total_update_duration": 51.6903018951416,
            "total_saving_state_duration": 0.0316159725189209,
            "total_sleeping_time": 648.4004802703857,
            "finished_reconf": true
        },
        "dep10": {
            "total_uptime_duration": 170.33674025535583,
            "total_loading_state_duration": 0.052780866622924805,
            "total_deploy_duration": 120.88170194625854,
            "total_update_duration": 49.357043743133545,
            "total_saving_state_duration": 0.027738094329833984,
            "total_sleeping_time": 537.587352514267,
            "finished_reconf": true
        },
        "dep0": {
            "total_uptime_duration": 181.15654468536377,
            "total_loading_state_duration": 0.06744742393493652,
            "total_deploy_duration": 125.81279277801514,
            "total_update_duration": 55.22281193733215,
            "total_saving_state_duration": 0.034867286682128906,
            "total_sleeping_time": 622.2360093593597,
            "finished_reconf": true
        },
        "server": {
            "total_uptime_duration": 192.72183847427368,
            "total_loading_state_duration": 0.05825495719909668,
            "total_deploy_duration": 135.82809281349182,
            "total_update_duration": 56.75021839141846,
            "total_saving_state_duration": 0.0672600269317627,
            "total_sleeping_time": 515.5404484272003,
            "finished_reconf": true
        },
        "dep3": {
            "total_uptime_duration": 181.11477732658386,
            "total_loading_state_duration": 0.06496167182922363,
            "total_deploy_duration": 120.90177726745605,
            "total_update_duration": 60.09963583946228,
            "total_saving_state_duration": 0.031221389770507812,
            "total_sleeping_time": 648.6619620323181,
            "finished_reconf": true
        },
        "dep1": {
            "total_uptime_duration": 172.6008038520813,
            "total_loading_state_duration": 0.055768728256225586,
            "total_deploy_duration": 159.66560649871826,
            "total_update_duration": 12.83338475227356,
            "total_saving_state_duration": 0.028746843338012695,
            "total_sleeping_time": 535.2755229473114,
            "finished_reconf": true
        },
        "dep6": {
            "total_uptime_duration": 157.90366792678833,
            "total_loading_state_duration": 0.05488729476928711,
            "total_deploy_duration": 129.9596529006958,
            "total_update_duration": 27.845669746398926,
            "total_saving_state_duration": 0.02630329132080078,
            "total_sleeping_time": 549.5641677379608,
            "finished_reconf": true
        },
        "dep7": {
            "total_uptime_duration": 199.75246858596802,
            "total_loading_state_duration": 0.058150529861450195,
            "total_deploy_duration": 149.24687218666077,
            "total_update_duration": 50.39610004425049,
            "total_saving_state_duration": 0.03456711769104004,
            "total_sleeping_time": 579.5605025291443,
            "finished_reconf": true
        },
        "dep2": {
            "total_uptime_duration": 160.78956770896912,
            "total_loading_state_duration": 0.05187630653381348,
            "total_deploy_duration": 133.124920129776,
            "total_update_duration": 27.569138526916504,
            "total_saving_state_duration": 0.026897430419921875,
            "total_sleeping_time": 546.9553771018982,
            "finished_reconf": true
        },
        "dep5": {
            "total_uptime_duration": 169.46558713912964,
            "total_loading_state_duration": 0.0537874698638916,
            "total_deploy_duration": 126.87914729118347,
            "total_update_duration": 42.49261140823364,
            "total_saving_state_duration": 0.02354574203491211,
            "total_sleeping_time": 538.8860857486725,
            "finished_reconf": true
        }
    }
}