{
    "parameters": {
        "version_concerto_name": "concerto-decentralized",
        "transitions_times_file_name": "/home/anomond/parameters/transitions_times/transitions_times-1-30-deps12-0.json",
        "uptimes_file_name": "/home/anomond/parameters/uptimes/uptimes-60-30-12-0_02-0_05.json",
        "expe_num": 1,
        "cluster": "uvb"
    },
    "global_results": {
        "finished_reconf": true,
        "max_deploy_time": 391.6,
        "max_update_time": 90.21,
        "max_reconf_time": 481.81,
        "max_sleeping_time": 1543.33,
        "max_execution_time": 1995.4
    },
    "results": {
        "dep4": {
            "total_uptime_duration": 421.7744436264038,
            "total_loading_state_duration": 0.17581677436828613,
            "total_deploy_duration": 391.38846707344055,
            "total_update_duration": 30.090456247329712,
            "total_saving_state_duration": 0.07786965370178223,
            "total_sleeping_time": 1429.5938122272491,
            "finished_reconf": true
        },
        "dep8": {
            "total_uptime_duration": 421.8271105289459,
            "total_loading_state_duration": 0.17174077033996582,
            "total_deploy_duration": 361.41954803466797,
            "total_update_duration": 60.10321068763733,
            "total_saving_state_duration": 0.0751645565032959,
            "total_sleeping_time": 1422.2035007476807,
            "finished_reconf": true
        },
        "dep9": {
            "total_uptime_duration": 452.06853222846985,
            "total_loading_state_duration": 0.23852801322937012,
            "total_deploy_duration": 391.59618043899536,
            "total_update_duration": 60.10878276824951,
            "total_saving_state_duration": 0.07454657554626465,
            "total_sleeping_time": 1543.3316090106964,
            "finished_reconf": true
        },
        "dep11": {
            "total_uptime_duration": 421.95196509361267,
            "total_loading_state_duration": 0.21632695198059082,
            "total_deploy_duration": 361.47440218925476,
            "total_update_duration": 60.13622808456421,
            "total_saving_state_duration": 0.0737905502319336,
            "total_sleeping_time": 1446.149572610855,
            "finished_reconf": true
        },
        "dep10": {
            "total_uptime_duration": 451.84680914878845,
            "total_loading_state_duration": 0.259777307510376,
            "total_deploy_duration": 361.3062870502472,
            "total_update_duration": 90.14229488372803,
            "total_saving_state_duration": 0.08003807067871094,
            "total_sleeping_time": 1474.023779630661,
            "finished_reconf": true
        },
        "dep0": {
            "total_uptime_duration": 448.7788653373718,
            "total_loading_state_duration": 0.20445585250854492,
            "total_deploy_duration": 391.42540979385376,
            "total_update_duration": 57.02554154396057,
            "total_saving_state_duration": 0.07823967933654785,
            "total_sleeping_time": 1386.772525548935,
            "finished_reconf": true
        },
        "server": {
            "total_uptime_duration": 434.5814290046692,
            "total_loading_state_duration": 0.16568231582641602,
            "total_deploy_duration": 388.0771920681,
            "total_update_duration": 46.11506175994873,
            "total_saving_state_duration": 0.18003535270690918,
            "total_sleeping_time": 1406.552044391632,
            "finished_reconf": true
        },
        "dep3": {
            "total_uptime_duration": 452.02230620384216,
            "total_loading_state_duration": 0.23799657821655273,
            "total_deploy_duration": 361.4424149990082,
            "total_update_duration": 90.21135783195496,
            "total_saving_state_duration": 0.0810554027557373,
            "total_sleeping_time": 1473.653113603592,
            "finished_reconf": true
        },
        "dep1": {
            "total_uptime_duration": 452.0385754108429,
            "total_loading_state_duration": 0.19239211082458496,
            "total_deploy_duration": 361.8183431625366,
            "total_update_duration": 89.90439987182617,
            "total_saving_state_duration": 0.08012056350708008,
            "total_sleeping_time": 1476.3827471733093,
            "finished_reconf": true
        },
        "dep6": {
            "total_uptime_duration": 421.7354488372803,
            "total_loading_state_duration": 0.23998594284057617,
            "total_deploy_duration": 391.3203971385956,
            "total_update_duration": 30.049529314041138,
            "total_saving_state_duration": 0.06875872611999512,
            "total_sleeping_time": 1445.097971200943,
            "finished_reconf": true
        },
        "dep7": {
            "total_uptime_duration": 449.2756116390228,
            "total_loading_state_duration": 0.20573925971984863,
            "total_deploy_duration": 391.4014208316803,
            "total_update_duration": 57.5487220287323,
            "total_saving_state_duration": 0.07243037223815918,
            "total_sleeping_time": 1383.303906917572,
            "finished_reconf": true
        },
        "dep2": {
            "total_uptime_duration": 421.72569274902344,
            "total_loading_state_duration": 0.21839070320129395,
            "total_deploy_duration": 391.2853786945343,
            "total_update_duration": 30.10293412208557,
            "total_saving_state_duration": 0.07399582862854004,
            "total_sleeping_time": 1445.439606666565,
            "finished_reconf": true
        },
        "dep5": {
            "total_uptime_duration": 451.86714363098145,
            "total_loading_state_duration": 0.22563934326171875,
            "total_deploy_duration": 391.39902925491333,
            "total_update_duration": 60.11531114578247,
            "total_saving_state_duration": 0.07632660865783691,
            "total_sleeping_time": 1475.594178199768,
            "finished_reconf": true
        }
    }
}