{
    "parameters": {
        "version_concerto_name": "concerto-decentralized",
        "transitions_times_file_name": "/home/anomond/parameters/transitions_times/transitions_times-1-30-deps12-1.json",
        "uptimes_file_name": "/home/anomond/parameters/uptimes/uptimes-60-30-12-0_2-0_3.json",
        "expe_num": 1,
        "cluster": "uvb"
    },
    "global_results": {
        "finished_reconf": true,
        "max_deploy_time": 331.5,
        "max_update_time": 90.12,
        "max_reconf_time": 421.63,
        "max_sleeping_time": 1313.14,
        "max_execution_time": 1704.89
    },
    "results": {
        "dep4": {
            "total_uptime_duration": 388.8657388687134,
            "total_loading_state_duration": 0.14186310768127441,
            "total_deploy_duration": 326.72708797454834,
            "total_update_duration": 61.89822173118591,
            "total_saving_state_duration": 0.06526470184326172,
            "total_sleeping_time": 1202.8754954338074,
            "finished_reconf": true
        },
        "dep8": {
            "total_uptime_duration": 361.63772916793823,
            "total_loading_state_duration": 0.13388943672180176,
            "total_deploy_duration": 301.3497643470764,
            "total_update_duration": 60.05351948738098,
            "total_saving_state_duration": 0.06719756126403809,
            "total_sleeping_time": 1253.8969423770905,
            "finished_reconf": true
        },
        "dep9": {
            "total_uptime_duration": 361.57860803604126,
            "total_loading_state_duration": 0.17531800270080566,
            "total_deploy_duration": 331.27165055274963,
            "total_update_duration": 30.024949550628662,
            "total_saving_state_duration": 0.06458425521850586,
            "total_sleeping_time": 1252.1717596054077,
            "finished_reconf": true
        },
        "dep11": {
            "total_uptime_duration": 391.7508795261383,
            "total_loading_state_duration": 0.14192461967468262,
            "total_deploy_duration": 331.4097638130188,
            "total_update_duration": 60.09951734542847,
            "total_saving_state_duration": 0.06524872779846191,
            "total_sleeping_time": 1313.141396522522,
            "finished_reconf": true
        },
        "dep10": {
            "total_uptime_duration": 361.67758655548096,
            "total_loading_state_duration": 0.15667152404785156,
            "total_deploy_duration": 305.37591075897217,
            "total_update_duration": 56.04079341888428,
            "total_saving_state_duration": 0.06328034400939941,
            "total_sleeping_time": 1253.6240947246552,
            "finished_reconf": true
        },
        "dep0": {
            "total_uptime_duration": 367.35191082954407,
            "total_loading_state_duration": 0.14201927185058594,
            "total_deploy_duration": 331.1808006763458,
            "total_update_duration": 35.92948913574219,
            "total_saving_state_duration": 0.06453299522399902,
            "total_sleeping_time": 1223.9614460468292,
            "finished_reconf": true
        },
        "server": {
            "total_uptime_duration": 376.75052404403687,
            "total_loading_state_duration": 0.13783693313598633,
            "total_deploy_duration": 320.57020330429077,
            "total_update_duration": 55.84966206550598,
            "total_saving_state_duration": 0.15450572967529297,
            "total_sleeping_time": 1216.8925416469574,
            "finished_reconf": true
        },
        "dep3": {
            "total_uptime_duration": 361.48038053512573,
            "total_loading_state_duration": 0.17363953590393066,
            "total_deploy_duration": 331.1989188194275,
            "total_update_duration": 30.004621267318726,
            "total_saving_state_duration": 0.06527590751647949,
            "total_sleeping_time": 1242.3360562324524,
            "finished_reconf": true
        },
        "dep1": {
            "total_uptime_duration": 391.6527121067047,
            "total_loading_state_duration": 0.1385204792022705,
            "total_deploy_duration": 301.27761697769165,
            "total_update_duration": 90.12469577789307,
            "total_saving_state_duration": 0.0724794864654541,
            "total_sleeping_time": 1282.6732213497162,
            "finished_reconf": true
        },
        "dep6": {
            "total_uptime_duration": 361.5148754119873,
            "total_loading_state_duration": 0.15061521530151367,
            "total_deploy_duration": 301.21799063682556,
            "total_update_duration": 60.05213737487793,
            "total_saving_state_duration": 0.058109283447265625,
            "total_sleeping_time": 1253.7697746753693,
            "finished_reconf": true
        },
        "dep7": {
            "total_uptime_duration": 362.3046498298645,
            "total_loading_state_duration": 0.14460968971252441,
            "total_deploy_duration": 325.7641305923462,
            "total_update_duration": 36.29704308509827,
            "total_saving_state_duration": 0.0635843276977539,
            "total_sleeping_time": 1252.6002531051636,
            "finished_reconf": true
        },
        "dep2": {
            "total_uptime_duration": 361.7041172981262,
            "total_loading_state_duration": 0.12193751335144043,
            "total_deploy_duration": 301.3831470012665,
            "total_update_duration": 60.10307455062866,
            "total_saving_state_duration": 0.0653676986694336,
            "total_sleeping_time": 1254.3565990924835,
            "finished_reconf": true
        },
        "dep5": {
            "total_uptime_duration": 361.7441670894623,
            "total_loading_state_duration": 0.12995457649230957,
            "total_deploy_duration": 331.5034866333008,
            "total_update_duration": 30.016868591308594,
            "total_saving_state_duration": 0.05959463119506836,
            "total_sleeping_time": 1230.6877663135529,
            "finished_reconf": true
        }
    }
}