{
    "parameters": {
        "version_concerto_name": "concerto-decentralized",
        "transitions_times_file_name": "/home/anomond/parameters/transitions_times/transitions_times-1-30-deps12-0.json",
        "uptimes_file_name": "/home/anomond/parameters/uptimes/uptimes-60-30-12-1-1-1.json",
        "expe_num": 1,
        "cluster": "uvb"
    },
    "global_results": {
        "finished_reconf": true,
        "max_deploy_time": 36.77,
        "max_update_time": 22.96,
        "max_reconf_time": 59.73,
        "max_sleeping_time": 32.77,
        "max_execution_time": 87.57
    },
    "results": {
        "dep4": {
            "total_uptime_duration": 55.022160053253174,
            "total_loading_state_duration": 0.01421976089477539,
            "total_deploy_duration": 32.11161017417908,
            "total_update_duration": 22.88187599182129,
            "total_saving_state_duration": 0.005860567092895508,
            "total_sleeping_time": 32.49634146690369,
            "finished_reconf": true
        },
        "dep8": {
            "total_uptime_duration": 55.328986406326294,
            "total_loading_state_duration": 0.021767854690551758,
            "total_deploy_duration": 32.41470694541931,
            "total_update_duration": 22.875136613845825,
            "total_saving_state_duration": 0.0058634281158447266,
            "total_sleeping_time": 31.330698251724243,
            "finished_reconf": true
        },
        "dep9": {
            "total_uptime_duration": 55.174150705337524,
            "total_loading_state_duration": 0.02267146110534668,
            "total_deploy_duration": 32.17591667175293,
            "total_update_duration": 22.95642900466919,
            "total_saving_state_duration": 0.004412412643432617,
            "total_sleeping_time": 31.675549030303955,
            "finished_reconf": true
        },
        "dep11": {
            "total_uptime_duration": 55.07717847824097,
            "total_loading_state_duration": 0.019521474838256836,
            "total_deploy_duration": 32.12139010429382,
            "total_update_duration": 22.91642165184021,
            "total_saving_state_duration": 0.005534648895263672,
            "total_sleeping_time": 32.03110194206238,
            "finished_reconf": true
        },
        "dep10": {
            "total_uptime_duration": 54.95798182487488,
            "total_loading_state_duration": 0.01282644271850586,
            "total_deploy_duration": 32.002415895462036,
            "total_update_duration": 22.930405616760254,
            "total_saving_state_duration": 0.0057222843170166016,
            "total_sleeping_time": 31.320651531219482,
            "finished_reconf": true
        },
        "dep0": {
            "total_uptime_duration": 55.58774161338806,
            "total_loading_state_duration": 0.024303436279296875,
            "total_deploy_duration": 32.66238737106323,
            "total_update_duration": 22.885188579559326,
            "total_saving_state_duration": 0.005101442337036133,
            "total_sleeping_time": 31.54444122314453,
            "finished_reconf": true
        },
        "server": {
            "total_uptime_duration": 59.71693229675293,
            "total_loading_state_duration": 0.019888639450073242,
            "total_deploy_duration": 36.77188205718994,
            "total_update_duration": 22.899699211120605,
            "total_saving_state_duration": 0.014528989791870117,
            "total_sleeping_time": 27.616671085357666,
            "finished_reconf": true
        },
        "dep3": {
            "total_uptime_duration": 55.081273317337036,
            "total_loading_state_duration": 0.015009880065917969,
            "total_deploy_duration": 32.191818952560425,
            "total_update_duration": 22.85915732383728,
            "total_saving_state_duration": 0.005429506301879883,
            "total_sleeping_time": 32.426456928253174,
            "finished_reconf": true
        },
        "dep1": {
            "total_uptime_duration": 55.41149091720581,
            "total_loading_state_duration": 0.018001794815063477,
            "total_deploy_duration": 32.51860594749451,
            "total_update_duration": 22.86033320426941,
            "total_saving_state_duration": 0.0053844451904296875,
            "total_sleeping_time": 31.754669904708862,
            "finished_reconf": true
        },
        "dep6": {
            "total_uptime_duration": 54.85825037956238,
            "total_loading_state_duration": 0.021648406982421875,
            "total_deploy_duration": 31.865528106689453,
            "total_update_duration": 22.95342445373535,
            "total_saving_state_duration": 0.004798173904418945,
            "total_sleeping_time": 32.04109859466553,
            "finished_reconf": true
        },
        "dep7": {
            "total_uptime_duration": 54.88312482833862,
            "total_loading_state_duration": 0.01527547836303711,
            "total_deploy_duration": 32.017536878585815,
            "total_update_duration": 22.8356511592865,
            "total_saving_state_duration": 0.00527501106262207,
            "total_sleeping_time": 31.539422512054443,
            "finished_reconf": true
        },
        "dep2": {
            "total_uptime_duration": 54.79987144470215,
            "total_loading_state_duration": 0.012611150741577148,
            "total_deploy_duration": 31.862453937530518,
            "total_update_duration": 22.91307759284973,
            "total_saving_state_duration": 0.005141258239746094,
            "total_sleeping_time": 32.77410817146301,
            "finished_reconf": true
        },
        "dep5": {
            "total_uptime_duration": 55.790010929107666,
            "total_loading_state_duration": 0.015073060989379883,
            "total_deploy_duration": 32.877992153167725,
            "total_update_duration": 22.882438898086548,
            "total_saving_state_duration": 0.005754232406616211,
            "total_sleeping_time": 31.375149488449097,
            "finished_reconf": true
        }
    }
}