{
    "parameters": {
        "version_concerto_name": "concerto-decentralized-synchrone",
        "transitions_times_file_name": "/home/anomond/parameters/transitions_times/transitions_times-1-30-deps12-0.json",
        "uptimes_file_name": "/home/anomond/parameters/uptimes/uptimes-60-30-12-0_5-0_6.json",
        "expe_num": 1,
        "cluster": "uvb"
    },
    "global_results": {
        "finished_reconf": true,
        "max_deploy_time": 430.09,
        "max_update_time": 512.46,
        "max_reconf_time": 942.55,
        "max_sleeping_time": 2562.33,
        "max_execution_time": 3353.15
    },
    "results": {
        "dep2": {
            "total_uptime_duration": 632.7571804523468,
            "total_loading_state_duration": 0.2206122875213623,
            "total_deploy_duration": 271.12126541137695,
            "total_update_duration": 360.91203474998474,
            "total_saving_state_duration": 0.11415934562683105,
            "total_sleeping_time": 2116.5574667453766,
            "finished_reconf": true
        },
        "dep8": {
            "total_uptime_duration": 687.1354470252991,
            "total_loading_state_duration": 0.214491605758667,
            "total_deploy_duration": 273.80339217185974,
            "total_update_duration": 412.5697240829468,
            "total_saving_state_duration": 0.1405172348022461,
            "total_sleeping_time": 2199.4683361053467,
            "finished_reconf": true
        },
        "dep1": {
            "total_uptime_duration": 796.0341920852661,
            "total_loading_state_duration": 0.27589893341064453,
            "total_deploy_duration": 288.08238911628723,
            "total_update_duration": 507.0529236793518,
            "total_saving_state_duration": 0.14813232421875,
            "total_sleeping_time": 2557.112962245941,
            "finished_reconf": true
        },
        "dep5": {
            "total_uptime_duration": 602.0499174594879,
            "total_loading_state_duration": 0.2056891918182373,
            "total_deploy_duration": 300.60683274269104,
            "total_update_duration": 300.7603397369385,
            "total_saving_state_duration": 0.11268353462219238,
            "total_sleeping_time": 2025.7852313518524,
            "finished_reconf": true
        },
        "dep9": {
            "total_uptime_duration": 680.7509667873383,
            "total_loading_state_duration": 0.23208403587341309,
            "total_deploy_duration": 279.2449667453766,
            "total_update_duration": 400.74961137771606,
            "total_saving_state_duration": 0.12184262275695801,
            "total_sleeping_time": 2205.857104063034,
            "finished_reconf": true
        },
        "dep4": {
            "total_uptime_duration": 631.881546497345,
            "total_loading_state_duration": 0.21670126914978027,
            "total_deploy_duration": 270.47211956977844,
            "total_update_duration": 360.687292098999,
            "total_saving_state_duration": 0.12053489685058594,
            "total_sleeping_time": 2116.2624707221985,
            "finished_reconf": true
        },
        "dep0": {
            "total_uptime_duration": 691.699798822403,
            "total_loading_state_duration": 0.2247316837310791,
            "total_deploy_duration": 328.47766160964966,
            "total_update_duration": 362.46841311454773,
            "total_saving_state_duration": 0.12476134300231934,
            "total_sleeping_time": 2173.714679479599,
            "finished_reconf": true
        },
        "dep7": {
            "total_uptime_duration": 789.3533766269684,
            "total_loading_state_duration": 0.25922060012817383,
            "total_deploy_duration": 276.0108675956726,
            "total_update_duration": 512.4563376903534,
            "total_saving_state_duration": 0.15240025520324707,
            "total_sleeping_time": 2562.3299584388733,
            "finished_reconf": true
        },
        "dep10": {
            "total_uptime_duration": 670.2101311683655,
            "total_loading_state_duration": 0.2249436378479004,
            "total_deploy_duration": 399.2325761318207,
            "total_update_duration": 270.22326397895813,
            "total_saving_state_duration": 0.12325549125671387,
            "total_sleeping_time": 2207.0189170837402,
            "finished_reconf": true
        },
        "server": {
            "total_uptime_duration": 717.743409872055,
            "total_loading_state_duration": 0.2470860481262207,
            "total_deploy_duration": 430.08953523635864,
            "total_update_duration": 286.7000026702881,
            "total_saving_state_duration": 0.30851030349731445,
            "total_sleeping_time": 2169.7486917972565,
            "finished_reconf": true
        },
        "dep6": {
            "total_uptime_duration": 672.5482549667358,
            "total_loading_state_duration": 0.22577381134033203,
            "total_deploy_duration": 346.5502760410309,
            "total_update_duration": 325.25190925598145,
            "total_saving_state_duration": 0.12170267105102539,
            "total_sleeping_time": 2193.5962591171265,
            "finished_reconf": true
        },
        "dep11": {
            "total_uptime_duration": 636.8112435340881,
            "total_loading_state_duration": 0.2067427635192871,
            "total_deploy_duration": 318.6693432331085,
            "total_update_duration": 317.42849349975586,
            "total_saving_state_duration": 0.1206512451171875,
            "total_sleeping_time": 2123.2457389831543,
            "finished_reconf": true
        },
        "dep3": {
            "total_uptime_duration": 662.0486741065979,
            "total_loading_state_duration": 0.23513340950012207,
            "total_deploy_duration": 292.13602805137634,
            "total_update_duration": 369.15752387046814,
            "total_saving_state_duration": 0.12024450302124023,
            "total_sleeping_time": 2220.7565507888794,
            "finished_reconf": true
        }
    }
}