{
    "parameters": {
        "version_concerto_name": "concerto-decentralized-synchrone",
        "transitions_times_file_name": "/home/anomond/parameters/transitions_times/transitions_times-1-30-deps12-1.json",
        "uptimes_file_name": "/home/anomond/parameters/uptimes/uptimes-60-30-12-0_2-0_3.json",
        "expe_num": 1,
        "cluster": "uvb"
    },
    "global_results": {
        "finished_reconf": false,
        "max_deploy_time": 1625.12,
        "max_update_time": 540.96,
        "max_reconf_time": 2166.08,
        "max_sleeping_time": 5862.98,
        "max_execution_time": 7669.44
    },
    "results": {
        "dep2": {
            "total_uptime_duration": 1805.2672097682953,
            "total_loading_state_duration": 0.6131644248962402,
            "total_deploy_duration": 1274.8760073184967,
            "total_update_duration": 528.4082806110382,
            "total_saving_state_duration": 0.32115602493286133,
            "total_sleeping_time": 5849.087534666061
        },
        "dep8": {
            "total_uptime_duration": 1805.0083508491516,
            "total_loading_state_duration": 0.5676541328430176,
            "total_deploy_duration": 1262.1293098926544,
            "total_update_duration": 540.9601418972015,
            "total_saving_state_duration": 0.3217277526855469,
            "total_sleeping_time": 5791.747012138367
        },
        "dep1": {
            "total_uptime_duration": 1813.4999904632568,
            "total_loading_state_duration": 0.6004016399383545,
            "total_deploy_duration": 1291.886826992035,
            "total_update_duration": 519.6091220378876,
            "total_saving_state_duration": 0.3337836265563965,
            "total_sleeping_time": 5855.9449553489685
        },
        "dep5": {
            "total_uptime_duration": 1804.804156780243,
            "total_loading_state_duration": 0.5793309211730957,
            "total_deploy_duration": 1382.1855425834656,
            "total_update_duration": 420.6680660247803,
            "total_saving_state_duration": 0.333233118057251,
            "total_sleeping_time": 5855.387045383453
        },
        "dep9": {
            "total_uptime_duration": 1812.2429959774017,
            "total_loading_state_duration": 0.588728666305542,
            "total_deploy_duration": 1299.399852514267,
            "total_update_duration": 510.866685628891,
            "total_saving_state_duration": 0.3379652500152588,
            "total_sleeping_time": 5820.2299592494965
        },
        "dep4": {
            "total_uptime_duration": 1805.115825176239,
            "total_loading_state_duration": 0.5865654945373535,
            "total_deploy_duration": 1322.4889194965363,
            "total_update_duration": 480.6454792022705,
            "total_saving_state_duration": 0.34223270416259766,
            "total_sleeping_time": 5862.983907222748
        },
        "dep0": {
            "total_uptime_duration": 1804.7465071678162,
            "total_loading_state_duration": 0.5842514038085938,
            "total_deploy_duration": 1322.037770986557,
            "total_update_duration": 480.7599859237671,
            "total_saving_state_duration": 0.3276088237762451,
            "total_sleeping_time": 5796.920663356781
        },
        "dep7": {
            "total_uptime_duration": 1805.2094497680664,
            "total_loading_state_duration": 0.6048455238342285,
            "total_deploy_duration": 1311.881735086441,
            "total_update_duration": 491.33712339401245,
            "total_saving_state_duration": 0.3293752670288086,
            "total_sleeping_time": 5849.756051301956
        },
        "dep10": {
            "total_uptime_duration": 1805.039933681488,
            "total_loading_state_duration": 0.5899651050567627,
            "total_deploy_duration": 1262.3623547554016,
            "total_update_duration": 540.7090954780579,
            "total_saving_state_duration": 0.3345332145690918,
            "total_sleeping_time": 5861.997186183929
        },
        "server": {
            "total_uptime_duration": 1822.2938838005066,
            "total_loading_state_duration": 0.7220838069915771,
            "total_deploy_duration": 1625.1243298053741,
            "total_update_duration": 194.56052684783936,
            "total_saving_state_duration": 0.829775333404541,
            "total_sleeping_time": 5820.530674695969
        },
        "dep6": {
            "total_uptime_duration": 1805.39537525177,
            "total_loading_state_duration": 0.5766875743865967,
            "total_deploy_duration": 1316.4342172145844,
            "total_update_duration": 487.05435967445374,
            "total_saving_state_duration": 0.3117029666900635,
            "total_sleeping_time": 5823.797242164612
        },
        "dep11": {
            "total_uptime_duration": 1805.8605964183807,
            "total_loading_state_duration": 0.5627667903900146,
            "total_deploy_duration": 1271.940391778946,
            "total_update_duration": 531.9800202846527,
            "total_saving_state_duration": 0.33895230293273926,
            "total_sleeping_time": 5790.100143194199
        },
        "dep3": {
            "total_uptime_duration": 1812.239229440689,
            "total_loading_state_duration": 0.5742626190185547,
            "total_deploy_duration": 1298.8803582191467,
            "total_update_duration": 511.4117383956909,
            "total_saving_state_duration": 0.3325846195220947,
            "total_sleeping_time": 5857.087562084198
        }
    }
}