{
    "parameters": {
        "version_concerto_name": "concerto-decentralized-synchrone",
        "transitions_times_file_name": "/home/anomond/parameters/transitions_times/transitions_times-1-30-deps12-1.json",
        "uptimes_file_name": "/home/anomond/parameters/uptimes/uptimes-60-30-12-0_5-0_6.json",
        "expe_num": 1,
        "cluster": "uvb"
    },
    "global_results": {
        "finished_reconf": true,
        "max_deploy_time": 477.35,
        "max_update_time": 481.51,
        "max_reconf_time": 958.86,
        "max_sleeping_time": 2507.0,
        "max_execution_time": 3259.48
    },
    "results": {
        "dep2": {
            "total_uptime_duration": 628.1830875873566,
            "total_loading_state_duration": 0.213287353515625,
            "total_deploy_duration": 271.0367250442505,
            "total_update_duration": 356.4377703666687,
            "total_saving_state_duration": 0.11945176124572754,
            "total_sleeping_time": 2001.8863451480865,
            "finished_reconf": true
        },
        "dep8": {
            "total_uptime_duration": 601.8801255226135,
            "total_loading_state_duration": 0.19995641708374023,
            "total_deploy_duration": 289.3401756286621,
            "total_update_duration": 311.8626432418823,
            "total_saving_state_duration": 0.10906338691711426,
            "total_sleeping_time": 2029.3797097206116,
            "finished_reconf": true
        },
        "dep1": {
            "total_uptime_duration": 735.9461307525635,
            "total_loading_state_duration": 0.24356293678283691,
            "total_deploy_duration": 360.785715341568,
            "total_update_duration": 374.3376512527466,
            "total_saving_state_duration": 0.1387929916381836,
            "total_sleeping_time": 2359.8891484737396,
            "finished_reconf": true
        },
        "dep5": {
            "total_uptime_duration": 697.96746301651,
            "total_loading_state_duration": 0.21625471115112305,
            "total_deploy_duration": 300.59472155570984,
            "total_update_duration": 396.6151864528656,
            "total_saving_state_duration": 0.13419580459594727,
            "total_sleeping_time": 2276.2555170059204,
            "finished_reconf": true
        },
        "dep9": {
            "total_uptime_duration": 672.9313428401947,
            "total_loading_state_duration": 0.22211432456970215,
            "total_deploy_duration": 275.0777864456177,
            "total_update_duration": 397.1025197505951,
            "total_saving_state_duration": 0.12401294708251953,
            "total_sleeping_time": 2205.77543759346,
            "finished_reconf": true
        },
        "dep4": {
            "total_uptime_duration": 753.0730321407318,
            "total_loading_state_duration": 0.2535102367401123,
            "total_deploy_duration": 270.70639085769653,
            "total_update_duration": 481.512081861496,
            "total_saving_state_duration": 0.14152789115905762,
            "total_sleeping_time": 2506.098569393158,
            "finished_reconf": true
        },
        "dep0": {
            "total_uptime_duration": 738.1404902935028,
            "total_loading_state_duration": 0.2523205280303955,
            "total_deploy_duration": 399.64260363578796,
            "total_update_duration": 337.6578457355499,
            "total_saving_state_duration": 0.14078998565673828,
            "total_sleeping_time": 2355.888476371765,
            "finished_reconf": true
        },
        "dep7": {
            "total_uptime_duration": 724.0616295337677,
            "total_loading_state_duration": 0.24953603744506836,
            "total_deploy_duration": 274.15243220329285,
            "total_update_duration": 449.0783305168152,
            "total_saving_state_duration": 0.14021611213684082,
            "total_sleeping_time": 2408.0533101558685,
            "finished_reconf": true
        },
        "dep10": {
            "total_uptime_duration": 728.8757073879242,
            "total_loading_state_duration": 0.2507004737854004,
            "total_deploy_duration": 477.3499684333801,
            "total_update_duration": 250.67185139656067,
            "total_saving_state_duration": 0.14529132843017578,
            "total_sleeping_time": 2367.0685732364655,
            "finished_reconf": true
        },
        "server": {
            "total_uptime_duration": 634.8867058753967,
            "total_loading_state_duration": 0.2260899543762207,
            "total_deploy_duration": 395.16813015937805,
            "total_update_duration": 238.8429880142212,
            "total_saving_state_duration": 0.2858085632324219,
            "total_sleeping_time": 1997.9837758541107,
            "finished_reconf": true
        },
        "dep6": {
            "total_uptime_duration": 743.2890474796295,
            "total_loading_state_duration": 0.24148130416870117,
            "total_deploy_duration": 270.6479957103729,
            "total_update_duration": 471.8292918205261,
            "total_saving_state_duration": 0.13505053520202637,
            "total_sleeping_time": 2389.270288705826,
            "finished_reconf": true
        },
        "dep11": {
            "total_uptime_duration": 752.4784517288208,
            "total_loading_state_duration": 0.25902223587036133,
            "total_deploy_duration": 297.1555075645447,
            "total_update_duration": 454.4533097743988,
            "total_saving_state_duration": 0.1424274444580078,
            "total_sleeping_time": 2507.001621246338,
            "finished_reconf": true
        },
        "dep3": {
            "total_uptime_duration": 601.9881722927094,
            "total_loading_state_duration": 0.20306921005249023,
            "total_deploy_duration": 272.89941239356995,
            "total_update_duration": 328.4082200527191,
            "total_saving_state_duration": 0.1109154224395752,
            "total_sleeping_time": 2001.0819840431213,
            "finished_reconf": true
        }
    }
}