{
    "parameters": {
        "version_concerto_name": "concerto-decentralized-synchrone",
        "transitions_times_file_name": "/home/anomond/parameters/transitions_times/transitions_times-1-30-deps12-1.json",
        "uptimes_file_name": "/home/anomond/parameters/uptimes/uptimes-60-30-12-0_02-0_05.json",
        "expe_num": 1,
        "cluster": "uvb"
    },
    "global_results": {
        "finished_reconf": false,
        "max_deploy_time": 1818.59,
        "max_update_time": 0,
        "max_reconf_time": 1818.59,
        "max_sleeping_time": 5840.45,
        "max_execution_time": 7645.05
    },
    "results": {
        "dep2": {
            "total_uptime_duration": 1809.161245584488,
            "total_loading_state_duration": 0.6161441802978516,
            "total_deploy_duration": 1807.1696517467499,
            "total_update_duration": 0,
            "total_saving_state_duration": 0.32482075691223145,
            "total_sleeping_time": 5762.341282606125
        },
        "dep8": {
            "total_uptime_duration": 1803.8992266654968,
            "total_loading_state_duration": 0.5741665363311768,
            "total_deploy_duration": 1802.0067105293274,
            "total_update_duration": 0,
            "total_saving_state_duration": 0.29459547996520996,
            "total_sleeping_time": 5770.826635599136
        },
        "dep1": {
            "total_uptime_duration": 1804.8748207092285,
            "total_loading_state_duration": 0.6095390319824219,
            "total_deploy_duration": 1802.8971028327942,
            "total_update_duration": 0,
            "total_saving_state_duration": 0.32572340965270996,
            "total_sleeping_time": 5838.020253896713
        },
        "dep5": {
            "total_uptime_duration": 1804.3194525241852,
            "total_loading_state_duration": 0.5827085971832275,
            "total_deploy_duration": 1802.3870041370392,
            "total_update_duration": 0,
            "total_saving_state_duration": 0.316103458404541,
            "total_sleeping_time": 5767.363531827927
        },
        "dep9": {
            "total_uptime_duration": 1803.9762365818024,
            "total_loading_state_duration": 0.5907988548278809,
            "total_deploy_duration": 1802.0190029144287,
            "total_update_duration": 0,
            "total_saving_state_duration": 0.3170461654663086,
            "total_sleeping_time": 5767.4649930000305
        },
        "dep4": {
            "total_uptime_duration": 1804.5947265625,
            "total_loading_state_duration": 0.5858309268951416,
            "total_deploy_duration": 1802.6382389068604,
            "total_update_duration": 0,
            "total_saving_state_duration": 0.32564616203308105,
            "total_sleeping_time": 5840.454624652863
        },
        "dep0": {
            "total_uptime_duration": 1820.5622828006744,
            "total_loading_state_duration": 0.6010169982910156,
            "total_deploy_duration": 1818.5906085968018,
            "total_update_duration": 0,
            "total_saving_state_duration": 0.32966136932373047,
            "total_sleeping_time": 5821.282178640366
        },
        "dep7": {
            "total_uptime_duration": 1805.0421528816223,
            "total_loading_state_duration": 0.596505880355835,
            "total_deploy_duration": 1803.0989615917206,
            "total_update_duration": 0,
            "total_saving_state_duration": 0.3151283264160156,
            "total_sleeping_time": 5767.166055440903
        },
        "dep10": {
            "total_uptime_duration": 1803.9734756946564,
            "total_loading_state_duration": 0.6108505725860596,
            "total_deploy_duration": 1801.969093799591,
            "total_update_duration": 0,
            "total_saving_state_duration": 0.329085111618042,
            "total_sleeping_time": 5763.90269112587
        },
        "server": {
            "total_uptime_duration": 1805.9803981781006,
            "total_loading_state_duration": 0.6289620399475098,
            "total_deploy_duration": 1803.6106886863708,
            "total_update_duration": 0,
            "total_saving_state_duration": 0.7351095676422119,
            "total_sleeping_time": 5838.0717833042145
        },
        "dep6": {
            "total_uptime_duration": 1804.6643605232239,
            "total_loading_state_duration": 0.5877628326416016,
            "total_deploy_duration": 1802.7266879081726,
            "total_update_duration": 0,
            "total_saving_state_duration": 0.3101155757904053,
            "total_sleeping_time": 5769.3521156311035
        },
        "dep11": {
            "total_uptime_duration": 1804.2495286464691,
            "total_loading_state_duration": 0.5743377208709717,
            "total_deploy_duration": 1802.3194134235382,
            "total_update_duration": 0,
            "total_saving_state_duration": 0.31581664085388184,
            "total_sleeping_time": 5766.456381320953
        },
        "dep3": {
            "total_uptime_duration": 1804.8921918869019,
            "total_loading_state_duration": 0.5800642967224121,
            "total_deploy_duration": 1802.9484717845917,
            "total_update_duration": 0,
            "total_saving_state_duration": 0.3305940628051758,
            "total_sleeping_time": 5770.396914243698
        }
    }
}