{
    "parameters": {
        "version_concerto_name": "concerto-decentralized-synchrone",
        "transitions_times_file_name": "/home/anomond/parameters/transitions_times/transitions_times-1-30-deps12-1.json",
        "uptimes_file_name": "/home/anomond/parameters/uptimes/uptimes-60-30-12-1-1-1.json",
        "expe_num": 1,
        "cluster": "uvb"
    },
    "global_results": {
        "finished_reconf": true,
        "max_deploy_time": 28.15,
        "max_update_time": 50.25,
        "max_reconf_time": 78.4,
        "max_sleeping_time": 64.12,
        "max_execution_time": 125.91
    },
    "results": {
        "dep7": {
            "total_uptime_duration": 60.910743713378906,
            "total_loading_state_duration": 0.03268933296203613,
            "total_deploy_duration": 27.954236030578613,
            "total_update_duration": 32.86565709114075,
            "total_saving_state_duration": 0.010588645935058594,
            "total_sleeping_time": 63.046069383621216,
            "finished_reconf": true
        },
        "dep8": {
            "total_uptime_duration": 61.00584959983826,
            "total_loading_state_duration": 0.036675214767456055,
            "total_deploy_duration": 28.147156238555908,
            "total_update_duration": 32.76168727874756,
            "total_saving_state_duration": 0.01066899299621582,
            "total_sleeping_time": 63.19855451583862,
            "finished_reconf": true
        },
        "dep5": {
            "total_uptime_duration": 61.6950900554657,
            "total_loading_state_duration": 0.020901918411254883,
            "total_deploy_duration": 27.926647186279297,
            "total_update_duration": 33.687206506729126,
            "total_saving_state_duration": 0.012052297592163086,
            "total_sleeping_time": 64.0432801246643,
            "finished_reconf": true
        },
        "dep0": {
            "total_uptime_duration": 61.317145586013794,
            "total_loading_state_duration": 0.021664857864379883,
            "total_deploy_duration": 27.969712495803833,
            "total_update_duration": 33.26763296127319,
            "total_saving_state_duration": 0.01064300537109375,
            "total_sleeping_time": 63.512142181396484,
            "finished_reconf": true
        },
        "dep2": {
            "total_uptime_duration": 60.95780968666077,
            "total_loading_state_duration": 0.021968364715576172,
            "total_deploy_duration": 27.890458583831787,
            "total_update_duration": 32.98616814613342,
            "total_saving_state_duration": 0.011018037796020508,
            "total_sleeping_time": 64.11509966850281,
            "finished_reconf": true
        },
        "dep3": {
            "total_uptime_duration": 61.304084062576294,
            "total_loading_state_duration": 0.021841049194335938,
            "total_deploy_duration": 27.982637405395508,
            "total_update_duration": 33.23792886734009,
            "total_saving_state_duration": 0.010994911193847656,
            "total_sleeping_time": 63.08458733558655,
            "finished_reconf": true
        },
        "dep10": {
            "total_uptime_duration": 60.8912079334259,
            "total_loading_state_duration": 0.021584033966064453,
            "total_deploy_duration": 27.998908042907715,
            "total_update_duration": 32.811256885528564,
            "total_saving_state_duration": 0.010859251022338867,
            "total_sleeping_time": 63.43472743034363,
            "finished_reconf": true
        },
        "dep11": {
            "total_uptime_duration": 61.310144901275635,
            "total_loading_state_duration": 0.020367860794067383,
            "total_deploy_duration": 28.011292457580566,
            "total_update_duration": 33.22223424911499,
            "total_saving_state_duration": 0.010784626007080078,
            "total_sleeping_time": 63.3479380607605,
            "finished_reconf": true
        },
        "dep1": {
            "total_uptime_duration": 60.9735472202301,
            "total_loading_state_duration": 0.028835535049438477,
            "total_deploy_duration": 27.90311026573181,
            "total_update_duration": 32.9800341129303,
            "total_saving_state_duration": 0.011258125305175781,
            "total_sleeping_time": 62.737289905548096,
            "finished_reconf": true
        },
        "dep9": {
            "total_uptime_duration": 60.888691663742065,
            "total_loading_state_duration": 0.01753520965576172,
            "total_deploy_duration": 28.011483430862427,
            "total_update_duration": 32.802138805389404,
            "total_saving_state_duration": 0.01115274429321289,
            "total_sleeping_time": 63.59414458274841,
            "finished_reconf": true
        },
        "dep4": {
            "total_uptime_duration": 61.88000988960266,
            "total_loading_state_duration": 0.021159887313842773,
            "total_deploy_duration": 27.65758991241455,
            "total_update_duration": 34.14209961891174,
            "total_saving_state_duration": 0.010019302368164062,
            "total_sleeping_time": 61.444727659225464,
            "finished_reconf": true
        },
        "dep6": {
            "total_uptime_duration": 63.54916262626648,
            "total_loading_state_duration": 0.019916057586669922,
            "total_deploy_duration": 27.99134135246277,
            "total_update_duration": 35.477508544921875,
            "total_saving_state_duration": 0.012941598892211914,
            "total_sleeping_time": 61.600982904434204,
            "finished_reconf": true
        },
        "server": {
            "total_uptime_duration": 78.36807703971863,
            "total_loading_state_duration": 0.024039506912231445,
            "total_deploy_duration": 28.01153039932251,
            "total_update_duration": 50.25213289260864,
            "total_saving_state_duration": 0.030043363571166992,
            "total_sleeping_time": 47.54194211959839,
            "finished_reconf": true
        }
    }
}