{
    "parameters": {
        "version_concerto_name": "concerto-decentralized",
        "transitions_times_file_name": "/home/anomond/parameters/transitions_times/transitions_times-1-30-deps12-0.json",
        "uptimes_file_name": "/home/anomond/parameters/uptimes/uptimes-60-30-12-0_02-0_05.json",
        "expe_num": 2,
        "cluster": "uvb"
    },
    "global_results": {
        "finished_reconf": true,
        "max_deploy_time": 240.31,
        "max_update_time": 45.17,
        "max_reconf_time": 285.47,
        "max_sleeping_time": 1998.02,
        "max_execution_time": 2254.74
    },
    "results": {
        "dep0": {
            "total_uptime_duration": 256.72360348701477,
            "total_loading_state_duration": 0.2770538330078125,
            "total_deploy_duration": 226.2901291847229,
            "total_update_duration": 30.025888204574585,
            "total_saving_state_duration": 0.07967138290405273,
            "total_sleeping_time": 1998.0188376903534,
            "finished_reconf": true
        },
        "dep6": {
            "total_uptime_duration": 257.0765948295593,
            "total_loading_state_duration": 0.28400087356567383,
            "total_deploy_duration": 211.48041009902954,
            "total_update_duration": 45.16649675369263,
            "total_saving_state_duration": 0.08096504211425781,
            "total_sleeping_time": 1925.7149596214294,
            "finished_reconf": true
        },
        "dep11": {
            "total_uptime_duration": 241.97523427009583,
            "total_loading_state_duration": 0.21303105354309082,
            "total_deploy_duration": 211.48759174346924,
            "total_update_duration": 30.14198398590088,
            "total_saving_state_duration": 0.08118653297424316,
            "total_sleeping_time": 1881.9922964572906,
            "finished_reconf": true
        },
        "dep8": {
            "total_uptime_duration": 256.9229679107666,
            "total_loading_state_duration": 0.18856501579284668,
            "total_deploy_duration": 226.5206024646759,
            "total_update_duration": 30.087111949920654,
            "total_saving_state_duration": 0.0800619125366211,
            "total_sleeping_time": 1990.3547825813293,
            "finished_reconf": true
        },
        "dep1": {
            "total_uptime_duration": 247.52873826026917,
            "total_loading_state_duration": 0.23705315589904785,
            "total_deploy_duration": 232.1052463054657,
            "total_update_duration": 15.048115491867065,
            "total_saving_state_duration": 0.0922403335571289,
            "total_sleeping_time": 1856.7642381191254,
            "finished_reconf": true
        },
        "dep10": {
            "total_uptime_duration": 256.963397026062,
            "total_loading_state_duration": 0.2730438709259033,
            "total_deploy_duration": 226.45800256729126,
            "total_update_duration": 30.094672441482544,
            "total_saving_state_duration": 0.07760739326477051,
            "total_sleeping_time": 1925.3883006572723,
            "finished_reconf": true
        },
        "dep2": {
            "total_uptime_duration": 242.25400233268738,
            "total_loading_state_duration": 0.2305772304534912,
            "total_deploy_duration": 211.33483123779297,
            "total_update_duration": 30.563158988952637,
            "total_saving_state_duration": 0.0749213695526123,
            "total_sleeping_time": 1882.1769828796387,
            "finished_reconf": true
        },
        "dep5": {
            "total_uptime_duration": 256.94248151779175,
            "total_loading_state_duration": 0.2252030372619629,
            "total_deploy_duration": 226.4256727695465,
            "total_update_duration": 30.1324622631073,
            "total_saving_state_duration": 0.10903191566467285,
            "total_sleeping_time": 1996.0976989269257,
            "finished_reconf": true
        },
        "dep4": {
            "total_uptime_duration": 253.45836400985718,
            "total_loading_state_duration": 0.23177051544189453,
            "total_deploy_duration": 226.3069486618042,
            "total_update_duration": 26.79918909072876,
            "total_saving_state_duration": 0.07126474380493164,
            "total_sleeping_time": 1873.576756477356,
            "finished_reconf": true
        },
        "dep7": {
            "total_uptime_duration": 262.64655351638794,
            "total_loading_state_duration": 0.2404332160949707,
            "total_deploy_duration": 227.91732478141785,
            "total_update_duration": 34.355135679244995,
            "total_saving_state_duration": 0.07474851608276367,
            "total_sleeping_time": 1921.2650146484375,
            "finished_reconf": true
        },
        "dep3": {
            "total_uptime_duration": 241.91734886169434,
            "total_loading_state_duration": 0.2606515884399414,
            "total_deploy_duration": 226.48079299926758,
            "total_update_duration": 15.043755054473877,
            "total_saving_state_duration": 0.07224059104919434,
            "total_sleeping_time": 1882.10897731781,
            "finished_reconf": true
        },
        "dep9": {
            "total_uptime_duration": 241.9953796863556,
            "total_loading_state_duration": 0.2693343162536621,
            "total_deploy_duration": 226.58006262779236,
            "total_update_duration": 15.02093243598938,
            "total_saving_state_duration": 0.07244515419006348,
            "total_sleeping_time": 1882.3988289833069,
            "finished_reconf": true
        },
        "server": {
            "total_uptime_duration": 271.8425359725952,
            "total_loading_state_duration": 0.1834259033203125,
            "total_deploy_duration": 240.30655121803284,
            "total_update_duration": 31.103431463241577,
            "total_saving_state_duration": 0.19926977157592773,
            "total_sleeping_time": 1828.7810111045837,
            "finished_reconf": true
        }
    }
}