{
    "parameters": {
        "version_concerto_name": "concerto-decentralized",
        "transitions_times_file_name": "/home/anomond/parameters/transitions_times/transitions_times-1-30-deps12-0.json",
        "uptimes_file_name": "/home/anomond/parameters/uptimes/uptimes-60-30-12-0_2-0_3.json",
        "expe_num": 2,
        "cluster": "uvb"
    },
    "global_results": {
        "finished_reconf": true,
        "max_deploy_time": 225.42,
        "max_update_time": 36.99,
        "max_reconf_time": 262.41,
        "max_sleeping_time": 1889.81,
        "max_execution_time": 2131.71
    },
    "results": {
        "dep0": {
            "total_uptime_duration": 241.7284677028656,
            "total_loading_state_duration": 0.1955122947692871,
            "total_deploy_duration": 211.29813933372498,
            "total_update_duration": 30.116267681121826,
            "total_saving_state_duration": 0.07609939575195312,
            "total_sleeping_time": 1855.2967891693115,
            "finished_reconf": true
        },
        "dep6": {
            "total_uptime_duration": 241.85153317451477,
            "total_loading_state_duration": 0.20519328117370605,
            "total_deploy_duration": 211.4094259738922,
            "total_update_duration": 30.1130313873291,
            "total_saving_state_duration": 0.07479286193847656,
            "total_sleeping_time": 1823.3546595573425,
            "finished_reconf": true
        },
        "dep11": {
            "total_uptime_duration": 241.89849257469177,
            "total_loading_state_duration": 0.17940664291381836,
            "total_deploy_duration": 211.49954223632812,
            "total_update_duration": 30.099664449691772,
            "total_saving_state_duration": 0.07341480255126953,
            "total_sleeping_time": 1889.8108205795288,
            "finished_reconf": true
        },
        "dep8": {
            "total_uptime_duration": 227.929368019104,
            "total_loading_state_duration": 0.18195319175720215,
            "total_deploy_duration": 196.26521849632263,
            "total_update_duration": 31.367189407348633,
            "total_saving_state_duration": 0.07197332382202148,
            "total_sleeping_time": 1740.2644927501678,
            "finished_reconf": true
        },
        "dep1": {
            "total_uptime_duration": 247.67598795890808,
            "total_loading_state_duration": 0.17965269088745117,
            "total_deploy_duration": 217.24779105186462,
            "total_update_duration": 30.069910287857056,
            "total_saving_state_duration": 0.13206696510314941,
            "total_sleeping_time": 1872.3302433490753,
            "finished_reconf": true
        },
        "dep10": {
            "total_uptime_duration": 237.99528741836548,
            "total_loading_state_duration": 0.20352387428283691,
            "total_deploy_duration": 211.2917788028717,
            "total_update_duration": 26.384171724319458,
            "total_saving_state_duration": 0.06882834434509277,
            "total_sleeping_time": 1728.890371799469,
            "finished_reconf": true
        },
        "dep2": {
            "total_uptime_duration": 234.06132912635803,
            "total_loading_state_duration": 0.16960477828979492,
            "total_deploy_duration": 196.7857859134674,
            "total_update_duration": 36.9941303730011,
            "total_saving_state_duration": 0.07145118713378906,
            "total_sleeping_time": 1768.624359846115,
            "finished_reconf": true
        },
        "dep5": {
            "total_uptime_duration": 227.91029119491577,
            "total_loading_state_duration": 0.17311716079711914,
            "total_deploy_duration": 211.48456501960754,
            "total_update_duration": 16.137694120407104,
            "total_saving_state_duration": 0.06996440887451172,
            "total_sleeping_time": 1740.5093896389008,
            "finished_reconf": true
        },
        "dep4": {
            "total_uptime_duration": 230.40098404884338,
            "total_loading_state_duration": 0.1621243953704834,
            "total_deploy_duration": 199.9761564731598,
            "total_update_duration": 30.14593005180359,
            "total_saving_state_duration": 0.07743620872497559,
            "total_sleeping_time": 1738.9516234397888,
            "finished_reconf": true
        },
        "dep7": {
            "total_uptime_duration": 247.58411741256714,
            "total_loading_state_duration": 0.1995079517364502,
            "total_deploy_duration": 212.92094612121582,
            "total_update_duration": 34.341943979263306,
            "total_saving_state_duration": 0.07281613349914551,
            "total_sleeping_time": 1811.721228837967,
            "finished_reconf": true
        },
        "dep3": {
            "total_uptime_duration": 241.84104824066162,
            "total_loading_state_duration": 0.17864322662353516,
            "total_deploy_duration": 211.4359941482544,
            "total_update_duration": 30.109073877334595,
            "total_saving_state_duration": 0.07259249687194824,
            "total_sleeping_time": 1839.7379200458527,
            "finished_reconf": true
        },
        "dep9": {
            "total_uptime_duration": 226.92003083229065,
            "total_loading_state_duration": 0.2031872272491455,
            "total_deploy_duration": 211.49619364738464,
            "total_update_duration": 15.104646444320679,
            "total_saving_state_duration": 0.06866669654846191,
            "total_sleeping_time": 1772.2162523269653,
            "finished_reconf": true
        },
        "server": {
            "total_uptime_duration": 256.92923974990845,
            "total_loading_state_duration": 0.17700958251953125,
            "total_deploy_duration": 225.41803455352783,
            "total_update_duration": 31.100154638290405,
            "total_saving_state_duration": 0.18849706649780273,
            "total_sleeping_time": 1714.5040802955627,
            "finished_reconf": true
        }
    }
}