{
    "parameters": {
        "version_concerto_name": "concerto-decentralized",
        "transitions_times_file_name": "/home/anomond/parameters/transitions_times/transitions_times-1-30-deps12-1.json",
        "uptimes_file_name": "/home/anomond/parameters/uptimes/uptimes-60-30-12-0_2-0_3.json",
        "expe_num": 2,
        "cluster": "uvb"
    },
    "global_results": {
        "finished_reconf": true,
        "max_deploy_time": 222.89,
        "max_update_time": 40.8,
        "max_reconf_time": 263.7,
        "max_sleeping_time": 1890.42,
        "max_execution_time": 2132.28
    },
    "results": {
        "dep0": {
            "total_uptime_duration": 254.0942244529724,
            "total_loading_state_duration": 0.1967155933380127,
            "total_deploy_duration": 219.16896533966064,
            "total_update_duration": 34.607492446899414,
            "total_saving_state_duration": 0.07419729232788086,
            "total_sleeping_time": 1843.066819190979,
            "finished_reconf": true
        },
        "dep6": {
            "total_uptime_duration": 241.80574131011963,
            "total_loading_state_duration": 0.19089603424072266,
            "total_deploy_duration": 211.4556369781494,
            "total_update_duration": 30.03577494621277,
            "total_saving_state_duration": 0.07336068153381348,
            "total_sleeping_time": 1823.2590584754944,
            "finished_reconf": true
        },
        "dep11": {
            "total_uptime_duration": 241.8683512210846,
            "total_loading_state_duration": 0.20321273803710938,
            "total_deploy_duration": 211.47694635391235,
            "total_update_duration": 30.072314500808716,
            "total_saving_state_duration": 0.07222437858581543,
            "total_sleeping_time": 1890.4166238307953,
            "finished_reconf": true
        },
        "dep8": {
            "total_uptime_duration": 237.0615758895874,
            "total_loading_state_duration": 0.17441916465759277,
            "total_deploy_duration": 196.33244442939758,
            "total_update_duration": 40.44046115875244,
            "total_saving_state_duration": 0.06920886039733887,
            "total_sleeping_time": 1740.5416157245636,
            "finished_reconf": true
        },
        "dep1": {
            "total_uptime_duration": 250.88126230239868,
            "total_loading_state_duration": 0.19806480407714844,
            "total_deploy_duration": 211.45207691192627,
            "total_update_duration": 39.099563121795654,
            "total_saving_state_duration": 0.08272862434387207,
            "total_sleeping_time": 1870.320076227188,
            "finished_reconf": true
        },
        "dep10": {
            "total_uptime_duration": 241.92277336120605,
            "total_loading_state_duration": 0.1999833583831787,
            "total_deploy_duration": 211.5489580631256,
            "total_update_duration": 30.047765970230103,
            "total_saving_state_duration": 0.07713913917541504,
            "total_sleeping_time": 1888.2174096107483,
            "finished_reconf": true
        },
        "dep2": {
            "total_uptime_duration": 226.7812180519104,
            "total_loading_state_duration": 0.16156840324401855,
            "total_deploy_duration": 196.4095823764801,
            "total_update_duration": 30.09518265724182,
            "total_saving_state_duration": 0.07380795478820801,
            "total_sleeping_time": 1775.5081272125244,
            "finished_reconf": true
        },
        "dep5": {
            "total_uptime_duration": 236.86826395988464,
            "total_loading_state_duration": 0.176954984664917,
            "total_deploy_duration": 211.30467891693115,
            "total_update_duration": 25.273516416549683,
            "total_saving_state_duration": 0.07161951065063477,
            "total_sleeping_time": 1739.218344449997,
            "finished_reconf": true
        },
        "dep4": {
            "total_uptime_duration": 233.91064310073853,
            "total_loading_state_duration": 0.18417668342590332,
            "total_deploy_duration": 196.46120524406433,
            "total_update_duration": 37.150105237960815,
            "total_saving_state_duration": 0.07073020935058594,
            "total_sleeping_time": 1744.1018068790436,
            "finished_reconf": true
        },
        "dep7": {
            "total_uptime_duration": 242.01268434524536,
            "total_loading_state_duration": 0.21092557907104492,
            "total_deploy_duration": 211.58769273757935,
            "total_update_duration": 30.08979058265686,
            "total_saving_state_duration": 0.07403779029846191,
            "total_sleeping_time": 1818.4752328395844,
            "finished_reconf": true
        },
        "dep3": {
            "total_uptime_duration": 241.83877038955688,
            "total_loading_state_duration": 0.17679953575134277,
            "total_deploy_duration": 211.43143486976624,
            "total_update_duration": 30.116016149520874,
            "total_saving_state_duration": 0.07271838188171387,
            "total_sleeping_time": 1840.20090341568,
            "finished_reconf": true
        },
        "dep9": {
            "total_uptime_duration": 239.91738939285278,
            "total_loading_state_duration": 0.19243168830871582,
            "total_deploy_duration": 222.89107131958008,
            "total_update_duration": 16.72012186050415,
            "total_saving_state_duration": 0.06852579116821289,
            "total_sleeping_time": 1760.8864793777466,
            "finished_reconf": true
        },
        "server": {
            "total_uptime_duration": 256.80565333366394,
            "total_loading_state_duration": 0.1680920124053955,
            "total_deploy_duration": 215.60044836997986,
            "total_update_duration": 40.80403423309326,
            "total_saving_state_duration": 0.18769049644470215,
            "total_sleeping_time": 1723.6681501865387,
            "finished_reconf": true
        }
    }
}