{
    "parameters": {
        "version_concerto_name": "concerto-decentralized-synchrone",
        "transitions_times_file_name": "/home/anomond/parameters/transitions_times/transitions_times-1-30-deps12-0.json",
        "uptimes_file_name": "/home/anomond/parameters/uptimes/uptimes-60-30-12-0_02-0_05.json",
        "expe_num": 1,
        "cluster": "uvb"
    },
    "global_results": {
        "finished_reconf": false,
        "max_deploy_time": 1810.62,
        "max_update_time": 0,
        "max_reconf_time": 1810.62,
        "max_sleeping_time": 5850.64,
        "max_execution_time": 7655.15
    },
    "results": {
        "dep2": {
            "total_uptime_duration": 1805.3893530368805,
            "total_loading_state_duration": 0.6003270149230957,
            "total_deploy_duration": 1803.4271078109741,
            "total_update_duration": 0,
            "total_saving_state_duration": 0.32344698905944824,
            "total_sleeping_time": 5773.515827178955
        },
        "dep8": {
            "total_uptime_duration": 1803.776343345642,
            "total_loading_state_duration": 0.5663540363311768,
            "total_deploy_duration": 1801.891648054123,
            "total_update_duration": 0,
            "total_saving_state_duration": 0.29425692558288574,
            "total_sleeping_time": 5777.909754991531
        },
        "dep1": {
            "total_uptime_duration": 1804.5144309997559,
            "total_loading_state_duration": 0.5970261096954346,
            "total_deploy_duration": 1802.5522243976593,
            "total_update_duration": 0,
            "total_saving_state_duration": 0.3244647979736328,
            "total_sleeping_time": 5850.636275291443
        },
        "dep5": {
            "total_uptime_duration": 1804.8030319213867,
            "total_loading_state_duration": 0.5822315216064453,
            "total_deploy_duration": 1802.8809778690338,
            "total_update_duration": 0,
            "total_saving_state_duration": 0.31517910957336426,
            "total_sleeping_time": 5774.699372768402
        },
        "dep9": {
            "total_uptime_duration": 1804.1981618404388,
            "total_loading_state_duration": 0.5865957736968994,
            "total_deploy_duration": 1802.2435121536255,
            "total_update_duration": 0,
            "total_saving_state_duration": 0.3250541687011719,
            "total_sleeping_time": 5773.322905778885
        },
        "dep4": {
            "total_uptime_duration": 1812.5598402023315,
            "total_loading_state_duration": 0.5814187526702881,
            "total_deploy_duration": 1810.6155836582184,
            "total_update_duration": 0,
            "total_saving_state_duration": 0.3199472427368164,
            "total_sleeping_time": 5840.687843322754
        },
        "dep0": {
            "total_uptime_duration": 1804.6920430660248,
            "total_loading_state_duration": 0.592818021774292,
            "total_deploy_duration": 1802.7263822555542,
            "total_update_duration": 0,
            "total_saving_state_duration": 0.32723045349121094,
            "total_sleeping_time": 5845.198869228363
        },
        "dep7": {
            "total_uptime_duration": 1804.647276878357,
            "total_loading_state_duration": 0.6101782321929932,
            "total_deploy_duration": 1802.6751985549927,
            "total_update_duration": 0,
            "total_saving_state_duration": 0.31882262229919434,
            "total_sleeping_time": 5776.0481543540955
        },
        "dep10": {
            "total_uptime_duration": 1803.8337206840515,
            "total_loading_state_duration": 0.5984694957733154,
            "total_deploy_duration": 1801.862545490265,
            "total_update_duration": 0,
            "total_saving_state_duration": 0.32224464416503906,
            "total_sleeping_time": 5774.823396682739
        },
        "server": {
            "total_uptime_duration": 1805.9652705192566,
            "total_loading_state_duration": 0.6460673809051514,
            "total_deploy_duration": 1803.5590658187866,
            "total_update_duration": 0,
            "total_saving_state_duration": 0.7477908134460449,
            "total_sleeping_time": 5839.730272293091
        },
        "dep6": {
            "total_uptime_duration": 1804.3549845218658,
            "total_loading_state_duration": 0.5937886238098145,
            "total_deploy_duration": 1802.4139485359192,
            "total_update_duration": 0,
            "total_saving_state_duration": 0.31108570098876953,
            "total_sleeping_time": 5778.22904920578
        },
        "dep11": {
            "total_uptime_duration": 1804.371835231781,
            "total_loading_state_duration": 0.5800840854644775,
            "total_deploy_duration": 1802.4390277862549,
            "total_update_duration": 0,
            "total_saving_state_duration": 0.31693148612976074,
            "total_sleeping_time": 5775.255533695221
        },
        "dep3": {
            "total_uptime_duration": 1804.6426374912262,
            "total_loading_state_duration": 0.5863072872161865,
            "total_deploy_duration": 1802.6884245872498,
            "total_update_duration": 0,
            "total_saving_state_duration": 0.32902002334594727,
            "total_sleeping_time": 5776.320474863052
        }
    }
}