{
    "parameters": {
        "version_concerto_name": "concerto-decentralized",
        "transitions_times_file_name": "/home/anomond/parameters/transitions_times/transitions_times-1-30-deps12-1.json",
        "uptimes_file_name": "/home/anomond/parameters/uptimes/uptimes-60-30-12-0_2-0_3.json",
        "expe_num": 1,
        "cluster": "uvb"
    },
    "global_results": {
        "finished_reconf": true,
        "max_deploy_time": 331.45,
        "max_update_time": 90.1,
        "max_reconf_time": 421.56,
        "max_sleeping_time": 1313.88,
        "max_execution_time": 1705.43
    },
    "results": {
        "dep5": {
            "total_uptime_duration": 361.69842410087585,
            "total_loading_state_duration": 0.1285996437072754,
            "total_deploy_duration": 331.4541370868683,
            "total_update_duration": 30.0107204914093,
            "total_saving_state_duration": 0.06829571723937988,
            "total_sleeping_time": 1231.5699343681335,
            "finished_reconf": true
        },
        "dep7": {
            "total_uptime_duration": 362.1844847202301,
            "total_loading_state_duration": 0.13623428344726562,
            "total_deploy_duration": 325.6181044578552,
            "total_update_duration": 36.3290901184082,
            "total_saving_state_duration": 0.06344246864318848,
            "total_sleeping_time": 1253.7170236110687,
            "finished_reconf": true
        },
        "dep6": {
            "total_uptime_duration": 361.6265711784363,
            "total_loading_state_duration": 0.14673757553100586,
            "total_deploy_duration": 301.2563798427582,
            "total_update_duration": 60.125763177871704,
            "total_saving_state_duration": 0.060782670974731445,
            "total_sleeping_time": 1254.0170822143555,
            "finished_reconf": true
        },
        "dep9": {
            "total_uptime_duration": 361.7568485736847,
            "total_loading_state_duration": 0.17203164100646973,
            "total_deploy_duration": 331.3777265548706,
            "total_update_duration": 30.105318784713745,
            "total_saving_state_duration": 0.05995488166809082,
            "total_sleeping_time": 1253.6377511024475,
            "finished_reconf": true
        },
        "dep4": {
            "total_uptime_duration": 388.9390161037445,
            "total_loading_state_duration": 0.11525774002075195,
            "total_deploy_duration": 326.7116174697876,
            "total_update_duration": 62.01266384124756,
            "total_saving_state_duration": 0.06660342216491699,
            "total_sleeping_time": 1203.5490686893463,
            "finished_reconf": true
        },
        "dep8": {
            "total_uptime_duration": 361.6666045188904,
            "total_loading_state_duration": 0.14861655235290527,
            "total_deploy_duration": 301.2438883781433,
            "total_update_duration": 60.174113273620605,
            "total_saving_state_duration": 0.06571531295776367,
            "total_sleeping_time": 1254.7366318702698,
            "finished_reconf": true
        },
        "dep3": {
            "total_uptime_duration": 361.5947353839874,
            "total_loading_state_duration": 0.12636137008666992,
            "total_deploy_duration": 331.3635022640228,
            "total_update_duration": 30.011845111846924,
            "total_saving_state_duration": 0.05991077423095703,
            "total_sleeping_time": 1242.336775302887,
            "finished_reconf": true
        },
        "server": {
            "total_uptime_duration": 376.8714790344238,
            "total_loading_state_duration": 0.13765931129455566,
            "total_deploy_duration": 320.6440386772156,
            "total_update_duration": 55.898364782333374,
            "total_saving_state_duration": 0.15193963050842285,
            "total_sleeping_time": 1217.1222867965698,
            "finished_reconf": true
        },
        "dep1": {
            "total_uptime_duration": 391.79117035865784,
            "total_loading_state_duration": 0.13313794136047363,
            "total_deploy_duration": 301.4472281932831,
            "total_update_duration": 90.10479521751404,
            "total_saving_state_duration": 0.07233500480651855,
            "total_sleeping_time": 1283.6232948303223,
            "finished_reconf": true
        },
        "dep10": {
            "total_uptime_duration": 361.7695541381836,
            "total_loading_state_duration": 0.15149617195129395,
            "total_deploy_duration": 305.48405861854553,
            "total_update_duration": 56.02450728416443,
            "total_saving_state_duration": 0.0639336109161377,
            "total_sleeping_time": 1255.0405385494232,
            "finished_reconf": true
        },
        "dep11": {
            "total_uptime_duration": 391.5526442527771,
            "total_loading_state_duration": 0.1349625587463379,
            "total_deploy_duration": 331.25689911842346,
            "total_update_duration": 60.056047201156616,
            "total_saving_state_duration": 0.06993532180786133,
            "total_sleeping_time": 1313.879019021988,
            "finished_reconf": true
        },
        "dep2": {
            "total_uptime_duration": 361.73802161216736,
            "total_loading_state_duration": 0.15915155410766602,
            "total_deploy_duration": 301.37018156051636,
            "total_update_duration": 60.10593867301941,
            "total_saving_state_duration": 0.06297516822814941,
            "total_sleeping_time": 1255.1733651161194,
            "finished_reconf": true
        },
        "dep0": {
            "total_uptime_duration": 367.703919172287,
            "total_loading_state_duration": 0.1368107795715332,
            "total_deploy_duration": 331.276828289032,
            "total_update_duration": 36.19024705886841,
            "total_saving_state_duration": 0.06441307067871094,
            "total_sleeping_time": 1223.819836616516,
            "finished_reconf": true
        }
    }
}