{
    "parameters": {
        "version_concerto_name": "concerto-decentralized",
        "transitions_times_file_name": "/home/anomond/parameters/transitions_times/transitions_times-1-30-deps12-0.json",
        "uptimes_file_name": "/home/anomond/parameters/uptimes/uptimes-60-30-12-0_5-0_6.json",
        "expe_num": 1,
        "cluster": "uvb"
    },
    "global_results": {
        "finished_reconf": true,
        "max_deploy_time": 159.55,
        "max_update_time": 60.13,
        "max_reconf_time": 219.68,
        "max_sleeping_time": 648.38,
        "max_execution_time": 829.68
    },
    "results": {
        "dep5": {
            "total_uptime_duration": 169.70295763015747,
            "total_loading_state_duration": 0.05313301086425781,
            "total_deploy_duration": 127.10855650901794,
            "total_update_duration": 42.496623516082764,
            "total_saving_state_duration": 0.027789592742919922,
            "total_sleeping_time": 538.5069496631622,
            "finished_reconf": true
        },
        "dep7": {
            "total_uptime_duration": 200.09520530700684,
            "total_loading_state_duration": 0.06421804428100586,
            "total_deploy_duration": 149.65480136871338,
            "total_update_duration": 50.32473945617676,
            "total_saving_state_duration": 0.03281998634338379,
            "total_sleeping_time": 579.5159542560577,
            "finished_reconf": true
        },
        "dep6": {
            "total_uptime_duration": 158.20093488693237,
            "total_loading_state_duration": 0.054338932037353516,
            "total_deploy_duration": 129.80046129226685,
            "total_update_duration": 28.300981521606445,
            "total_saving_state_duration": 0.02832508087158203,
            "total_sleeping_time": 549.2751324176788,
            "finished_reconf": true
        },
        "dep9": {
            "total_uptime_duration": 181.24115109443665,
            "total_loading_state_duration": 0.06620407104492188,
            "total_deploy_duration": 136.62469172477722,
            "total_update_duration": 44.49729800224304,
            "total_saving_state_duration": 0.03405642509460449,
            "total_sleeping_time": 635.1477239131927,
            "finished_reconf": true
        },
        "dep4": {
            "total_uptime_duration": 174.70756220817566,
            "total_loading_state_duration": 0.05020880699157715,
            "total_deploy_duration": 131.37770342826843,
            "total_update_duration": 43.238314151763916,
            "total_saving_state_duration": 0.02515554428100586,
            "total_sleeping_time": 533.3423552513123,
            "finished_reconf": true
        },
        "dep8": {
            "total_uptime_duration": 179.03957557678223,
            "total_loading_state_duration": 0.050247907638549805,
            "total_deploy_duration": 148.9836392402649,
            "total_update_duration": 29.962676525115967,
            "total_saving_state_duration": 0.027405261993408203,
            "total_sleeping_time": 528.8535058498383,
            "finished_reconf": true
        },
        "dep3": {
            "total_uptime_duration": 181.30038237571716,
            "total_loading_state_duration": 0.06434917449951172,
            "total_deploy_duration": 121.06127834320068,
            "total_update_duration": 60.12577939033508,
            "total_saving_state_duration": 0.03179526329040527,
            "total_sleeping_time": 648.3789710998535,
            "finished_reconf": true
        },
        "server": {
            "total_uptime_duration": 192.54107403755188,
            "total_loading_state_duration": 0.05911612510681152,
            "total_deploy_duration": 135.710613489151,
            "total_update_duration": 56.68647122383118,
            "total_saving_state_duration": 0.06640148162841797,
            "total_sleeping_time": 515.555971622467,
            "finished_reconf": true
        },
        "dep1": {
            "total_uptime_duration": 172.40107202529907,
            "total_loading_state_duration": 0.051934242248535156,
            "total_deploy_duration": 159.55472660064697,
            "total_update_duration": 12.75086760520935,
            "total_saving_state_duration": 0.027438640594482422,
            "total_sleeping_time": 535.3886771202087,
            "finished_reconf": true
        },
        "dep10": {
            "total_uptime_duration": 170.32953763008118,
            "total_loading_state_duration": 0.054776668548583984,
            "total_deploy_duration": 120.95304250717163,
            "total_update_duration": 49.275436878204346,
            "total_saving_state_duration": 0.028330087661743164,
            "total_sleeping_time": 537.6022083759308,
            "finished_reconf": true
        },
        "dep11": {
            "total_uptime_duration": 181.2403736114502,
            "total_loading_state_duration": 0.06387948989868164,
            "total_deploy_duration": 129.28021383285522,
            "total_update_duration": 51.84301471710205,
            "total_saving_state_duration": 0.03399825096130371,
            "total_sleeping_time": 648.0777604579926,
            "finished_reconf": true
        },
        "dep2": {
            "total_uptime_duration": 161.06942510604858,
            "total_loading_state_duration": 0.05500435829162598,
            "total_deploy_duration": 132.84121966362,
            "total_update_duration": 28.12988305091858,
            "total_saving_state_duration": 0.026221275329589844,
            "total_sleeping_time": 546.7775912284851,
            "finished_reconf": true
        },
        "dep0": {
            "total_uptime_duration": 181.11458492279053,
            "total_loading_state_duration": 0.06229376792907715,
            "total_deploy_duration": 125.62291216850281,
            "total_update_duration": 55.37845230102539,
            "total_saving_state_duration": 0.032967329025268555,
            "total_sleeping_time": 622.1485021114349,
            "finished_reconf": true
        }
    }
}