{
    "parameters": {
        "version_concerto_name": "concerto-decentralized-synchrone",
        "transitions_times_file_name": "/home/anomond/parameters/transitions_times/transitions_times-1-30-deps12-1.json",
        "uptimes_file_name": "/home/anomond/parameters/uptimes/uptimes-60-30-12-1-1-1.json",
        "expe_num": 1,
        "cluster": "uvb"
    },
    "global_results": {
        "finished_reconf": true,
        "max_deploy_time": 28.31,
        "max_update_time": 49.3,
        "max_reconf_time": 77.61,
        "max_sleeping_time": 64.38,
        "max_execution_time": 125.94
    },
    "results": {
        "dep2": {
            "total_uptime_duration": 60.7879695892334,
            "total_loading_state_duration": 0.020168542861938477,
            "total_deploy_duration": 28.078859329223633,
            "total_update_duration": 32.630051136016846,
            "total_saving_state_duration": 0.01067042350769043,
            "total_sleeping_time": 64.02212500572205,
            "finished_reconf": true
        },
        "dep9": {
            "total_uptime_duration": 61.16047668457031,
            "total_loading_state_duration": 0.018660306930541992,
            "total_deploy_duration": 28.106450080871582,
            "total_update_duration": 32.977280616760254,
            "total_saving_state_duration": 0.011940956115722656,
            "total_sleeping_time": 64.0000638961792,
            "finished_reconf": true
        },
        "dep10": {
            "total_uptime_duration": 60.610013484954834,
            "total_loading_state_duration": 0.019466161727905273,
            "total_deploy_duration": 28.171210050582886,
            "total_update_duration": 32.3559889793396,
            "total_saving_state_duration": 0.013312339782714844,
            "total_sleeping_time": 63.715890645980835,
            "finished_reconf": true
        },
        "dep3": {
            "total_uptime_duration": 61.55747032165527,
            "total_loading_state_duration": 0.019734621047973633,
            "total_deploy_duration": 28.085408687591553,
            "total_update_duration": 33.39137625694275,
            "total_saving_state_duration": 0.013084650039672852,
            "total_sleeping_time": 64.38023734092712,
            "finished_reconf": true
        },
        "dep0": {
            "total_uptime_duration": 61.57172083854675,
            "total_loading_state_duration": 0.01735711097717285,
            "total_deploy_duration": 28.10537099838257,
            "total_update_duration": 33.38903474807739,
            "total_saving_state_duration": 0.01158595085144043,
            "total_sleeping_time": 64.16504907608032,
            "finished_reconf": true
        },
        "dep1": {
            "total_uptime_duration": 60.949554443359375,
            "total_loading_state_duration": 0.019777774810791016,
            "total_deploy_duration": 28.310999631881714,
            "total_update_duration": 32.5592405796051,
            "total_saving_state_duration": 0.012376546859741211,
            "total_sleeping_time": 64.17908215522766,
            "finished_reconf": true
        },
        "dep11": {
            "total_uptime_duration": 60.620193004608154,
            "total_loading_state_duration": 0.021591663360595703,
            "total_deploy_duration": 28.10454535484314,
            "total_update_duration": 32.433987617492676,
            "total_saving_state_duration": 0.012500286102294922,
            "total_sleeping_time": 63.46574091911316,
            "finished_reconf": true
        },
        "dep7": {
            "total_uptime_duration": 61.10893487930298,
            "total_loading_state_duration": 0.021416187286376953,
            "total_deploy_duration": 28.1239652633667,
            "total_update_duration": 32.902766942977905,
            "total_saving_state_duration": 0.013254165649414062,
            "total_sleeping_time": 64.24900460243225,
            "finished_reconf": true
        },
        "dep5": {
            "total_uptime_duration": 61.03536343574524,
            "total_loading_state_duration": 0.02234506607055664,
            "total_deploy_duration": 28.010055541992188,
            "total_update_duration": 32.94050478935242,
            "total_saving_state_duration": 0.012279748916625977,
            "total_sleeping_time": 63.114712715148926,
            "finished_reconf": true
        },
        "dep8": {
            "total_uptime_duration": 60.77313733100891,
            "total_loading_state_duration": 0.01842355728149414,
            "total_deploy_duration": 28.037409782409668,
            "total_update_duration": 32.65805387496948,
            "total_saving_state_duration": 0.012353181838989258,
            "total_sleeping_time": 63.52838850021362,
            "finished_reconf": true
        },
        "dep4": {
            "total_uptime_duration": 62.2293860912323,
            "total_loading_state_duration": 0.0220034122467041,
            "total_deploy_duration": 28.185975313186646,
            "total_update_duration": 33.96114253997803,
            "total_saving_state_duration": 0.011937856674194336,
            "total_sleeping_time": 61.79426598548889,
            "finished_reconf": true
        },
        "dep6": {
            "total_uptime_duration": 64.08840799331665,
            "total_loading_state_duration": 0.017755746841430664,
            "total_deploy_duration": 28.099587202072144,
            "total_update_duration": 35.91138315200806,
            "total_saving_state_duration": 0.013645172119140625,
            "total_sleeping_time": 60.33427691459656,
            "finished_reconf": true
        },
        "server": {
            "total_uptime_duration": 77.48769402503967,
            "total_loading_state_duration": 0.025330543518066406,
            "total_deploy_duration": 28.07664680480957,
            "total_update_duration": 49.29763460159302,
            "total_saving_state_duration": 0.0359957218170166,
            "total_sleeping_time": 47.616480350494385,
            "finished_reconf": true
        }
    }
}