{
    "parameters": {
        "version_concerto_name": "concerto-decentralized",
        "transitions_times_file_name": "/home/anomond/parameters/transitions_times/transitions_times-1-30-deps12-0.json",
        "uptimes_file_name": "/home/anomond/parameters/uptimes/uptimes-60-30-12-0_5-0_6.json",
        "expe_num": 2,
        "cluster": "uvb"
    },
    "global_results": {
        "finished_reconf": true,
        "max_deploy_time": 134.97,
        "max_update_time": 31.08,
        "max_reconf_time": 166.05,
        "max_sleeping_time": 1196.84,
        "max_execution_time": 1348.24
    },
    "results": {
        "dep2": {
            "total_uptime_duration": 136.38342714309692,
            "total_loading_state_duration": 0.09983563423156738,
            "total_deploy_duration": 121.1289050579071,
            "total_update_duration": 15.087406873703003,
            "total_saving_state_duration": 0.04110431671142578,
            "total_sleeping_time": 1065.4297842979431,
            "finished_reconf": true
        },
        "dep1": {
            "total_uptime_duration": 151.8643012046814,
            "total_loading_state_duration": 0.09776449203491211,
            "total_deploy_duration": 126.76222729682922,
            "total_update_duration": 24.93338131904602,
            "total_saving_state_duration": 0.04356098175048828,
            "total_sleeping_time": 1044.9416806697845,
            "finished_reconf": true
        },
        "dep8": {
            "total_uptime_duration": 139.38551783561707,
            "total_loading_state_duration": 0.09206795692443848,
            "total_deploy_duration": 110.34474349021912,
            "total_update_duration": 28.883618116378784,
            "total_saving_state_duration": 0.0394439697265625,
            "total_sleeping_time": 1057.1335854530334,
            "finished_reconf": true
        },
        "dep5": {
            "total_uptime_duration": 151.46911144256592,
            "total_loading_state_duration": 0.09866094589233398,
            "total_deploy_duration": 121.1438500881195,
            "total_update_duration": 30.149803638458252,
            "total_saving_state_duration": 0.04926943778991699,
            "total_sleeping_time": 1175.9258177280426,
            "finished_reconf": true
        },
        "dep9": {
            "total_uptime_duration": 142.25948691368103,
            "total_loading_state_duration": 0.09195518493652344,
            "total_deploy_duration": 121.17430591583252,
            "total_update_duration": 20.92477321624756,
            "total_saving_state_duration": 0.04217672348022461,
            "total_sleeping_time": 1054.7123444080353,
            "finished_reconf": true
        },
        "dep4": {
            "total_uptime_duration": 139.89983463287354,
            "total_loading_state_duration": 0.0942697525024414,
            "total_deploy_duration": 124.67023587226868,
            "total_update_duration": 15.06827425956726,
            "total_saving_state_duration": 0.040323495864868164,
            "total_sleeping_time": 1080.7977886199951,
            "finished_reconf": true
        },
        "dep7": {
            "total_uptime_duration": 142.15165853500366,
            "total_loading_state_duration": 0.10753464698791504,
            "total_deploy_duration": 122.65620994567871,
            "total_update_duration": 19.31773352622986,
            "total_saving_state_duration": 0.042906761169433594,
            "total_sleeping_time": 1057.323090314865,
            "finished_reconf": true
        },
        "dep10": {
            "total_uptime_duration": 151.3965198993683,
            "total_loading_state_duration": 0.11052894592285156,
            "total_deploy_duration": 121.12236142158508,
            "total_update_duration": 30.086807250976562,
            "total_saving_state_duration": 0.0478668212890625,
            "total_sleeping_time": 1196.8448379039764,
            "finished_reconf": true
        },
        "server": {
            "total_uptime_duration": 166.29866576194763,
            "total_loading_state_duration": 0.10453915596008301,
            "total_deploy_duration": 134.96600794792175,
            "total_update_duration": 31.080163955688477,
            "total_saving_state_duration": 0.11802172660827637,
            "total_sleeping_time": 1031.2809953689575,
            "finished_reconf": true
        },
        "dep6": {
            "total_uptime_duration": 151.45081210136414,
            "total_loading_state_duration": 0.10873150825500488,
            "total_deploy_duration": 121.11850214004517,
            "total_update_duration": 30.118378162384033,
            "total_saving_state_duration": 0.04610085487365723,
            "total_sleeping_time": 1159.1283638477325,
            "finished_reconf": true
        },
        "dep0": {
            "total_uptime_duration": 140.2606167793274,
            "total_loading_state_duration": 0.08893060684204102,
            "total_deploy_duration": 125.0876681804657,
            "total_update_duration": 15.017095804214478,
            "total_saving_state_duration": 0.04288125038146973,
            "total_sleeping_time": 1074.8541052341461,
            "finished_reconf": true
        },
        "dep11": {
            "total_uptime_duration": 138.38475465774536,
            "total_loading_state_duration": 0.0961918830871582,
            "total_deploy_duration": 121.18236064910889,
            "total_update_duration": 17.035524606704712,
            "total_saving_state_duration": 0.04290890693664551,
            "total_sleeping_time": 1058.270018339157,
            "finished_reconf": true
        },
        "dep3": {
            "total_uptime_duration": 136.30146384239197,
            "total_loading_state_duration": 0.09338736534118652,
            "total_deploy_duration": 121.04929900169373,
            "total_update_duration": 15.092455863952637,
            "total_saving_state_duration": 0.0416872501373291,
            "total_sleeping_time": 1063.8957953453064,
            "finished_reconf": true
        }
    }
}