{
    "parameters": {
        "version_concerto_name": "concerto-decentralized",
        "transitions_times_file_name": "/home/anomond/parameters/transitions_times/transitions_times-1-30-deps12-1.json",
        "uptimes_file_name": "/home/anomond/parameters/uptimes/uptimes-60-30-12-0_2-0_3.json",
        "expe_num": 2,
        "cluster": "uvb"
    },
    "global_results": {
        "finished_reconf": true,
        "max_deploy_time": 204.15,
        "max_update_time": 45.17,
        "max_reconf_time": 249.32,
        "max_sleeping_time": 1774.33,
        "max_execution_time": 2001.03
    },
    "results": {
        "dep2": {
            "total_uptime_duration": 226.69536328315735,
            "total_loading_state_duration": 0.18094468116760254,
            "total_deploy_duration": 181.33054184913635,
            "total_update_duration": 45.07127523422241,
            "total_saving_state_duration": 0.06802916526794434,
            "total_sleeping_time": 1774.3317687511444,
            "finished_reconf": true
        },
        "dep1": {
            "total_uptime_duration": 226.32539105415344,
            "total_loading_state_duration": 0.18532061576843262,
            "total_deploy_duration": 196.45836925506592,
            "total_update_duration": 29.57000470161438,
            "total_saving_state_duration": 0.06687641143798828,
            "total_sleeping_time": 1621.3659636974335,
            "finished_reconf": true
        },
        "dep8": {
            "total_uptime_duration": 211.69759225845337,
            "total_loading_state_duration": 0.1636962890625,
            "total_deploy_duration": 181.33049273490906,
            "total_update_duration": 30.104384899139404,
            "total_saving_state_duration": 0.06122851371765137,
            "total_sleeping_time": 1646.6674575805664,
            "finished_reconf": true
        },
        "dep5": {
            "total_uptime_duration": 214.79728531837463,
            "total_loading_state_duration": 0.15545415878295898,
            "total_deploy_duration": 188.11214470863342,
            "total_update_duration": 26.42459273338318,
            "total_saving_state_duration": 0.06628060340881348,
            "total_sleeping_time": 1650.0811414718628,
            "finished_reconf": true
        },
        "dep9": {
            "total_uptime_duration": 225.0340473651886,
            "total_loading_state_duration": 0.19115519523620605,
            "total_deploy_duration": 192.9704554080963,
            "total_update_duration": 31.76567578315735,
            "total_saving_state_duration": 0.06353950500488281,
            "total_sleeping_time": 1645.952392578125,
            "finished_reconf": true
        },
        "dep4": {
            "total_uptime_duration": 226.75022530555725,
            "total_loading_state_duration": 0.1892845630645752,
            "total_deploy_duration": 196.32098484039307,
            "total_update_duration": 30.12664794921875,
            "total_saving_state_duration": 0.06897187232971191,
            "total_sleeping_time": 1744.3248662948608,
            "finished_reconf": true
        },
        "dep7": {
            "total_uptime_duration": 226.77296543121338,
            "total_loading_state_duration": 0.19301342964172363,
            "total_deploy_duration": 181.28793048858643,
            "total_update_duration": 45.17257523536682,
            "total_saving_state_duration": 0.07057356834411621,
            "total_sleeping_time": 1723.8975598812103,
            "finished_reconf": true
        },
        "dep10": {
            "total_uptime_duration": 226.79790139198303,
            "total_loading_state_duration": 0.2242128849029541,
            "total_deploy_duration": 181.35625863075256,
            "total_update_duration": 45.09991812705994,
            "total_saving_state_duration": 0.06978750228881836,
            "total_sleeping_time": 1729.3246307373047,
            "finished_reconf": true
        },
        "server": {
            "total_uptime_duration": 241.65245866775513,
            "total_loading_state_duration": 0.16057729721069336,
            "total_deploy_duration": 200.45727586746216,
            "total_update_duration": 40.81155705451965,
            "total_saving_state_duration": 0.17986035346984863,
            "total_sleeping_time": 1610.0136320590973,
            "finished_reconf": true
        },
        "dep6": {
            "total_uptime_duration": 226.7567081451416,
            "total_loading_state_duration": 0.2090904712677002,
            "total_deploy_duration": 181.32250332832336,
            "total_update_duration": 45.11037731170654,
            "total_saving_state_duration": 0.06579279899597168,
            "total_sleeping_time": 1704.5077695846558,
            "finished_reconf": true
        },
        "dep0": {
            "total_uptime_duration": 223.94637441635132,
            "total_loading_state_duration": 0.17915868759155273,
            "total_deploy_duration": 204.14597725868225,
            "total_update_duration": 19.514683961868286,
            "total_saving_state_duration": 0.06630873680114746,
            "total_sleeping_time": 1630.0369596481323,
            "finished_reconf": true
        },
        "dep11": {
            "total_uptime_duration": 211.79257941246033,
            "total_loading_state_duration": 0.1611940860748291,
            "total_deploy_duration": 196.47093415260315,
            "total_update_duration": 15.055799007415771,
            "total_saving_state_duration": 0.0656440258026123,
            "total_sleeping_time": 1643.6241836547852,
            "finished_reconf": true
        },
        "dep3": {
            "total_uptime_duration": 226.7900185585022,
            "total_loading_state_duration": 0.2100377082824707,
            "total_deploy_duration": 181.35606575012207,
            "total_update_duration": 45.100831270217896,
            "total_saving_state_duration": 0.0704047679901123,
            "total_sleeping_time": 1705.8254239559174,
            "finished_reconf": true
        }
    }
}