{
    "parameters": {
        "version_concerto_name": "concerto-decentralized",
        "transitions_times_file_name": "/home/anomond/parameters/transitions_times/transitions_times-1-30-deps12-1.json",
        "uptimes_file_name": "/home/anomond/parameters/uptimes/uptimes-60-30-12-0_5-0_6.json",
        "expe_num": 2,
        "cluster": "uvb"
    },
    "global_results": {
        "finished_reconf": true,
        "max_deploy_time": 142.46,
        "max_update_time": 40.83,
        "max_reconf_time": 183.29,
        "max_sleeping_time": 1197.07,
        "max_execution_time": 1350.26
    },
    "results": {
        "dep2": {
            "total_uptime_duration": 140.42577052116394,
            "total_loading_state_duration": 0.09781765937805176,
            "total_deploy_duration": 115.72372531890869,
            "total_update_duration": 24.5321946144104,
            "total_saving_state_duration": 0.0433804988861084,
            "total_sleeping_time": 1065.530683517456,
            "finished_reconf": true
        },
        "dep1": {
            "total_uptime_duration": 160.43250441551208,
            "total_loading_state_duration": 0.1063239574432373,
            "total_deploy_duration": 121.14362239837646,
            "total_update_duration": 39.10386776924133,
            "total_saving_state_duration": 0.0507204532623291,
            "total_sleeping_time": 1133.630895614624,
            "finished_reconf": true
        },
        "dep8": {
            "total_uptime_duration": 145.87131118774414,
            "total_loading_state_duration": 0.09747099876403809,
            "total_deploy_duration": 105.99769401550293,
            "total_update_duration": 39.70978021621704,
            "total_saving_state_duration": 0.03915905952453613,
            "total_sleeping_time": 1059.6587164402008,
            "finished_reconf": true
        },
        "dep5": {
            "total_uptime_duration": 151.40129256248474,
            "total_loading_state_duration": 0.10952901840209961,
            "total_deploy_duration": 121.10075879096985,
            "total_update_duration": 30.113837480545044,
            "total_saving_state_duration": 0.04770088195800781,
            "total_sleeping_time": 1176.6179580688477,
            "finished_reconf": true
        },
        "dep9": {
            "total_uptime_duration": 168.21449303627014,
            "total_loading_state_duration": 0.11011576652526855,
            "total_deploy_duration": 136.30496501922607,
            "total_update_duration": 31.719927310943604,
            "total_saving_state_duration": 0.0490109920501709,
            "total_sleeping_time": 1182.0424418449402,
            "finished_reconf": true
        },
        "dep4": {
            "total_uptime_duration": 136.34361004829407,
            "total_loading_state_duration": 0.09350180625915527,
            "total_deploy_duration": 121.1248893737793,
            "total_update_duration": 15.05705213546753,
            "total_saving_state_duration": 0.04007744789123535,
            "total_sleeping_time": 1084.684842824936,
            "finished_reconf": true
        },
        "dep7": {
            "total_uptime_duration": 142.83706140518188,
            "total_loading_state_duration": 0.0948781967163086,
            "total_deploy_duration": 121.13865423202515,
            "total_update_duration": 21.534193992614746,
            "total_saving_state_duration": 0.0428619384765625,
            "total_sleeping_time": 1063.1630556583405,
            "finished_reconf": true
        },
        "dep10": {
            "total_uptime_duration": 151.36811590194702,
            "total_loading_state_duration": 0.10945391654968262,
            "total_deploy_duration": 121.02204275131226,
            "total_update_duration": 30.1615891456604,
            "total_saving_state_duration": 0.04677915573120117,
            "total_sleeping_time": 1197.071438074112,
            "finished_reconf": true
        },
        "server": {
            "total_uptime_duration": 166.60134506225586,
            "total_loading_state_duration": 0.10509920120239258,
            "total_deploy_duration": 125.51614212989807,
            "total_update_duration": 40.832524061203,
            "total_saving_state_duration": 0.11730432510375977,
            "total_sleeping_time": 1040.1101813316345,
            "finished_reconf": true
        },
        "dep6": {
            "total_uptime_duration": 151.3157880306244,
            "total_loading_state_duration": 0.10831975936889648,
            "total_deploy_duration": 121.12166833877563,
            "total_update_duration": 30.010529041290283,
            "total_saving_state_duration": 0.047333717346191406,
            "total_sleeping_time": 1159.6796655654907,
            "finished_reconf": true
        },
        "dep0": {
            "total_uptime_duration": 162.1442255973816,
            "total_loading_state_duration": 0.09711933135986328,
            "total_deploy_duration": 142.45951628684998,
            "total_update_duration": 19.517664432525635,
            "total_saving_state_duration": 0.0434880256652832,
            "total_sleeping_time": 1053.036787033081,
            "finished_reconf": true
        },
        "dep11": {
            "total_uptime_duration": 147.4889533519745,
            "total_loading_state_duration": 0.09242844581604004,
            "total_deploy_duration": 121.23730897903442,
            "total_update_duration": 26.09087324142456,
            "total_saving_state_duration": 0.04265928268432617,
            "total_sleeping_time": 1058.5152683258057,
            "finished_reconf": true
        },
        "dep3": {
            "total_uptime_duration": 142.50683307647705,
            "total_loading_state_duration": 0.09862780570983887,
            "total_deploy_duration": 121.13279962539673,
            "total_update_duration": 21.202828884124756,
            "total_saving_state_duration": 0.04266667366027832,
            "total_sleeping_time": 1063.7332081794739,
            "finished_reconf": true
        }
    }
}