{
    "parameters": {
        "version_concerto_name": "concerto-decentralized",
        "transitions_times_file_name": "/home/anomond/parameters/transitions_times/transitions_times-1-30-deps12-1.json",
        "uptimes_file_name": "/home/anomond/parameters/uptimes/uptimes-60-30-12-0_02-0_05.json",
        "expe_num": 2,
        "cluster": "uvb"
    },
    "global_results": {
        "finished_reconf": true,
        "max_deploy_time": 238.17,
        "max_update_time": 45.1,
        "max_reconf_time": 283.27,
        "max_sleeping_time": 1996.32,
        "max_execution_time": 2255.24
    },
    "results": {
        "dep2": {
            "total_uptime_duration": 241.69473958015442,
            "total_loading_state_duration": 0.2688291072845459,
            "total_deploy_duration": 211.27435636520386,
            "total_update_duration": 30.027688026428223,
            "total_saving_state_duration": 0.07021188735961914,
            "total_sleeping_time": 1881.024212360382,
            "finished_reconf": true
        },
        "dep1": {
            "total_uptime_duration": 250.89455389976501,
            "total_loading_state_duration": 0.22031736373901367,
            "total_deploy_duration": 226.52369046211243,
            "total_update_duration": 24.027303457260132,
            "total_saving_state_duration": 0.0750732421875,
            "total_sleeping_time": 1853.2885420322418,
            "finished_reconf": true
        },
        "dep8": {
            "total_uptime_duration": 260.49862909317017,
            "total_loading_state_duration": 0.2351062297821045,
            "total_deploy_duration": 219.4916226863861,
            "total_update_duration": 40.64227509498596,
            "total_saving_state_duration": 0.07354521751403809,
            "total_sleeping_time": 1986.3270568847656,
            "finished_reconf": true
        },
        "dep5": {
            "total_uptime_duration": 256.9106271266937,
            "total_loading_state_duration": 0.2736387252807617,
            "total_deploy_duration": 226.44412422180176,
            "total_update_duration": 30.063649892807007,
            "total_saving_state_duration": 0.07908940315246582,
            "total_sleeping_time": 1996.3204045295715,
            "finished_reconf": true
        },
        "dep9": {
            "total_uptime_duration": 255.32397317886353,
            "total_loading_state_duration": 0.30424070358276367,
            "total_deploy_duration": 238.16987013816833,
            "total_update_duration": 16.723510265350342,
            "total_saving_state_duration": 0.07300329208374023,
            "total_sleeping_time": 1869.4783217906952,
            "finished_reconf": true
        },
        "dep4": {
            "total_uptime_duration": 241.74667692184448,
            "total_loading_state_duration": 0.1882011890411377,
            "total_deploy_duration": 213.11619067192078,
            "total_update_duration": 28.32765769958496,
            "total_saving_state_duration": 0.0694112777709961,
            "total_sleeping_time": 1884.2267971038818,
            "finished_reconf": true
        },
        "dep7": {
            "total_uptime_duration": 256.8007004261017,
            "total_loading_state_duration": 0.2459278106689453,
            "total_deploy_duration": 226.3806290626526,
            "total_update_duration": 30.03985023498535,
            "total_saving_state_duration": 0.08014965057373047,
            "total_sleeping_time": 1925.2679262161255,
            "finished_reconf": true
        },
        "dep10": {
            "total_uptime_duration": 257.008905172348,
            "total_loading_state_duration": 0.23465824127197266,
            "total_deploy_duration": 226.5847704410553,
            "total_update_duration": 30.057336568832397,
            "total_saving_state_duration": 0.07957243919372559,
            "total_sleeping_time": 1924.3893661499023,
            "finished_reconf": true
        },
        "server": {
            "total_uptime_duration": 271.3510842323303,
            "total_loading_state_duration": 0.18387436866760254,
            "total_deploy_duration": 230.10679745674133,
            "total_update_duration": 40.812058448791504,
            "total_saving_state_duration": 0.19810867309570312,
            "total_sleeping_time": 1838.4938113689423,
            "finished_reconf": true
        },
        "dep6": {
            "total_uptime_duration": 257.1064889431,
            "total_loading_state_duration": 0.2601301670074463,
            "total_deploy_duration": 211.6120250225067,
            "total_update_duration": 45.09534192085266,
            "total_saving_state_duration": 0.08289980888366699,
            "total_sleeping_time": 1925.4880909919739,
            "finished_reconf": true
        },
        "dep0": {
            "total_uptime_duration": 269.2297821044922,
            "total_loading_state_duration": 0.2102515697479248,
            "total_deploy_duration": 234.34696459770203,
            "total_update_duration": 34.549062728881836,
            "total_saving_state_duration": 0.07744812965393066,
            "total_sleeping_time": 1986.0059704780579,
            "finished_reconf": true
        },
        "dep11": {
            "total_uptime_duration": 241.93837475776672,
            "total_loading_state_duration": 0.22914886474609375,
            "total_deploy_duration": 211.5185511112213,
            "total_update_duration": 30.063634872436523,
            "total_saving_state_duration": 0.07361197471618652,
            "total_sleeping_time": 1881.2879662513733,
            "finished_reconf": true
        },
        "dep3": {
            "total_uptime_duration": 241.8114674091339,
            "total_loading_state_duration": 0.23506903648376465,
            "total_deploy_duration": 226.43509483337402,
            "total_update_duration": 15.017788171768188,
            "total_saving_state_duration": 0.07567358016967773,
            "total_sleeping_time": 1882.9030737876892,
            "finished_reconf": true
        }
    }
}