{
    "parameters": {
        "version_concerto_name": "concerto-decentralized-synchrone",
        "transitions_times_file_name": "/home/anomond/parameters/transitions_times/transitions_times-1-30-deps12-0.json",
        "uptimes_file_name": "/home/anomond/parameters/uptimes/uptimes-60-30-12-0_5-0_6.json",
        "expe_num": 1,
        "cluster": "uvb"
    },
    "global_results": {
        "finished_reconf": true,
        "max_deploy_time": 388.3,
        "max_update_time": 369.55,
        "max_reconf_time": 757.86,
        "max_sleeping_time": 2103.22,
        "max_execution_time": 2743.41
    },
    "results": {
        "dep2": {
            "total_uptime_duration": 540.3789558410645,
            "total_loading_state_duration": 0.16977262496948242,
            "total_deploy_duration": 271.06764340400696,
            "total_update_duration": 268.72885489463806,
            "total_saving_state_duration": 0.09622740745544434,
            "total_sleeping_time": 1705.9732184410095,
            "finished_reconf": true
        },
        "dep9": {
            "total_uptime_duration": 573.6535151004791,
            "total_loading_state_duration": 0.19565153121948242,
            "total_deploy_duration": 279.50942397117615,
            "total_update_duration": 293.4714801311493,
            "total_saving_state_duration": 0.112518310546875,
            "total_sleeping_time": 1899.9609344005585,
            "finished_reconf": true
        },
        "dep10": {
            "total_uptime_duration": 640.1933920383453,
            "total_loading_state_duration": 0.2130415439605713,
            "total_deploy_duration": 294.69144344329834,
            "total_update_duration": 344.7904243469238,
            "total_saving_state_duration": 0.11812829971313477,
            "total_sleeping_time": 2103.219895362854,
            "finished_reconf": true
        },
        "dep3": {
            "total_uptime_duration": 590.6653423309326,
            "total_loading_state_duration": 0.1937880516052246,
            "total_deploy_duration": 292.14284682273865,
            "total_update_duration": 297.8667688369751,
            "total_saving_state_duration": 0.10846734046936035,
            "total_sleeping_time": 1884.456340789795,
            "finished_reconf": true
        },
        "dep0": {
            "total_uptime_duration": 511.7745985984802,
            "total_loading_state_duration": 0.17409706115722656,
            "total_deploy_duration": 307.71365761756897,
            "total_update_duration": 203.4662148952484,
            "total_saving_state_duration": 0.09497427940368652,
            "total_sleeping_time": 1732.6159081459045,
            "finished_reconf": true
        },
        "dep1": {
            "total_uptime_duration": 661.8557937145233,
            "total_loading_state_duration": 0.22162389755249023,
            "total_deploy_duration": 291.5759861469269,
            "total_update_duration": 369.5514407157898,
            "total_saving_state_duration": 0.11837100982666016,
            "total_sleeping_time": 2080.1987297534943,
            "finished_reconf": true
        },
        "dep11": {
            "total_uptime_duration": 594.6703691482544,
            "total_loading_state_duration": 0.191697359085083,
            "total_deploy_duration": 272.2236838340759,
            "total_update_duration": 321.8009991645813,
            "total_saving_state_duration": 0.10835409164428711,
            "total_sleeping_time": 1879.1148092746735,
            "finished_reconf": true
        },
        "dep7": {
            "total_uptime_duration": 560.302889585495,
            "total_loading_state_duration": 0.18686509132385254,
            "total_deploy_duration": 291.86845111846924,
            "total_update_duration": 267.80922293663025,
            "total_saving_state_duration": 0.10601401329040527,
            "total_sleeping_time": 1791.726009130478,
            "finished_reconf": true
        },
        "dep5": {
            "total_uptime_duration": 582.9182276725769,
            "total_loading_state_duration": 0.1962110996246338,
            "total_deploy_duration": 319.5535225868225,
            "total_update_duration": 262.7091495990753,
            "total_saving_state_duration": 0.10774636268615723,
            "total_sleeping_time": 1890.0061528682709,
            "finished_reconf": true
        },
        "dep8": {
            "total_uptime_duration": 514.9065232276917,
            "total_loading_state_duration": 0.16618752479553223,
            "total_deploy_duration": 270.57890272140503,
            "total_update_duration": 243.76291179656982,
            "total_saving_state_duration": 0.08747267723083496,
            "total_sleeping_time": 1731.2904541492462,
            "finished_reconf": true
        },
        "dep4": {
            "total_uptime_duration": 511.59419322013855,
            "total_loading_state_duration": 0.1770789623260498,
            "total_deploy_duration": 270.48979091644287,
            "total_update_duration": 240.51433992385864,
            "total_saving_state_duration": 0.09624481201171875,
            "total_sleeping_time": 1735.0762083530426,
            "finished_reconf": true
        },
        "dep6": {
            "total_uptime_duration": 530.8349370956421,
            "total_loading_state_duration": 0.17145633697509766,
            "total_deploy_duration": 314.36616039276123,
            "total_update_duration": 215.89325952529907,
            "total_saving_state_duration": 0.09129953384399414,
            "total_sleeping_time": 1715.2204291820526,
            "finished_reconf": true
        },
        "server": {
            "total_uptime_duration": 599.8944799900055,
            "total_loading_state_duration": 0.21633005142211914,
            "total_deploy_duration": 388.3049852848053,
            "total_update_duration": 210.76059246063232,
            "total_saving_state_duration": 0.2677597999572754,
            "total_sleeping_time": 1873.4098937511444,
            "finished_reconf": true
        }
    }
}