{
    "parameters": {
        "version_concerto_name": "concerto-decentralized-synchrone",
        "transitions_times_file_name": "/home/anomond/parameters/transitions_times/transitions_times-1-30-deps12-0.json",
        "uptimes_file_name": "/home/anomond/parameters/uptimes/uptimes-60-30-12-0_02-0_05.json",
        "expe_num": 1,
        "cluster": "uvb"
    },
    "global_results": {
        "finished_reconf": false,
        "max_deploy_time": 1810.69,
        "max_update_time": 0,
        "max_reconf_time": 1810.69,
        "max_sleeping_time": 5846.4,
        "max_execution_time": 7651.3
    },
    "results": {
        "dep2": {
            "total_uptime_duration": 1805.6316666603088,
            "total_loading_state_duration": 0.5945436954498291,
            "total_deploy_duration": 1803.6632680892944,
            "total_update_duration": 0,
            "total_saving_state_duration": 0.3502469062805176,
            "total_sleeping_time": 5774.403835058212
        },
        "dep8": {
            "total_uptime_duration": 1804.354082584381,
            "total_loading_state_duration": 0.597125768661499,
            "total_deploy_duration": 1802.3551228046417,
            "total_update_duration": 0,
            "total_saving_state_duration": 0.34763312339782715,
            "total_sleeping_time": 5776.681658029556
        },
        "dep5": {
            "total_uptime_duration": 1804.9093782901764,
            "total_loading_state_duration": 0.5912206172943115,
            "total_deploy_duration": 1802.9294850826263,
            "total_update_duration": 0,
            "total_saving_state_duration": 0.3492450714111328,
            "total_sleeping_time": 5773.745083808899
        },
        "dep9": {
            "total_uptime_duration": 1804.0250282287598,
            "total_loading_state_duration": 0.5820059776306152,
            "total_deploy_duration": 1802.068864107132,
            "total_update_duration": 0,
            "total_saving_state_duration": 0.3511006832122803,
            "total_sleeping_time": 5771.565917015076
        },
        "dep1": {
            "total_uptime_duration": 1804.899602174759,
            "total_loading_state_duration": 0.6009094715118408,
            "total_deploy_duration": 1802.8833093643188,
            "total_update_duration": 0,
            "total_saving_state_duration": 0.3676872253417969,
            "total_sleeping_time": 5846.401669025421
        },
        "dep4": {
            "total_uptime_duration": 1812.701826095581,
            "total_loading_state_duration": 0.589005708694458,
            "total_deploy_duration": 1810.6940524578094,
            "total_update_duration": 0,
            "total_saving_state_duration": 0.3729591369628906,
            "total_sleeping_time": 5837.922983646393
        },
        "dep0": {
            "total_uptime_duration": 1804.7272868156433,
            "total_loading_state_duration": 0.6546070575714111,
            "total_deploy_duration": 1802.6484513282776,
            "total_update_duration": 0,
            "total_saving_state_duration": 0.36776113510131836,
            "total_sleeping_time": 5842.841852426529
        },
        "dep7": {
            "total_uptime_duration": 1804.1803245544434,
            "total_loading_state_duration": 0.5889649391174316,
            "total_deploy_duration": 1802.2056963443756,
            "total_update_duration": 0,
            "total_saving_state_duration": 0.3519706726074219,
            "total_sleeping_time": 5774.35263133049
        },
        "dep10": {
            "total_uptime_duration": 1804.2959916591644,
            "total_loading_state_duration": 0.578700065612793,
            "total_deploy_duration": 1802.3393578529358,
            "total_update_duration": 0,
            "total_saving_state_duration": 0.3416311740875244,
            "total_sleeping_time": 5771.320595264435
        },
        "server": {
            "total_uptime_duration": 1806.1973650455475,
            "total_loading_state_duration": 0.6337642669677734,
            "total_deploy_duration": 1803.6902039051056,
            "total_update_duration": 0,
            "total_saving_state_duration": 0.818037748336792,
            "total_sleeping_time": 5834.09540271759
        },
        "dep6": {
            "total_uptime_duration": 1804.1891822814941,
            "total_loading_state_duration": 0.6084401607513428,
            "total_deploy_duration": 1802.1790130138397,
            "total_update_duration": 0,
            "total_saving_state_duration": 0.3517637252807617,
            "total_sleeping_time": 5775.0417239665985
        },
        "dep11": {
            "total_uptime_duration": 1809.608225107193,
            "total_loading_state_duration": 0.6152553558349609,
            "total_deploy_duration": 1802.4248538017273,
            "total_update_duration": 0,
            "total_saving_state_duration": 5.512111663818359,
            "total_sleeping_time": 5766.666099786758
        },
        "dep3": {
            "total_uptime_duration": 1804.5303809642792,
            "total_loading_state_duration": 0.5707390308380127,
            "total_deploy_duration": 1802.5973827838898,
            "total_update_duration": 0,
            "total_saving_state_duration": 0.3507816791534424,
            "total_sleeping_time": 5775.3682589530945
        }
    }
}