{
    "parameters": {
        "version_concerto_name": "concerto-decentralized-synchrone",
        "transitions_times_file_name": "/home/anomond/parameters/transitions_times/transitions_times-1-30-deps12-1.json",
        "uptimes_file_name": "/home/anomond/parameters/uptimes/uptimes-60-30-12-1-1-1.json",
        "expe_num": 1,
        "cluster": "uvb"
    },
    "global_results": {
        "finished_reconf": true,
        "max_deploy_time": 28.75,
        "max_update_time": 49.34,
        "max_reconf_time": 78.09,
        "max_sleeping_time": 64.9,
        "max_execution_time": 125.99
    },
    "results": {
        "dep2": {
            "total_uptime_duration": 60.757596492767334,
            "total_loading_state_duration": 0.021095752716064453,
            "total_deploy_duration": 27.89543890953064,
            "total_update_duration": 32.783124685287476,
            "total_saving_state_duration": 0.01044464111328125,
            "total_sleeping_time": 63.46279811859131,
            "finished_reconf": true
        },
        "dep8": {
            "total_uptime_duration": 61.26598644256592,
            "total_loading_state_duration": 0.022870302200317383,
            "total_deploy_duration": 28.29771614074707,
            "total_update_duration": 32.88477325439453,
            "total_saving_state_duration": 0.011670589447021484,
            "total_sleeping_time": 64.35099196434021,
            "finished_reconf": true
        },
        "dep5": {
            "total_uptime_duration": 60.998817443847656,
            "total_loading_state_duration": 0.021714448928833008,
            "total_deploy_duration": 28.292794704437256,
            "total_update_duration": 32.6221706867218,
            "total_saving_state_duration": 0.010446310043334961,
            "total_sleeping_time": 63.03848886489868,
            "finished_reconf": true
        },
        "dep9": {
            "total_uptime_duration": 60.91028428077698,
            "total_loading_state_duration": 0.020802974700927734,
            "total_deploy_duration": 28.07267451286316,
            "total_update_duration": 32.76022934913635,
            "total_saving_state_duration": 0.00975489616394043,
            "total_sleeping_time": 62.91829323768616,
            "finished_reconf": true
        },
        "dep1": {
            "total_uptime_duration": 61.0827271938324,
            "total_loading_state_duration": 0.02094411849975586,
            "total_deploy_duration": 28.49254870414734,
            "total_update_duration": 32.51356625556946,
            "total_saving_state_duration": 0.009426116943359375,
            "total_sleeping_time": 64.90366625785828,
            "finished_reconf": true
        },
        "dep4": {
            "total_uptime_duration": 61.517796754837036,
            "total_loading_state_duration": 0.01962590217590332,
            "total_deploy_duration": 28.753230333328247,
            "total_update_duration": 32.686779499053955,
            "total_saving_state_duration": 0.009675264358520508,
            "total_sleeping_time": 64.2184374332428,
            "finished_reconf": true
        },
        "dep0": {
            "total_uptime_duration": 61.10915684700012,
            "total_loading_state_duration": 0.021201133728027344,
            "total_deploy_duration": 28.465561389923096,
            "total_update_duration": 32.56344413757324,
            "total_saving_state_duration": 0.011450052261352539,
            "total_sleeping_time": 63.53741931915283,
            "finished_reconf": true
        },
        "dep7": {
            "total_uptime_duration": 61.1998827457428,
            "total_loading_state_duration": 0.020433425903320312,
            "total_deploy_duration": 27.726926803588867,
            "total_update_duration": 33.39586901664734,
            "total_saving_state_duration": 0.010205745697021484,
            "total_sleeping_time": 62.65190768241882,
            "finished_reconf": true
        },
        "dep10": {
            "total_uptime_duration": 60.87542462348938,
            "total_loading_state_duration": 0.02105426788330078,
            "total_deploy_duration": 27.62450385093689,
            "total_update_duration": 33.169596433639526,
            "total_saving_state_duration": 0.010961532592773438,
            "total_sleeping_time": 62.34700632095337,
            "finished_reconf": true
        },
        "server": {
            "total_uptime_duration": 77.98030138015747,
            "total_loading_state_duration": 0.026137828826904297,
            "total_deploy_duration": 28.5289363861084,
            "total_update_duration": 49.33924674987793,
            "total_saving_state_duration": 0.033323049545288086,
            "total_sleeping_time": 47.152179479599,
            "finished_reconf": true
        },
        "dep6": {
            "total_uptime_duration": 63.719095945358276,
            "total_loading_state_duration": 0.021651268005371094,
            "total_deploy_duration": 28.182926893234253,
            "total_update_duration": 35.45095348358154,
            "total_saving_state_duration": 0.013473987579345703,
            "total_sleeping_time": 60.179691791534424,
            "finished_reconf": true
        },
        "dep11": {
            "total_uptime_duration": 61.148841381073,
            "total_loading_state_duration": 0.020595788955688477,
            "total_deploy_duration": 27.75010395050049,
            "total_update_duration": 33.32357358932495,
            "total_saving_state_duration": 0.009227514266967773,
            "total_sleeping_time": 62.94533824920654,
            "finished_reconf": true
        },
        "dep3": {
            "total_uptime_duration": 61.60371661186218,
            "total_loading_state_duration": 0.0206298828125,
            "total_deploy_duration": 27.879596710205078,
            "total_update_duration": 33.6418993473053,
            "total_saving_state_duration": 0.010851621627807617,
            "total_sleeping_time": 62.58523893356323,
            "finished_reconf": true
        }
    }
}