{
    "parameters": {
        "version_concerto_name": "concerto-decentralized-synchrone",
        "transitions_times_file_name": "/home/anomond/parameters/transitions_times/transitions_times-1-30-deps12-1.json",
        "uptimes_file_name": "/home/anomond/parameters/uptimes/uptimes-60-30-12-1-1-1.json",
        "expe_num": 1,
        "cluster": "uvb"
    },
    "global_results": {
        "finished_reconf": true,
        "max_deploy_time": 28.73,
        "max_update_time": 49.17,
        "max_reconf_time": 77.9,
        "max_sleeping_time": 65.39,
        "max_execution_time": 126.79
    },
    "results": {
        "dep11": {
            "total_uptime_duration": 60.71105980873108,
            "total_loading_state_duration": 0.018222808837890625,
            "total_deploy_duration": 28.25922155380249,
            "total_update_duration": 32.37676167488098,
            "total_saving_state_duration": 0.009426355361938477,
            "total_sleeping_time": 64.79995942115784,
            "finished_reconf": true
        },
        "dep8": {
            "total_uptime_duration": 60.70391392707825,
            "total_loading_state_duration": 0.019842863082885742,
            "total_deploy_duration": 28.11168074607849,
            "total_update_duration": 32.51415395736694,
            "total_saving_state_duration": 0.010999917984008789,
            "total_sleeping_time": 63.651824951171875,
            "finished_reconf": true
        },
        "dep6": {
            "total_uptime_duration": 63.73531770706177,
            "total_loading_state_duration": 0.02001953125,
            "total_deploy_duration": 28.278652667999268,
            "total_update_duration": 35.377782344818115,
            "total_saving_state_duration": 0.01147317886352539,
            "total_sleeping_time": 60.617050886154175,
            "finished_reconf": true
        },
        "dep10": {
            "total_uptime_duration": 60.709487199783325,
            "total_loading_state_duration": 0.019631385803222656,
            "total_deploy_duration": 28.495012998580933,
            "total_update_duration": 32.13660550117493,
            "total_saving_state_duration": 0.010511159896850586,
            "total_sleeping_time": 64.88478827476501,
            "finished_reconf": true
        },
        "dep9": {
            "total_uptime_duration": 60.84285759925842,
            "total_loading_state_duration": 0.01581263542175293,
            "total_deploy_duration": 28.197265148162842,
            "total_update_duration": 32.57471299171448,
            "total_saving_state_duration": 0.009937524795532227,
            "total_sleeping_time": 63.91555953025818,
            "finished_reconf": true
        },
        "dep1": {
            "total_uptime_duration": 60.9039044380188,
            "total_loading_state_duration": 0.01734447479248047,
            "total_deploy_duration": 28.726754903793335,
            "total_update_duration": 32.10318398475647,
            "total_saving_state_duration": 0.009341955184936523,
            "total_sleeping_time": 65.03202891349792,
            "finished_reconf": true
        },
        "dep2": {
            "total_uptime_duration": 61.130680561065674,
            "total_loading_state_duration": 0.018056631088256836,
            "total_deploy_duration": 28.15449810028076,
            "total_update_duration": 32.89769411087036,
            "total_saving_state_duration": 0.01216578483581543,
            "total_sleeping_time": 64.71936702728271,
            "finished_reconf": true
        },
        "dep5": {
            "total_uptime_duration": 61.51464772224426,
            "total_loading_state_duration": 0.021364450454711914,
            "total_deploy_duration": 28.296018600463867,
            "total_update_duration": 33.13641047477722,
            "total_saving_state_duration": 0.01117253303527832,
            "total_sleeping_time": 63.525352239608765,
            "finished_reconf": true
        },
        "dep0": {
            "total_uptime_duration": 61.40590500831604,
            "total_loading_state_duration": 0.01998114585876465,
            "total_deploy_duration": 28.525898218154907,
            "total_update_duration": 32.801491022109985,
            "total_saving_state_duration": 0.010138750076293945,
            "total_sleeping_time": 65.38665533065796,
            "finished_reconf": true
        },
        "dep3": {
            "total_uptime_duration": 61.27668213844299,
            "total_loading_state_duration": 0.0191190242767334,
            "total_deploy_duration": 28.22410297393799,
            "total_update_duration": 32.9765043258667,
            "total_saving_state_duration": 0.010949850082397461,
            "total_sleeping_time": 64.30141234397888,
            "finished_reconf": true
        },
        "dep4": {
            "total_uptime_duration": 62.59412598609924,
            "total_loading_state_duration": 0.021010875701904297,
            "total_deploy_duration": 28.343251705169678,
            "total_update_duration": 34.17192625999451,
            "total_saving_state_duration": 0.010306835174560547,
            "total_sleeping_time": 62.33288097381592,
            "finished_reconf": true
        },
        "dep7": {
            "total_uptime_duration": 61.26328778266907,
            "total_loading_state_duration": 0.02095961570739746,
            "total_deploy_duration": 28.48751401901245,
            "total_update_duration": 32.69676637649536,
            "total_saving_state_duration": 0.010138750076293945,
            "total_sleeping_time": 64.15981364250183,
            "finished_reconf": true
        },
        "server": {
            "total_uptime_duration": 77.39427542686462,
            "total_loading_state_duration": 0.024370193481445312,
            "total_deploy_duration": 28.117929935455322,
            "total_update_duration": 49.1699481010437,
            "total_saving_state_duration": 0.0314791202545166,
            "total_sleeping_time": 48.105900287628174,
            "finished_reconf": true
        }
    }
}