{
    "parameters": {
        "version_concerto_name": "concerto-decentralized-synchrone",
        "transitions_times_file_name": "/home/anomond/parameters/transitions_times/transitions_times-1-30-deps12-0.json",
        "uptimes_file_name": "/home/anomond/parameters/uptimes/uptimes-60-30-12-0_5-0_6.json",
        "expe_num": 1,
        "cluster": "uvb"
    },
    "global_results": {
        "finished_reconf": true,
        "max_deploy_time": 407.61,
        "max_update_time": 299.12,
        "max_reconf_time": 706.73,
        "max_sleeping_time": 1826.82,
        "max_execution_time": 2372.31
    },
    "results": {
        "dep10": {
            "total_uptime_duration": 578.2695033550262,
            "total_loading_state_duration": 0.17465567588806152,
            "total_deploy_duration": 294.34884095191956,
            "total_update_duration": 283.3289885520935,
            "total_saving_state_duration": 0.09505200386047363,
            "total_sleeping_time": 1790.5721154212952,
            "finished_reconf": true
        },
        "dep11": {
            "total_uptime_duration": 554.7941651344299,
            "total_loading_state_duration": 0.1723036766052246,
            "total_deploy_duration": 407.6062443256378,
            "total_update_duration": 146.5928156375885,
            "total_saving_state_duration": 0.10039281845092773,
            "total_sleeping_time": 1814.1913712024689,
            "finished_reconf": true
        },
        "dep6": {
            "total_uptime_duration": 562.8484575748444,
            "total_loading_state_duration": 0.18360280990600586,
            "total_deploy_duration": 270.754469871521,
            "total_update_duration": 291.4753978252411,
            "total_saving_state_duration": 0.10107183456420898,
            "total_sleeping_time": 1808.198650598526,
            "finished_reconf": true
        },
        "dep1": {
            "total_uptime_duration": 549.7529091835022,
            "total_loading_state_duration": 0.17548155784606934,
            "total_deploy_duration": 287.0094392299652,
            "total_update_duration": 262.14362025260925,
            "total_saving_state_duration": 0.09884309768676758,
            "total_sleeping_time": 1820.42946767807,
            "finished_reconf": true
        },
        "dep5": {
            "total_uptime_duration": 553.1808061599731,
            "total_loading_state_duration": 0.1822223663330078,
            "total_deploy_duration": 284.32608795166016,
            "total_update_duration": 268.24537110328674,
            "total_saving_state_duration": 0.09766340255737305,
            "total_sleeping_time": 1803.305156469345,
            "finished_reconf": true
        },
        "dep3": {
            "total_uptime_duration": 559.2076904773712,
            "total_loading_state_duration": 0.17827701568603516,
            "total_deploy_duration": 270.2823543548584,
            "total_update_duration": 288.3211510181427,
            "total_saving_state_duration": 0.0970163345336914,
            "total_sleeping_time": 1813.1068000793457,
            "finished_reconf": true
        },
        "dep2": {
            "total_uptime_duration": 558.4433426856995,
            "total_loading_state_duration": 0.17968201637268066,
            "total_deploy_duration": 284.48609590530396,
            "total_update_duration": 273.3380391597748,
            "total_saving_state_duration": 0.10716748237609863,
            "total_sleeping_time": 1813.1072571277618,
            "finished_reconf": true
        },
        "dep8": {
            "total_uptime_duration": 561.2928202152252,
            "total_loading_state_duration": 0.18436074256896973,
            "total_deploy_duration": 270.53341364860535,
            "total_update_duration": 290.1320459842682,
            "total_saving_state_duration": 0.11076545715332031,
            "total_sleeping_time": 1792.3868699073792,
            "finished_reconf": true
        },
        "dep9": {
            "total_uptime_duration": 541.778707742691,
            "total_loading_state_duration": 0.1842670440673828,
            "total_deploy_duration": 335.5702188014984,
            "total_update_duration": 205.59280371665955,
            "total_saving_state_duration": 0.10004925727844238,
            "total_sleeping_time": 1826.8235657215118,
            "finished_reconf": true
        },
        "dep4": {
            "total_uptime_duration": 561.9524021148682,
            "total_loading_state_duration": 0.1851367950439453,
            "total_deploy_duration": 270.51474714279175,
            "total_update_duration": 290.82284665107727,
            "total_saving_state_duration": 0.09766459465026855,
            "total_sleeping_time": 1793.670825958252,
            "finished_reconf": true
        },
        "dep0": {
            "total_uptime_duration": 559.4033982753754,
            "total_loading_state_duration": 0.18645858764648438,
            "total_deploy_duration": 270.5384268760681,
            "total_update_duration": 288.2418179512024,
            "total_saving_state_duration": 0.10480761528015137,
            "total_sleeping_time": 1808.2302358150482,
            "finished_reconf": true
        },
        "dep7": {
            "total_uptime_duration": 578.3437812328339,
            "total_loading_state_duration": 0.18601346015930176,
            "total_deploy_duration": 278.58912658691406,
            "total_update_duration": 299.12124156951904,
            "total_saving_state_duration": 0.10723495483398438,
            "total_sleeping_time": 1791.7598538398743,
            "finished_reconf": true
        },
        "server": {
            "total_uptime_duration": 594.4608583450317,
            "total_loading_state_duration": 0.1995234489440918,
            "total_deploy_duration": 394.1263225078583,
            "total_update_duration": 199.55294561386108,
            "total_saving_state_duration": 0.25800442695617676,
            "total_sleeping_time": 1775.5742604732513,
            "finished_reconf": true
        }
    }
}