{
    "parameters": {
        "version_concerto_name": "concerto-decentralized-synchrone",
        "transitions_times_file_name": "/home/anomond/parameters/transitions_times/transitions_times-1-30-deps12-1.json",
        "uptimes_file_name": "/home/anomond/parameters/uptimes/uptimes-60-30-12-0_2-0_3.json",
        "expe_num": 1,
        "cluster": "uvb"
    },
    "global_results": {
        "finished_reconf": false,
        "max_deploy_time": 1817.03,
        "max_update_time": 541.25,
        "max_reconf_time": 2358.28,
        "max_sleeping_time": 5867.19,
        "max_execution_time": 7672.39
    },
    "results": {
        "dep10": {
            "total_uptime_duration": 1805.2133450508118,
            "total_loading_state_duration": 0.5700769424438477,
            "total_deploy_duration": 1262.485584974289,
            "total_update_duration": 540.8352739810944,
            "total_saving_state_duration": 0.3014795780181885,
            "total_sleeping_time": 5865.299362182617
        },
        "dep11": {
            "total_uptime_duration": 1805.1419088840485,
            "total_loading_state_duration": 0.5903167724609375,
            "total_deploy_duration": 1271.2583265304565,
            "total_update_duration": 531.9406278133392,
            "total_saving_state_duration": 0.3182864189147949,
            "total_sleeping_time": 5793.509401798248
        },
        "dep6": {
            "total_uptime_duration": 1805.3616297245026,
            "total_loading_state_duration": 0.5785965919494629,
            "total_deploy_duration": 1316.4230844974518,
            "total_update_duration": 486.9795844554901,
            "total_saving_state_duration": 0.33458900451660156,
            "total_sleeping_time": 5822.6667268276215
        },
        "dep1": {
            "total_uptime_duration": 1805.1980724334717,
            "total_loading_state_duration": 0.5677719116210938,
            "total_deploy_duration": 1292.2640964984894,
            "total_update_duration": 511.0201630592346,
            "total_saving_state_duration": 0.31672239303588867,
            "total_sleeping_time": 5867.188497304916
        },
        "dep5": {
            "total_uptime_duration": 1805.4275982379913,
            "total_loading_state_duration": 0.5864717960357666,
            "total_deploy_duration": 1320.9648551940918,
            "total_update_duration": 482.4675552845001,
            "total_saving_state_duration": 0.35094714164733887,
            "total_sleeping_time": 5857.063287973404
        },
        "dep3": {
            "total_uptime_duration": 1810.0634682178497,
            "total_loading_state_duration": 0.5872180461883545,
            "total_deploy_duration": 1298.6034679412842,
            "total_update_duration": 509.4984347820282,
            "total_saving_state_duration": 0.333024263381958,
            "total_sleeping_time": 5861.355467557907
        },
        "dep2": {
            "total_uptime_duration": 1805.2964510917664,
            "total_loading_state_duration": 0.5738623142242432,
            "total_deploy_duration": 1274.936872959137,
            "total_update_duration": 528.3892333507538,
            "total_saving_state_duration": 0.3464522361755371,
            "total_sleeping_time": 5851.311705350876
        },
        "dep8": {
            "total_uptime_duration": 1805.9912021160126,
            "total_loading_state_duration": 0.5699663162231445,
            "total_deploy_duration": 1262.8340187072754,
            "total_update_duration": 541.2496807575226,
            "total_saving_state_duration": 0.3181729316711426,
            "total_sleeping_time": 5793.554809808731
        },
        "dep9": {
            "total_uptime_duration": 1811.6748926639557,
            "total_loading_state_duration": 0.5961225032806396,
            "total_deploy_duration": 1304.632788658142,
            "total_update_duration": 505.0897731781006,
            "total_saving_state_duration": 0.3238804340362549,
            "total_sleeping_time": 5826.150141477585
        },
        "dep4": {
            "total_uptime_duration": 1804.864768743515,
            "total_loading_state_duration": 0.5984716415405273,
            "total_deploy_duration": 1321.9752094745636,
            "total_update_duration": 480.91162943840027,
            "total_saving_state_duration": 0.3246622085571289,
            "total_sleeping_time": 5864.803018569946
        },
        "dep0": {
            "total_uptime_duration": 1805.3673515319824,
            "total_loading_state_duration": 0.6252295970916748,
            "total_deploy_duration": 1322.5451197624207,
            "total_update_duration": 480.82497787475586,
            "total_saving_state_duration": 0.3231348991394043,
            "total_sleeping_time": 5795.1962604522705
        },
        "dep7": {
            "total_uptime_duration": 1805.3840339183807,
            "total_loading_state_duration": 0.5949125289916992,
            "total_deploy_duration": 1311.9240746498108,
            "total_update_duration": 491.4754936695099,
            "total_saving_state_duration": 0.3388338088989258,
            "total_sleeping_time": 5852.860337018967
        },
        "server": {
            "total_uptime_duration": 1819.5269384384155,
            "total_loading_state_duration": 0.6553964614868164,
            "total_deploy_duration": 1817.0346982479095,
            "total_update_duration": 0,
            "total_saving_state_duration": 0.8145115375518799,
            "total_sleeping_time": 5824.812663793564
        }
    }
}