{
    "parameters": {
        "version_concerto_name": "concerto-decentralized-synchrone",
        "transitions_times_file_name": "/home/anomond/parameters/transitions_times/transitions_times-1-30-deps12-0.json",
        "uptimes_file_name": "/home/anomond/parameters/uptimes/uptimes-60-30-12-1-1-1.json",
        "expe_num": 1,
        "cluster": "uvb"
    },
    "global_results": {
        "finished_reconf": true,
        "max_deploy_time": 35.74,
        "max_update_time": 23.56,
        "max_reconf_time": 59.3,
        "max_sleeping_time": 31.59,
        "max_execution_time": 86.92
    },
    "results": {
        "dep10": {
            "total_uptime_duration": 55.33552289009094,
            "total_loading_state_duration": 0.01205897331237793,
            "total_deploy_duration": 31.929686069488525,
            "total_update_duration": 23.358596563339233,
            "total_saving_state_duration": 0.0041942596435546875,
            "total_sleeping_time": 31.587737560272217,
            "finished_reconf": true
        },
        "dep11": {
            "total_uptime_duration": 55.09274220466614,
            "total_loading_state_duration": 0.0120849609375,
            "total_deploy_duration": 31.825379371643066,
            "total_update_duration": 23.215157508850098,
            "total_saving_state_duration": 0.005387306213378906,
            "total_sleeping_time": 31.051953554153442,
            "finished_reconf": true
        },
        "dep6": {
            "total_uptime_duration": 55.23750901222229,
            "total_loading_state_duration": 0.012737512588500977,
            "total_deploy_duration": 32.01314878463745,
            "total_update_duration": 23.16998600959778,
            "total_saving_state_duration": 0.005135536193847656,
            "total_sleeping_time": 31.040860414505005,
            "finished_reconf": true
        },
        "dep1": {
            "total_uptime_duration": 55.87492370605469,
            "total_loading_state_duration": 0.012935161590576172,
            "total_deploy_duration": 32.45799899101257,
            "total_update_duration": 23.362689971923828,
            "total_saving_state_duration": 0.0064580440521240234,
            "total_sleeping_time": 30.835225343704224,
            "finished_reconf": true
        },
        "dep5": {
            "total_uptime_duration": 55.49546957015991,
            "total_loading_state_duration": 0.012191534042358398,
            "total_deploy_duration": 32.04489231109619,
            "total_update_duration": 23.396244049072266,
            "total_saving_state_duration": 0.006352901458740234,
            "total_sleeping_time": 30.83543348312378,
            "finished_reconf": true
        },
        "dep3": {
            "total_uptime_duration": 55.13324427604675,
            "total_loading_state_duration": 0.012382030487060547,
            "total_deploy_duration": 31.8920156955719,
            "total_update_duration": 23.188966989517212,
            "total_saving_state_duration": 0.0059125423431396484,
            "total_sleeping_time": 30.869998693466187,
            "finished_reconf": true
        },
        "dep2": {
            "total_uptime_duration": 55.328954458236694,
            "total_loading_state_duration": 0.008198261260986328,
            "total_deploy_duration": 31.941404819488525,
            "total_update_duration": 23.341634511947632,
            "total_saving_state_duration": 0.0056345462799072266,
            "total_sleeping_time": 30.795312881469727,
            "finished_reconf": true
        },
        "dep8": {
            "total_uptime_duration": 55.304970264434814,
            "total_loading_state_duration": 0.011778593063354492,
            "total_deploy_duration": 31.99409556388855,
            "total_update_duration": 23.259706020355225,
            "total_saving_state_duration": 0.0058765411376953125,
            "total_sleeping_time": 30.793968200683594,
            "finished_reconf": true
        },
        "dep9": {
            "total_uptime_duration": 55.46415567398071,
            "total_loading_state_duration": 0.008472204208374023,
            "total_deploy_duration": 32.00543808937073,
            "total_update_duration": 23.410053253173828,
            "total_saving_state_duration": 0.0068340301513671875,
            "total_sleeping_time": 30.827560424804688,
            "finished_reconf": true
        },
        "dep4": {
            "total_uptime_duration": 55.720003843307495,
            "total_loading_state_duration": 0.012269973754882812,
            "total_deploy_duration": 32.28528141975403,
            "total_update_duration": 23.380876779556274,
            "total_saving_state_duration": 0.0058956146240234375,
            "total_sleeping_time": 30.80337142944336,
            "finished_reconf": true
        },
        "dep0": {
            "total_uptime_duration": 55.58423447608948,
            "total_loading_state_duration": 0.012754201889038086,
            "total_deploy_duration": 32.177377462387085,
            "total_update_duration": 23.352996826171875,
            "total_saving_state_duration": 0.0058765411376953125,
            "total_sleeping_time": 30.755234003067017,
            "finished_reconf": true
        },
        "dep7": {
            "total_uptime_duration": 55.386775732040405,
            "total_loading_state_duration": 0.012921333312988281,
            "total_deploy_duration": 31.77301526069641,
            "total_update_duration": 23.559066772460938,
            "total_saving_state_duration": 0.006701469421386719,
            "total_sleeping_time": 30.801992177963257,
            "finished_reconf": true
        },
        "server": {
            "total_uptime_duration": 59.208186864852905,
            "total_loading_state_duration": 0.01460719108581543,
            "total_deploy_duration": 35.73697519302368,
            "total_update_duration": 23.403156042099,
            "total_saving_state_duration": 0.014698028564453125,
            "total_sleeping_time": 27.328096628189087,
            "finished_reconf": true
        }
    }
}