{
    "parameters": {
        "version_concerto_name": "concerto-decentralized-synchrone",
        "transitions_times_file_name": "/home/anomond/parameters/transitions_times/transitions_times-1-30-deps12-1.json",
        "uptimes_file_name": "/home/anomond/parameters/uptimes/uptimes-60-30-12-0_5-0_6.json",
        "expe_num": 1,
        "cluster": "uvb"
    },
    "global_results": {
        "finished_reconf": true,
        "max_deploy_time": 390.77,
        "max_update_time": 346.79,
        "max_reconf_time": 737.56,
        "max_sleeping_time": 2015.84,
        "max_execution_time": 2618.91
    },
    "results": {
        "dep10": {
            "total_uptime_duration": 573.4646363258362,
            "total_loading_state_duration": 0.16666078567504883,
            "total_deploy_duration": 288.40900564193726,
            "total_update_duration": 284.4812660217285,
            "total_saving_state_duration": 0.08924674987792969,
            "total_sleeping_time": 1795.1161541938782,
            "finished_reconf": true
        },
        "dep11": {
            "total_uptime_duration": 625.494188785553,
            "total_loading_state_duration": 0.20225214958190918,
            "total_deploy_duration": 390.77240228652954,
            "total_update_duration": 234.0385057926178,
            "total_saving_state_duration": 0.11102437973022461,
            "total_sleeping_time": 1992.2155017852783,
            "finished_reconf": true
        },
        "dep6": {
            "total_uptime_duration": 560.2869808673859,
            "total_loading_state_duration": 0.1847836971282959,
            "total_deploy_duration": 270.77091789245605,
            "total_update_duration": 288.8966603279114,
            "total_saving_state_duration": 0.09947633743286133,
            "total_sleeping_time": 1807.471384525299,
            "finished_reconf": true
        },
        "dep1": {
            "total_uptime_duration": 554.707701921463,
            "total_loading_state_duration": 0.1881122589111328,
            "total_deploy_duration": 283.33947491645813,
            "total_update_duration": 270.74267506599426,
            "total_saving_state_duration": 0.10257768630981445,
            "total_sleeping_time": 1815.3012676239014,
            "finished_reconf": true
        },
        "dep5": {
            "total_uptime_duration": 571.3046281337738,
            "total_loading_state_duration": 0.1824169158935547,
            "total_deploy_duration": 284.4398081302643,
            "total_update_duration": 286.2508342266083,
            "total_saving_state_duration": 0.10205078125,
            "total_sleeping_time": 1799.0396664142609,
            "finished_reconf": true
        },
        "dep3": {
            "total_uptime_duration": 617.4063408374786,
            "total_loading_state_duration": 0.20241808891296387,
            "total_deploy_duration": 270.30471205711365,
            "total_update_duration": 346.4195833206177,
            "total_saving_state_duration": 0.11109590530395508,
            "total_sleeping_time": 2001.5041453838348,
            "finished_reconf": true
        },
        "dep2": {
            "total_uptime_duration": 542.7020266056061,
            "total_loading_state_duration": 0.18173909187316895,
            "total_deploy_duration": 271.48776721954346,
            "total_update_duration": 270.58701848983765,
            "total_saving_state_duration": 0.10872197151184082,
            "total_sleeping_time": 1812.1868607997894,
            "finished_reconf": true
        },
        "dep8": {
            "total_uptime_duration": 564.2849264144897,
            "total_loading_state_duration": 0.16996169090270996,
            "total_deploy_duration": 276.5770995616913,
            "total_update_duration": 287.1157703399658,
            "total_saving_state_duration": 0.0969228744506836,
            "total_sleeping_time": 1792.7017636299133,
            "finished_reconf": true
        },
        "dep9": {
            "total_uptime_duration": 598.6722574234009,
            "total_loading_state_duration": 0.18721461296081543,
            "total_deploy_duration": 274.99094915390015,
            "total_update_duration": 323.04453778266907,
            "total_saving_state_duration": 0.10523486137390137,
            "total_sleeping_time": 1900.4854304790497,
            "finished_reconf": true
        },
        "dep4": {
            "total_uptime_duration": 601.8277156352997,
            "total_loading_state_duration": 0.2044672966003418,
            "total_deploy_duration": 270.6995918750763,
            "total_update_duration": 330.43356490135193,
            "total_saving_state_duration": 0.11611747741699219,
            "total_sleeping_time": 2015.8387899398804,
            "finished_reconf": true
        },
        "dep0": {
            "total_uptime_duration": 578.4195022583008,
            "total_loading_state_duration": 0.19130730628967285,
            "total_deploy_duration": 369.12730622291565,
            "total_update_duration": 208.66511058807373,
            "total_saving_state_duration": 0.10271358489990234,
            "total_sleeping_time": 1788.718304157257,
            "finished_reconf": true
        },
        "dep7": {
            "total_uptime_duration": 618.7881283760071,
            "total_loading_state_duration": 0.20597529411315918,
            "total_deploy_duration": 271.301470041275,
            "total_update_duration": 346.7896201610565,
            "total_saving_state_duration": 0.12197589874267578,
            "total_sleeping_time": 1974.0730459690094,
            "finished_reconf": true
        },
        "server": {
            "total_uptime_duration": 580.1111934185028,
            "total_loading_state_duration": 0.2049565315246582,
            "total_deploy_duration": 390.7636637687683,
            "total_update_duration": 188.5631766319275,
            "total_saving_state_duration": 0.2530200481414795,
            "total_sleeping_time": 1789.7099986076355,
            "finished_reconf": true
        }
    }
}