{
    "parameters": {
        "version_concerto_name": "concerto-decentralized-synchrone",
        "transitions_times_file_name": "/home/anomond/parameters/transitions_times/transitions_times-1-30-deps12-0.json",
        "uptimes_file_name": "/home/anomond/parameters/uptimes/uptimes-60-30-12-0_02-0_05.json",
        "expe_num": 1,
        "cluster": "uvb"
    },
    "global_results": {
        "finished_reconf": false,
        "max_deploy_time": 1810.83,
        "max_update_time": 0,
        "max_reconf_time": 1810.83,
        "max_sleeping_time": 5845.7,
        "max_execution_time": 7652.18
    },
    "results": {
        "dep10": {
            "total_uptime_duration": 1803.8685925006866,
            "total_loading_state_duration": 0.5583622455596924,
            "total_deploy_duration": 1801.9879496097565,
            "total_update_duration": 0,
            "total_saving_state_duration": 0.2945981025695801,
            "total_sleeping_time": 5775.119740962982
        },
        "dep11": {
            "total_uptime_duration": 1804.2676966190338,
            "total_loading_state_duration": 0.5960283279418945,
            "total_deploy_duration": 1802.3279993534088,
            "total_update_duration": 0,
            "total_saving_state_duration": 0.30963706970214844,
            "total_sleeping_time": 5773.72895359993
        },
        "dep6": {
            "total_uptime_duration": 1804.6247277259827,
            "total_loading_state_duration": 0.5866155624389648,
            "total_deploy_duration": 1802.6656699180603,
            "total_update_duration": 0,
            "total_saving_state_duration": 0.3212897777557373,
            "total_sleeping_time": 5770.822911500931
        },
        "dep1": {
            "total_uptime_duration": 1804.7888824939728,
            "total_loading_state_duration": 0.5807981491088867,
            "total_deploy_duration": 1802.8482837677002,
            "total_update_duration": 0,
            "total_saving_state_duration": 0.327451229095459,
            "total_sleeping_time": 5845.699172258377
        },
        "dep5": {
            "total_uptime_duration": 1804.6875202655792,
            "total_loading_state_duration": 0.5897071361541748,
            "total_deploy_duration": 1802.7304801940918,
            "total_update_duration": 0,
            "total_saving_state_duration": 0.32657909393310547,
            "total_sleeping_time": 5772.314150094986
        },
        "dep3": {
            "total_uptime_duration": 1804.4563529491425,
            "total_loading_state_duration": 0.5676426887512207,
            "total_deploy_duration": 1802.548419713974,
            "total_update_duration": 0,
            "total_saving_state_duration": 0.3188037872314453,
            "total_sleeping_time": 5773.156112670898
        },
        "dep2": {
            "total_uptime_duration": 1805.212364912033,
            "total_loading_state_duration": 0.5881824493408203,
            "total_deploy_duration": 1803.2474992275238,
            "total_update_duration": 0,
            "total_saving_state_duration": 0.3301055431365967,
            "total_sleeping_time": 5774.164582252502
        },
        "dep8": {
            "total_uptime_duration": 1804.0134007930756,
            "total_loading_state_duration": 0.6021215915679932,
            "total_deploy_duration": 1802.0719294548035,
            "total_update_duration": 0,
            "total_saving_state_duration": 0.3059535026550293,
            "total_sleeping_time": 5775.886158466339
        },
        "dep9": {
            "total_uptime_duration": 1804.087599515915,
            "total_loading_state_duration": 0.5872268676757812,
            "total_deploy_duration": 1802.1708800792694,
            "total_update_duration": 0,
            "total_saving_state_duration": 0.3046245574951172,
            "total_sleeping_time": 5773.651834487915
        },
        "dep4": {
            "total_uptime_duration": 1812.8067190647125,
            "total_loading_state_duration": 0.6114659309387207,
            "total_deploy_duration": 1810.8280663490295,
            "total_update_duration": 0,
            "total_saving_state_duration": 0.3201010227203369,
            "total_sleeping_time": 5839.376026153564
        },
        "dep0": {
            "total_uptime_duration": 1804.5518238544464,
            "total_loading_state_duration": 0.5730299949645996,
            "total_deploy_duration": 1802.630767583847,
            "total_update_duration": 0,
            "total_saving_state_duration": 0.32528209686279297,
            "total_sleeping_time": 5844.994181871414
        },
        "dep7": {
            "total_uptime_duration": 1804.8418519496918,
            "total_loading_state_duration": 0.5854456424713135,
            "total_deploy_duration": 1802.8828251361847,
            "total_update_duration": 0,
            "total_saving_state_duration": 0.3351767063140869,
            "total_sleeping_time": 5771.537861585617
        },
        "server": {
            "total_uptime_duration": 1805.9623799324036,
            "total_loading_state_duration": 0.6335353851318359,
            "total_deploy_duration": 1803.574426651001,
            "total_update_duration": 0,
            "total_saving_state_duration": 0.7358138561248779,
            "total_sleeping_time": 5836.547074317932
        }
    }
}