{
    "parameters": {
        "version_concerto_name": "concerto-decentralized-synchrone",
        "transitions_times_file_name": "/home/anomond/parameters/transitions_times/transitions_times-1-30-deps12-0.json",
        "uptimes_file_name": "/home/anomond/parameters/uptimes/uptimes-60-30-12-0_2-0_3.json",
        "expe_num": 1,
        "cluster": "uvb"
    },
    "global_results": {
        "finished_reconf": false,
        "max_deploy_time": 1628.45,
        "max_update_time": 540.87,
        "max_reconf_time": 2169.33,
        "max_sleeping_time": 5865.64,
        "max_execution_time": 7670.16
    },
    "results": {
        "dep10": {
            "total_uptime_duration": 1804.9138624668121,
            "total_loading_state_duration": 0.5591087341308594,
            "total_deploy_duration": 1262.3009350299835,
            "total_update_duration": 540.7244074344635,
            "total_saving_state_duration": 0.3203108310699463,
            "total_sleeping_time": 5862.173070192337
        },
        "dep11": {
            "total_uptime_duration": 1805.0286602973938,
            "total_loading_state_duration": 0.5854966640472412,
            "total_deploy_duration": 1271.2908301353455,
            "total_update_duration": 531.8047173023224,
            "total_saving_state_duration": 0.3185100555419922,
            "total_sleeping_time": 5790.534987926483
        },
        "dep6": {
            "total_uptime_duration": 1805.076651096344,
            "total_loading_state_duration": 0.57997727394104,
            "total_deploy_duration": 1315.9987149238586,
            "total_update_duration": 487.1236047744751,
            "total_saving_state_duration": 0.33383655548095703,
            "total_sleeping_time": 5821.098517894745
        },
        "dep1": {
            "total_uptime_duration": 1804.5185673236847,
            "total_loading_state_duration": 0.5847041606903076,
            "total_deploy_duration": 1351.9870419502258,
            "total_update_duration": 450.5792610645294,
            "total_saving_state_duration": 0.32337141036987305,
            "total_sleeping_time": 5865.637839078903
        },
        "dep5": {
            "total_uptime_duration": 1808.9939181804657,
            "total_loading_state_duration": 0.5797333717346191,
            "total_deploy_duration": 1319.6149289608002,
            "total_update_duration": 487.4439625740051,
            "total_saving_state_duration": 0.31952381134033203,
            "total_sleeping_time": 5851.257017850876
        },
        "dep3": {
            "total_uptime_duration": 1805.7291293144226,
            "total_loading_state_duration": 0.5918886661529541,
            "total_deploy_duration": 1294.3611207008362,
            "total_update_duration": 509.4037868976593,
            "total_saving_state_duration": 0.32437682151794434,
            "total_sleeping_time": 5861.284244060516
        },
        "dep2": {
            "total_uptime_duration": 1805.077412366867,
            "total_loading_state_duration": 0.5991466045379639,
            "total_deploy_duration": 1274.699909210205,
            "total_update_duration": 528.3721470832825,
            "total_saving_state_duration": 0.34677815437316895,
            "total_sleeping_time": 5847.581438302994
        },
        "dep8": {
            "total_uptime_duration": 1804.6682486534119,
            "total_loading_state_duration": 0.6009149551391602,
            "total_deploy_duration": 1261.8390674591064,
            "total_update_duration": 540.8727526664734,
            "total_saving_state_duration": 0.32105350494384766,
            "total_sleeping_time": 5790.731072664261
        },
        "dep9": {
            "total_uptime_duration": 1805.5336973667145,
            "total_loading_state_duration": 0.5845484733581543,
            "total_deploy_duration": 1292.5285761356354,
            "total_update_duration": 511.0753676891327,
            "total_saving_state_duration": 0.3212015628814697,
            "total_sleeping_time": 5826.783770799637
        },
        "dep4": {
            "total_uptime_duration": 1804.9352028369904,
            "total_loading_state_duration": 0.6014015674591064,
            "total_deploy_duration": 1322.1504907608032,
            "total_update_duration": 480.812983751297,
            "total_saving_state_duration": 0.3234114646911621,
            "total_sleeping_time": 5861.790911912918
        },
        "dep0": {
            "total_uptime_duration": 1805.0601210594177,
            "total_loading_state_duration": 0.5636816024780273,
            "total_deploy_duration": 1322.4990575313568,
            "total_update_duration": 480.66470861434937,
            "total_saving_state_duration": 0.31992220878601074,
            "total_sleeping_time": 5795.095583438873
        },
        "dep7": {
            "total_uptime_duration": 1805.6117379665375,
            "total_loading_state_duration": 0.5803375244140625,
            "total_deploy_duration": 1312.4846992492676,
            "total_update_duration": 491.1545329093933,
            "total_saving_state_duration": 0.3471403121948242,
            "total_sleeping_time": 5849.693909168243
        },
        "server": {
            "total_uptime_duration": 1811.0996205806732,
            "total_loading_state_duration": 0.6475374698638916,
            "total_deploy_duration": 1628.4530267715454,
            "total_update_duration": 180.15206027030945,
            "total_saving_state_duration": 0.8220503330230713,
            "total_sleeping_time": 5831.114512205124
        }
    }
}