{
    "parameters": {
        "version_concerto_name": "concerto-decentralized-synchrone",
        "transitions_times_file_name": "/home/anomond/parameters/transitions_times/transitions_times-1-30-deps12-0.json",
        "uptimes_file_name": "/home/anomond/parameters/uptimes/uptimes-60-30-12-0_5-0_6.json",
        "expe_num": 1,
        "cluster": "uvb"
    },
    "results": {
        "dep2": {
            "total_uptime_duration": 615.1289005279541,
            "total_loading_state_duration": 0.23199772834777832,
            "total_deploy_duration": 270.59358620643616,
            "total_update_duration": 330.4366714954376,
            "total_saving_state_duration": 0.11392521858215332,
            "total_sleeping_time": 2002.4338657855988
        },
        "dep8": {
            "total_uptime_duration": 646.6657557487488,
            "total_loading_state_duration": 0.20292019844055176,
            "total_deploy_duration": 294.8382930755615,
            "total_update_duration": 336.15283393859863,
            "total_saving_state_duration": 0.10835671424865723,
            "total_sleeping_time": 2103.641027212143
        },
        "dep5": {
            "total_uptime_duration": 662.2596147060394,
            "total_loading_state_duration": 0.22064423561096191,
            "total_deploy_duration": 284.36167550086975,
            "total_update_duration": 376.9741258621216,
            "total_saving_state_duration": 0.13137292861938477,
            "total_sleeping_time": 2217.8305611610413
        },
        "dep9": {
            "total_uptime_duration": 541.8436281681061,
            "total_loading_state_duration": 0.17489361763000488,
            "total_deploy_duration": 300.312771320343,
            "total_update_duration": 240.69330477714539,
            "total_saving_state_duration": 0.09822297096252441,
            "total_sleeping_time": 1828.2080974578857
        },
        "dep1": {
            "total_uptime_duration": 667.4689745903015,
            "total_loading_state_duration": 0.22814249992370605,
            "total_deploy_duration": 286.6053946018219,
            "total_update_duration": 352.903781414032,
            "total_saving_state_duration": 0.12097668647766113,
            "total_sleeping_time": 2080.454689025879
        },
        "dep4": {
            "total_uptime_duration": 632.0195586681366,
            "total_loading_state_duration": 0.2082054615020752,
            "total_deploy_duration": 270.5855894088745,
            "total_update_duration": 360.5352900028229,
            "total_saving_state_duration": 0.1130685806274414,
            "total_sleeping_time": 2117.6896908283234
        },
        "dep0": {
            "total_uptime_duration": 616.3231060504913,
            "total_loading_state_duration": 0.20560812950134277,
            "total_deploy_duration": 270.56662368774414,
            "total_update_duration": 330.52849102020264,
            "total_saving_state_duration": 0.11842226982116699,
            "total_sleeping_time": 2000.3848669528961
        },
        "dep7": {
            "total_uptime_duration": 652.9015650749207,
            "total_loading_state_duration": 0.2180473804473877,
            "total_deploy_duration": 297.69755959510803,
            "total_update_duration": 338.8243169784546,
            "total_saving_state_duration": 0.12142825126647949,
            "total_sleeping_time": 2094.134220600128
        },
        "dep10": {
            "total_uptime_duration": 599.4337038993835,
            "total_loading_state_duration": 0.1965653896331787,
            "total_deploy_duration": 300.1911041736603,
            "total_update_duration": 279.0318024158478,
            "total_saving_state_duration": 0.11240816116333008,
            "total_sleeping_time": 1885.1041390895844
        },
        "server": {
            "total_uptime_duration": 645.6662068367004,
            "total_loading_state_duration": 0.22600579261779785,
            "total_deploy_duration": 358.06017899513245,
            "total_update_duration": 270.5116922855377,
            "total_saving_state_duration": 0.28441286087036133,
            "total_sleeping_time": 1975.4179031848907
        },
        "dep6": {
            "total_uptime_duration": 684.6787586212158,
            "total_loading_state_duration": 0.230942964553833,
            "total_deploy_duration": 439.429749250412,
            "total_update_duration": 221.80253219604492,
            "total_saving_state_duration": 0.12350153923034668,
            "total_sleeping_time": 2195.5743601322174
        },
        "dep11": {
            "total_uptime_duration": 595.55442070961,
            "total_loading_state_duration": 0.2016429901123047,
            "total_deploy_duration": 322.31833267211914,
            "total_update_duration": 252.78038883209229,
            "total_saving_state_duration": 0.09997725486755371,
            "total_sleeping_time": 1879.1612658500671
        },
        "dep3": {
            "total_uptime_duration": 558.9507448673248,
            "total_loading_state_duration": 0.17767834663391113,
            "total_deploy_duration": 270.487548828125,
            "total_update_duration": 270.4371702671051,
            "total_saving_state_duration": 0.09780001640319824,
            "total_sleeping_time": 1813.329206943512
        }
    }
}