{
    "parameters": {
        "version_concerto_name": "concerto-decentralized-synchrone",
        "transitions_times_file_name": "/home/anomond/parameters/transitions_times/transitions_times-1-30-deps12-1.json",
        "uptimes_file_name": "/home/anomond/parameters/uptimes/uptimes-60-30-12-1-1-1.json",
        "expe_num": 1,
        "cluster": "uvb"
    },
    "results": {
        "dep2": {
            "total_uptime_duration": 61.37823963165283,
            "total_loading_state_duration": 0.019900798797607422,
            "total_deploy_duration": 28.104851245880127,
            "total_update_duration": 32.081639766693115,
            "total_saving_state_duration": 0.010115623474121094,
            "total_sleeping_time": 63.68537950515747
        },
        "dep8": {
            "total_uptime_duration": 60.84373760223389,
            "total_loading_state_duration": 0.019509315490722656,
            "total_deploy_duration": 27.413469076156616,
            "total_update_duration": 32.638073444366455,
            "total_saving_state_duration": 0.011377573013305664,
            "total_sleeping_time": 63.911564111709595
        },
        "dep5": {
            "total_uptime_duration": 60.80541729927063,
            "total_loading_state_duration": 0.021192550659179688,
            "total_deploy_duration": 28.349828004837036,
            "total_update_duration": 31.735111474990845,
            "total_saving_state_duration": 0.010024070739746094,
            "total_sleeping_time": 64.12932229042053
        },
        "dep9": {
            "total_uptime_duration": 61.12046408653259,
            "total_loading_state_duration": 0.018743515014648438,
            "total_deploy_duration": 27.73438811302185,
            "total_update_duration": 32.38696026802063,
            "total_saving_state_duration": 0.009470224380493164,
            "total_sleeping_time": 62.86384320259094
        },
        "dep1": {
            "total_uptime_duration": 61.03839325904846,
            "total_loading_state_duration": 0.019459009170532227,
            "total_deploy_duration": 27.980565786361694,
            "total_update_duration": 32.13529396057129,
            "total_saving_state_duration": 0.009001493453979492,
            "total_sleeping_time": 63.98306727409363
        },
        "dep4": {
            "total_uptime_duration": 62.46316957473755,
            "total_loading_state_duration": 0.020287752151489258,
            "total_deploy_duration": 28.124099016189575,
            "total_update_duration": 33.514434814453125,
            "total_saving_state_duration": 0.008662939071655273,
            "total_sleeping_time": 61.39116382598877
        },
        "dep0": {
            "total_uptime_duration": 61.43567442893982,
            "total_loading_state_duration": 0.02170705795288086,
            "total_deploy_duration": 28.124314308166504,
            "total_update_duration": 31.97343158721924,
            "total_saving_state_duration": 0.010547399520874023,
            "total_sleeping_time": 63.23407483100891
        },
        "dep7": {
            "total_uptime_duration": 61.60499548912048,
            "total_loading_state_duration": 0.018271923065185547,
            "total_deploy_duration": 27.698545455932617,
            "total_update_duration": 32.44734597206116,
            "total_saving_state_duration": 0.012617826461791992,
            "total_sleeping_time": 63.11306977272034
        },
        "dep10": {
            "total_uptime_duration": 60.94826602935791,
            "total_loading_state_duration": 0.02032756805419922,
            "total_deploy_duration": 27.717114686965942,
            "total_update_duration": 32.476739168167114,
            "total_saving_state_duration": 0.01101231575012207,
            "total_sleeping_time": 62.64861297607422
        },
        "server": {
            "total_uptime_duration": 77.78417134284973,
            "total_loading_state_duration": 0.024023056030273438,
            "total_deploy_duration": 27.944743633270264,
            "total_update_duration": 48.28937339782715,
            "total_saving_state_duration": 0.03107619285583496,
            "total_sleeping_time": 47.67294907569885
        },
        "dep6": {
            "total_uptime_duration": 64.09540319442749,
            "total_loading_state_duration": 0.020554780960083008,
            "total_deploy_duration": 28.269006967544556,
            "total_update_duration": 34.758322954177856,
            "total_saving_state_duration": 0.010540246963500977,
            "total_sleeping_time": 60.10865807533264
        },
        "dep11": {
            "total_uptime_duration": 61.048060178756714,
            "total_loading_state_duration": 0.021320343017578125,
            "total_deploy_duration": 27.54133629798889,
            "total_update_duration": 32.524956464767456,
            "total_saving_state_duration": 0.011334896087646484,
            "total_sleeping_time": 62.470704555511475
        },
        "dep3": {
            "total_uptime_duration": 61.02941036224365,
            "total_loading_state_duration": 0.02132415771484375,
            "total_deploy_duration": 28.231804132461548,
            "total_update_duration": 31.95948028564453,
            "total_saving_state_duration": 0.012234210968017578,
            "total_sleeping_time": 64.61747026443481
        }
    }
}