{
    "parameters": {
        "version_concerto_name": "concerto-decentralized-synchrone",
        "transitions_times_file_name": "/home/anomond/parameters/transitions_times/transitions_times-1-30-deps12-1.json",
        "uptimes_file_name": "/home/anomond/parameters/uptimes/uptimes-60-30-12-0_2-0_3.json",
        "expe_num": 1,
        "cluster": "uvb"
    },
    "results": {
        "dep2": {
            "total_uptime_duration": 1805.0363836288452,
            "total_loading_state_duration": 0.6102886199951172,
            "total_deploy_duration": 1274.7984721660614,
            "total_update_duration": 528.2101573944092,
            "total_saving_state_duration": 0.3512609004974365,
            "total_sleeping_time": 5848.050688028336
        },
        "dep8": {
            "total_uptime_duration": 1805.1162996292114,
            "total_loading_state_duration": 0.5734918117523193,
            "total_deploy_duration": 1262.350858926773,
            "total_update_duration": 540.8472356796265,
            "total_saving_state_duration": 0.31752943992614746,
            "total_sleeping_time": 5790.235601425171
        },
        "dep5": {
            "total_uptime_duration": 1804.9326226711273,
            "total_loading_state_duration": 0.5727641582489014,
            "total_deploy_duration": 1320.7209117412567,
            "total_update_duration": 482.2715253829956,
            "total_saving_state_duration": 0.32758665084838867,
            "total_sleeping_time": 5856.989650249481
        },
        "dep9": {
            "total_uptime_duration": 1811.8302235603333,
            "total_loading_state_duration": 0.5854034423828125,
            "total_deploy_duration": 1304.7706289291382,
            "total_update_duration": 505.13410663604736,
            "total_saving_state_duration": 0.3111240863800049,
            "total_sleeping_time": 5821.791118383408
        },
        "dep1": {
            "total_uptime_duration": 1809.1610639095306,
            "total_loading_state_duration": 0.5941109657287598,
            "total_deploy_duration": 1292.6067309379578,
            "total_update_duration": 514.5678050518036,
            "total_saving_state_duration": 0.34175920486450195,
            "total_sleeping_time": 5859.480285644531
        },
        "dep4": {
            "total_uptime_duration": 1804.614961862564,
            "total_loading_state_duration": 0.5718410015106201,
            "total_deploy_duration": 1322.2015919685364,
            "total_update_duration": 480.5124478340149,
            "total_saving_state_duration": 0.3110353946685791,
            "total_sleeping_time": 5864.132107019424
        },
        "dep0": {
            "total_uptime_duration": 1805.3187413215637,
            "total_loading_state_duration": 0.5909130573272705,
            "total_deploy_duration": 1322.5607044696808,
            "total_update_duration": 480.78691577911377,
            "total_saving_state_duration": 0.33550071716308594,
            "total_sleeping_time": 5792.962787151337
        },
        "dep7": {
            "total_uptime_duration": 1804.945345878601,
            "total_loading_state_duration": 0.5965852737426758,
            "total_deploy_duration": 1311.5538356304169,
            "total_update_duration": 491.4301459789276,
            "total_saving_state_duration": 0.3295266628265381,
            "total_sleeping_time": 5852.683252573013
        },
        "dep10": {
            "total_uptime_duration": 1805.0300464630127,
            "total_loading_state_duration": 0.5866219997406006,
            "total_deploy_duration": 1262.456509590149,
            "total_update_duration": 540.5950322151184,
            "total_saving_state_duration": 0.3358800411224365,
            "total_sleeping_time": 5861.882708787918
        },
        "server": {
            "total_uptime_duration": 1829.5609641075134,
            "total_loading_state_duration": 0.6502895355224609,
            "total_deploy_duration": 1358.8766736984253,
            "total_update_duration": 468.185569524765,
            "total_saving_state_duration": 0.8247599601745605,
            "total_sleeping_time": 5813.391560316086
        },
        "dep6": {
            "total_uptime_duration": 1805.5806427001953,
            "total_loading_state_duration": 0.5784549713134766,
            "total_deploy_duration": 1316.6359441280365,
            "total_update_duration": 486.9926805496216,
            "total_saving_state_duration": 0.32840871810913086,
            "total_sleeping_time": 5821.553264141083
        },
        "dep11": {
            "total_uptime_duration": 1804.8002071380615,
            "total_loading_state_duration": 0.5829799175262451,
            "total_deploy_duration": 1271.305370092392,
            "total_update_duration": 531.5697276592255,
            "total_saving_state_duration": 0.32012104988098145,
            "total_sleeping_time": 5792.458993911743
        },
        "dep3": {
            "total_uptime_duration": 1809.8850047588348,
            "total_loading_state_duration": 0.6104888916015625,
            "total_deploy_duration": 1298.8062539100647,
            "total_update_duration": 509.0830183029175,
            "total_saving_state_duration": 0.3334178924560547,
            "total_sleeping_time": 5858.190034627914
        }
    }
}