{
    "parameters": {
        "version_concerto_name": "concerto-decentralized-synchrone",
        "transitions_times_file_name": "/home/anomond/parameters/transitions_times/transitions_times-1-30-deps12-0.json",
        "uptimes_file_name": "/home/anomond/parameters/uptimes/uptimes-60-30-12-1-1-1.json",
        "expe_num": 1,
        "cluster": "uvb"
    },
    "global_results": {
        "finished_reconf": true,
        "max_deploy_time": 35.72,
        "max_update_time": 23.58,
        "max_reconf_time": 59.3,
        "max_sleeping_time": 32.53,
        "max_execution_time": 87.59
    },
    "results": {
        "dep7": {
            "total_uptime_duration": 55.004098892211914,
            "total_loading_state_duration": 0.012088537216186523,
            "total_deploy_duration": 31.478172063827515,
            "total_update_duration": 23.47395968437195,
            "total_saving_state_duration": 0.005832672119140625,
            "total_sleeping_time": 31.74000072479248,
            "finished_reconf": true
        },
        "dep8": {
            "total_uptime_duration": 55.77463936805725,
            "total_loading_state_duration": 0.012377500534057617,
            "total_deploy_duration": 32.22881031036377,
            "total_update_duration": 23.492632150650024,
            "total_saving_state_duration": 0.005950450897216797,
            "total_sleeping_time": 31.8050639629364,
            "finished_reconf": true
        },
        "dep5": {
            "total_uptime_duration": 54.962820291519165,
            "total_loading_state_duration": 0.010877132415771484,
            "total_deploy_duration": 31.555684328079224,
            "total_update_duration": 23.356287240982056,
            "total_saving_state_duration": 0.004751920700073242,
            "total_sleeping_time": 31.4846134185791,
            "finished_reconf": true
        },
        "dep0": {
            "total_uptime_duration": 54.90719032287598,
            "total_loading_state_duration": 0.012737751007080078,
            "total_deploy_duration": 31.27138900756836,
            "total_update_duration": 23.58241581916809,
            "total_saving_state_duration": 0.006310939788818359,
            "total_sleeping_time": 31.85738253593445,
            "finished_reconf": true
        },
        "dep2": {
            "total_uptime_duration": 55.4138617515564,
            "total_loading_state_duration": 0.012001991271972656,
            "total_deploy_duration": 31.91770839691162,
            "total_update_duration": 23.440968990325928,
            "total_saving_state_duration": 0.007808685302734375,
            "total_sleeping_time": 31.473586320877075,
            "finished_reconf": true
        },
        "dep3": {
            "total_uptime_duration": 55.242737770080566,
            "total_loading_state_duration": 0.012225627899169922,
            "total_deploy_duration": 31.660372257232666,
            "total_update_duration": 23.531838178634644,
            "total_saving_state_duration": 0.005148410797119141,
            "total_sleeping_time": 31.742781162261963,
            "finished_reconf": true
        },
        "dep10": {
            "total_uptime_duration": 54.66602921485901,
            "total_loading_state_duration": 0.011858940124511719,
            "total_deploy_duration": 31.283267736434937,
            "total_update_duration": 23.33352279663086,
            "total_saving_state_duration": 0.0052645206451416016,
            "total_sleeping_time": 31.468013048171997,
            "finished_reconf": true
        },
        "dep11": {
            "total_uptime_duration": 55.08989405632019,
            "total_loading_state_duration": 0.010708093643188477,
            "total_deploy_duration": 31.612589359283447,
            "total_update_duration": 23.42681384086609,
            "total_saving_state_duration": 0.0058116912841796875,
            "total_sleeping_time": 31.557961225509644,
            "finished_reconf": true
        },
        "dep1": {
            "total_uptime_duration": 54.829670667648315,
            "total_loading_state_duration": 0.012672662734985352,
            "total_deploy_duration": 31.500737190246582,
            "total_update_duration": 23.274987936019897,
            "total_saving_state_duration": 0.006140708923339844,
            "total_sleeping_time": 32.42542052268982,
            "finished_reconf": true
        },
        "dep9": {
            "total_uptime_duration": 54.87110090255737,
            "total_loading_state_duration": 0.01197195053100586,
            "total_deploy_duration": 31.477813959121704,
            "total_update_duration": 23.343459129333496,
            "total_saving_state_duration": 0.005066871643066406,
            "total_sleeping_time": 31.526686429977417,
            "finished_reconf": true
        },
        "dep4": {
            "total_uptime_duration": 55.105958461761475,
            "total_loading_state_duration": 0.012617826461791992,
            "total_deploy_duration": 31.513420343399048,
            "total_update_duration": 23.54002046585083,
            "total_saving_state_duration": 0.005311489105224609,
            "total_sleeping_time": 31.476078510284424,
            "finished_reconf": true
        },
        "dep6": {
            "total_uptime_duration": 55.057339906692505,
            "total_loading_state_duration": 0.01267552375793457,
            "total_deploy_duration": 31.6374294757843,
            "total_update_duration": 23.370821237564087,
            "total_saving_state_duration": 0.004543304443359375,
            "total_sleeping_time": 32.53263854980469,
            "finished_reconf": true
        },
        "server": {
            "total_uptime_duration": 59.26043200492859,
            "total_loading_state_duration": 0.012804746627807617,
            "total_deploy_duration": 35.71694874763489,
            "total_update_duration": 23.482712030410767,
            "total_saving_state_duration": 0.01523447036743164,
            "total_sleeping_time": 27.954805850982666,
            "finished_reconf": true
        }
    }
}