{
    "parameters": {
        "version_concerto_name": "concerto-decentralized",
        "transitions_times_file_name": "/home/anomond/parameters/transitions_times/transitions_times-1-30-deps12-1.json",
        "uptimes_file_name": "/home/anomond/parameters/uptimes/uptimes-60-30-12-0_02-0_05.json",
        "expe_num": 1,
        "cluster": "uvb"
    },
    "results": {
        "dep4": {
            "total_uptime_duration": 421.84130811691284,
            "total_loading_state_duration": 0.18374991416931152,
            "total_deploy_duration": 391.4825699329376,
            "total_update_duration": 29.294870376586914,
            "total_saving_state_duration": 0.07154679298400879,
            "total_sleeping_time": 1428.2220933437347
        },
        "dep5": {
            "total_uptime_duration": 451.91857171058655,
            "total_loading_state_duration": 0.21274089813232422,
            "total_deploy_duration": 391.5479950904846,
            "total_update_duration": 59.26243185997009,
            "total_saving_state_duration": 0.08141255378723145,
            "total_sleeping_time": 1474.6538586616516
        },
        "dep6": {
            "total_uptime_duration": 421.8805203437805,
            "total_loading_state_duration": 0.18097257614135742,
            "total_deploy_duration": 391.5502347946167,
            "total_update_duration": 29.264830112457275,
            "total_saving_state_duration": 0.07350492477416992,
            "total_sleeping_time": 1444.003578901291
        },
        "dep2": {
            "total_uptime_duration": 421.7271614074707,
            "total_loading_state_duration": 0.22622418403625488,
            "total_deploy_duration": 391.40401554107666,
            "total_update_duration": 29.2122163772583,
            "total_saving_state_duration": 0.06917071342468262,
            "total_sleeping_time": 1442.366649389267
        },
        "dep11": {
            "total_uptime_duration": 421.7664520740509,
            "total_loading_state_duration": 0.21142840385437012,
            "total_deploy_duration": 361.31494545936584,
            "total_update_duration": 59.34360599517822,
            "total_saving_state_duration": 0.07777786254882812,
            "total_sleeping_time": 1444.1296999454498
        },
        "dep10": {
            "total_uptime_duration": 451.92596411705017,
            "total_loading_state_duration": 0.2233726978302002,
            "total_deploy_duration": 361.4098701477051,
            "total_update_duration": 89.4033875465393,
            "total_saving_state_duration": 0.0739743709564209,
            "total_sleeping_time": 1473.3307359218597
        },
        "dep0": {
            "total_uptime_duration": 452.12434363365173,
            "total_loading_state_duration": 0.2179546356201172,
            "total_deploy_duration": 391.72750997543335,
            "total_update_duration": 59.27654576301575,
            "total_saving_state_duration": 0.07863950729370117,
            "total_sleeping_time": 1475.7016911506653
        },
        "dep7": {
            "total_uptime_duration": 452.0298926830292,
            "total_loading_state_duration": 0.21341562271118164,
            "total_deploy_duration": 391.5861518383026,
            "total_update_duration": 59.33617162704468,
            "total_saving_state_duration": 0.08022499084472656,
            "total_sleeping_time": 1542.472687959671
        },
        "dep8": {
            "total_uptime_duration": 421.8091411590576,
            "total_loading_state_duration": 0.21326637268066406,
            "total_deploy_duration": 361.38151478767395,
            "total_update_duration": 59.32573342323303,
            "total_saving_state_duration": 0.07471895217895508,
            "total_sleeping_time": 1422.7166125774384
        },
        "dep3": {
            "total_uptime_duration": 451.9446339607239,
            "total_loading_state_duration": 0.23869633674621582,
            "total_deploy_duration": 361.4019446372986,
            "total_update_duration": 89.39192271232605,
            "total_saving_state_duration": 0.07652974128723145,
            "total_sleeping_time": 1473.6635637283325
        },
        "dep9": {
            "total_uptime_duration": 451.9659390449524,
            "total_loading_state_duration": 0.20808053016662598,
            "total_deploy_duration": 391.46181559562683,
            "total_update_duration": 59.40440368652344,
            "total_saving_state_duration": 0.07804346084594727,
            "total_sleeping_time": 1540.393201828003
        },
        "dep1": {
            "total_uptime_duration": 451.8762836456299,
            "total_loading_state_duration": 0.23746442794799805,
            "total_deploy_duration": 361.4218831062317,
            "total_update_duration": 89.30070805549622,
            "total_saving_state_duration": 0.0809934139251709,
            "total_sleeping_time": 1476.8606762886047
        },
        "server": {
            "total_uptime_duration": 438.42540192604065,
            "total_loading_state_duration": 0.16043734550476074,
            "total_deploy_duration": 377.9710838794708,
            "total_update_duration": 48.5889196395874,
            "total_saving_state_duration": 0.17842435836791992,
            "total_sleeping_time": 1411.2012920379639
        }
    }
}