{
    "parameters": {
        "version_concerto_name": "concerto-decentralized",
        "transitions_times_file_name": "/home/anomond/parameters/transitions_times/transitions_times-1-30-deps12-0.json",
        "uptimes_file_name": "/home/anomond/parameters/uptimes/uptimes-60-30-12-0_5-0_6.json",
        "expe_num": 1,
        "cluster": "uvb"
    },
    "results": {
        "dep4": {
            "total_uptime_duration": 174.57442450523376,
            "total_loading_state_duration": 0.052652597427368164,
            "total_deploy_duration": 131.45936369895935,
            "total_update_duration": 18.861916065216064,
            "total_saving_state_duration": 0.027225971221923828,
            "total_sleeping_time": 533.40620470047
        },
        "dep5": {
            "total_uptime_duration": 169.40549087524414,
            "total_loading_state_duration": 0.05411815643310547,
            "total_deploy_duration": 126.95368885993958,
            "total_update_duration": 23.348365306854248,
            "total_saving_state_duration": 0.02672100067138672,
            "total_sleeping_time": 538.8141505718231
        },
        "dep6": {
            "total_uptime_duration": 157.83552742004395,
            "total_loading_state_duration": 0.05447196960449219,
            "total_deploy_duration": 129.9205539226532,
            "total_update_duration": 20.262930631637573,
            "total_saving_state_duration": 0.028544902801513672,
            "total_sleeping_time": 549.9431307315826
        },
        "dep2": {
            "total_uptime_duration": 160.89703345298767,
            "total_loading_state_duration": 0.055240631103515625,
            "total_deploy_duration": 133.07014203071594,
            "total_update_duration": 20.858766317367554,
            "total_saving_state_duration": 0.024537324905395508,
            "total_sleeping_time": 547.1174268722534
        },
        "dep11": {
            "total_uptime_duration": 181.21025371551514,
            "total_loading_state_duration": 0.06395363807678223,
            "total_deploy_duration": 129.1625943183899,
            "total_update_duration": 51.168840646743774,
            "total_saving_state_duration": 0.03340291976928711,
            "total_sleeping_time": 648.1559638977051
        },
        "dep10": {
            "total_uptime_duration": 170.19951581954956,
            "total_loading_state_duration": 0.05637788772583008,
            "total_deploy_duration": 120.95953392982483,
            "total_update_duration": 29.293514490127563,
            "total_saving_state_duration": 0.027176618576049805,
            "total_sleeping_time": 537.681211233139
        },
        "dep0": {
            "total_uptime_duration": 181.13112783432007,
            "total_loading_state_duration": 0.06442403793334961,
            "total_deploy_duration": 125.81331777572632,
            "total_update_duration": 54.43289303779602,
            "total_saving_state_duration": 0.03698396682739258,
            "total_sleeping_time": 622.438508272171
        },
        "dep7": {
            "total_uptime_duration": 199.8241024017334,
            "total_loading_state_duration": 0.06093120574951172,
            "total_deploy_duration": 149.36128163337708,
            "total_update_duration": 49.58337354660034,
            "total_saving_state_duration": 0.03434252738952637,
            "total_sleeping_time": 580.0102643966675
        },
        "dep8": {
            "total_uptime_duration": 179.0562481880188,
            "total_loading_state_duration": 0.05556082725524902,
            "total_deploy_duration": 149.09102940559387,
            "total_update_duration": 1.220958948135376,
            "total_saving_state_duration": 0.026584148406982422,
            "total_sleeping_time": 528.7099792957306
        },
        "dep3": {
            "total_uptime_duration": 181.15115571022034,
            "total_loading_state_duration": 0.06204342842102051,
            "total_deploy_duration": 120.96835923194885,
            "total_update_duration": 59.30925226211548,
            "total_saving_state_duration": 0.031174898147583008,
            "total_sleeping_time": 648.8301837444305
        },
        "dep9": {
            "total_uptime_duration": 181.2146077156067,
            "total_loading_state_duration": 0.06040358543395996,
            "total_deploy_duration": 136.7982566356659,
            "total_update_duration": 43.53997588157654,
            "total_saving_state_duration": 0.032686710357666016,
            "total_sleeping_time": 635.400399684906
        },
        "dep1": {
            "total_uptime_duration": 172.21663331985474,
            "total_loading_state_duration": 0.057256460189819336,
            "total_deploy_duration": 159.34819340705872,
            "total_update_duration": 6.556510925292969e-05,
            "total_saving_state_duration": 0.028258800506591797,
            "total_sleeping_time": 535.7153553962708
        },
        "server": {
            "total_uptime_duration": 192.5048234462738,
            "total_loading_state_duration": 0.06093764305114746,
            "total_deploy_duration": 135.83924984931946,
            "total_update_duration": 27.70983576774597,
            "total_saving_state_duration": 0.06637763977050781,
            "total_sleeping_time": 515.9009380340576
        }
    }
}