{
    "parameters": {
        "version_concerto_name": "concerto-decentralized-synchrone",
        "transitions_times_file_name": "/home/anomond/parameters/transitions_times/transitions_times-1-30-deps12-1.json",
        "uptimes_file_name": "/home/anomond/parameters/uptimes/uptimes-60-30-12-0_5-0_6.json",
        "expe_num": 1,
        "cluster": "uvb"
    },
    "global_results": {
        "finished_reconf": true,
        "max_deploy_time": 420.69,
        "max_update_time": 386.75,
        "max_reconf_time": 807.44,
        "max_sleeping_time": 2107.84,
        "max_execution_time": 2742.92
    },
    "results": {
        "dep8": {
            "total_uptime_duration": 632.0312557220459,
            "total_loading_state_duration": 0.20940184593200684,
            "total_deploy_duration": 270.5441994667053,
            "total_update_duration": 360.77219820022583,
            "total_saving_state_duration": 0.11726713180541992,
            "total_sleeping_time": 2101.5110960006714,
            "finished_reconf": true
        },
        "dep5": {
            "total_uptime_duration": 565.3747065067291,
            "total_loading_state_duration": 0.17996883392333984,
            "total_deploy_duration": 288.8246953487396,
            "total_update_duration": 275.93920040130615,
            "total_saving_state_duration": 0.1009368896484375,
            "total_sleeping_time": 1803.1202569007874,
            "finished_reconf": true
        },
        "dep4": {
            "total_uptime_duration": 571.833493232727,
            "total_loading_state_duration": 0.1914992332458496,
            "total_deploy_duration": 270.6223704814911,
            "total_update_duration": 300.5624632835388,
            "total_saving_state_duration": 0.10821890830993652,
            "total_sleeping_time": 1926.3639402389526,
            "finished_reconf": true
        },
        "dep3": {
            "total_uptime_duration": 558.9629783630371,
            "total_loading_state_duration": 0.18577861785888672,
            "total_deploy_duration": 420.6900100708008,
            "total_update_duration": 137.64556884765625,
            "total_saving_state_duration": 0.10418510437011719,
            "total_sleeping_time": 1812.6236610412598,
            "finished_reconf": true
        },
        "dep0": {
            "total_uptime_duration": 634.5847971439362,
            "total_loading_state_duration": 0.208634614944458,
            "total_deploy_duration": 282.422643661499,
            "total_update_duration": 351.4627254009247,
            "total_saving_state_duration": 0.1141505241394043,
            "total_sleeping_time": 1994.3129913806915,
            "finished_reconf": true
        },
        "dep2": {
            "total_uptime_duration": 628.8194892406464,
            "total_loading_state_duration": 0.2149646282196045,
            "total_deploy_duration": 271.97857785224915,
            "total_update_duration": 356.1534686088562,
            "total_saving_state_duration": 0.1088862419128418,
            "total_sleeping_time": 2000.7579898834229,
            "finished_reconf": true
        },
        "dep1": {
            "total_uptime_duration": 670.9141306877136,
            "total_loading_state_duration": 0.2220325469970703,
            "total_deploy_duration": 283.4203486442566,
            "total_update_duration": 386.75475668907166,
            "total_saving_state_duration": 0.12292885780334473,
            "total_sleeping_time": 2071.3931918144226,
            "finished_reconf": true
        },
        "dep7": {
            "total_uptime_duration": 571.0359909534454,
            "total_loading_state_duration": 0.1987590789794922,
            "total_deploy_duration": 271.37798166275024,
            "total_update_duration": 299.0190143585205,
            "total_saving_state_duration": 0.09940004348754883,
            "total_sleeping_time": 1799.6576662063599,
            "finished_reconf": true
        },
        "dep11": {
            "total_uptime_duration": 556.7524843215942,
            "total_loading_state_duration": 0.1802976131439209,
            "total_deploy_duration": 322.29072999954224,
            "total_update_duration": 233.85983848571777,
            "total_saving_state_duration": 0.09831690788269043,
            "total_sleeping_time": 1814.0447170734406,
            "finished_reconf": true
        },
        "dep6": {
            "total_uptime_duration": 614.1111624240875,
            "total_loading_state_duration": 0.20525741577148438,
            "total_deploy_duration": 270.59450817108154,
            "total_update_duration": 342.8217945098877,
            "total_saving_state_duration": 0.11680293083190918,
            "total_sleeping_time": 1988.2884938716888,
            "finished_reconf": true
        },
        "dep10": {
            "total_uptime_duration": 635.0824997425079,
            "total_loading_state_duration": 0.21638703346252441,
            "total_deploy_duration": 363.72375559806824,
            "total_update_duration": 270.6257791519165,
            "total_saving_state_duration": 0.126417875289917,
            "total_sleeping_time": 2107.8375720977783,
            "finished_reconf": true
        },
        "dep9": {
            "total_uptime_duration": 609.7141072750092,
            "total_loading_state_duration": 0.2063608169555664,
            "total_deploy_duration": 275.2099070549011,
            "total_update_duration": 333.8282153606415,
            "total_saving_state_duration": 0.10558319091796875,
            "total_sleeping_time": 1993.3077766895294,
            "finished_reconf": true
        },
        "server": {
            "total_uptime_duration": 608.2752616405487,
            "total_loading_state_duration": 0.22148704528808594,
            "total_deploy_duration": 335.53482460975647,
            "total_update_duration": 271.8695433139801,
            "total_saving_state_duration": 0.2841818332672119,
            "total_sleeping_time": 1995.4086310863495,
            "finished_reconf": true
        }
    }
}