{
    "parameters": {
        "version_concerto_name": "concerto-decentralized",
        "transitions_times_file_name": "/home/anomond/parameters/transitions_times/transitions_times-1-30-deps12-0.json",
        "uptimes_file_name": "/home/anomond/parameters/uptimes/uptimes-60-30-12-0_02-0_05.json",
        "expe_num": 1,
        "cluster": "uvb"
    },
    "global_results": {
        "finished_reconf": true,
        "max_deploy_time": 391.56,
        "max_update_time": 90.12,
        "max_reconf_time": 481.67,
        "max_sleeping_time": 1544.05,
        "max_execution_time": 1996.02
    },
    "results": {
        "dep5": {
            "total_uptime_duration": 451.7950973510742,
            "total_loading_state_duration": 0.22817182540893555,
            "total_deploy_duration": 391.32387375831604,
            "total_update_duration": 60.100321531295776,
            "total_saving_state_duration": 0.08390116691589355,
            "total_sleeping_time": 1474.593549489975,
            "finished_reconf": true
        },
        "dep7": {
            "total_uptime_duration": 449.1830232143402,
            "total_loading_state_duration": 0.22942280769348145,
            "total_deploy_duration": 391.32632398605347,
            "total_update_duration": 57.50948643684387,
            "total_saving_state_duration": 0.07419586181640625,
            "total_sleeping_time": 1385.4102947711945,
            "finished_reconf": true
        },
        "dep6": {
            "total_uptime_duration": 421.94820737838745,
            "total_loading_state_duration": 0.21746277809143066,
            "total_deploy_duration": 391.5585355758667,
            "total_update_duration": 30.05160665512085,
            "total_saving_state_duration": 0.07551980018615723,
            "total_sleeping_time": 1445.2553844451904,
            "finished_reconf": true
        },
        "dep9": {
            "total_uptime_duration": 451.9708170890808,
            "total_loading_state_duration": 0.24005627632141113,
            "total_deploy_duration": 391.4984698295593,
            "total_update_duration": 60.10388684272766,
            "total_saving_state_duration": 0.07712841033935547,
            "total_sleeping_time": 1544.047146320343,
            "finished_reconf": true
        },
        "dep4": {
            "total_uptime_duration": 421.8134205341339,
            "total_loading_state_duration": 0.17523455619812012,
            "total_deploy_duration": 391.4770748615265,
            "total_update_duration": 30.035313844680786,
            "total_saving_state_duration": 0.07756567001342773,
            "total_sleeping_time": 1428.617969751358,
            "finished_reconf": true
        },
        "dep8": {
            "total_uptime_duration": 421.6488833427429,
            "total_loading_state_duration": 0.18547320365905762,
            "total_deploy_duration": 361.2926025390625,
            "total_update_duration": 60.05211663246155,
            "total_saving_state_duration": 0.07169795036315918,
            "total_sleeping_time": 1424.0175020694733,
            "finished_reconf": true
        },
        "dep3": {
            "total_uptime_duration": 451.867516040802,
            "total_loading_state_duration": 0.26200151443481445,
            "total_deploy_duration": 361.38223791122437,
            "total_update_duration": 90.09560823440552,
            "total_saving_state_duration": 0.07849979400634766,
            "total_sleeping_time": 1474.734784603119,
            "finished_reconf": true
        },
        "server": {
            "total_uptime_duration": 434.4252531528473,
            "total_loading_state_duration": 0.16074609756469727,
            "total_deploy_duration": 387.94540143013,
            "total_update_duration": 46.09855008125305,
            "total_saving_state_duration": 0.1780412197113037,
            "total_sleeping_time": 1407.0269393920898,
            "finished_reconf": true
        },
        "dep1": {
            "total_uptime_duration": 451.8803527355194,
            "total_loading_state_duration": 0.19728302955627441,
            "total_deploy_duration": 361.73729825019836,
            "total_update_duration": 89.8226490020752,
            "total_saving_state_duration": 0.07979893684387207,
            "total_sleeping_time": 1474.5091216564178,
            "finished_reconf": true
        },
        "dep10": {
            "total_uptime_duration": 451.99571681022644,
            "total_loading_state_duration": 0.23633599281311035,
            "total_deploy_duration": 361.5087242126465,
            "total_update_duration": 90.11622929573059,
            "total_saving_state_duration": 0.08295369148254395,
            "total_sleeping_time": 1474.88880443573,
            "finished_reconf": true
        },
        "dep11": {
            "total_uptime_duration": 421.7459044456482,
            "total_loading_state_duration": 0.2292006015777588,
            "total_deploy_duration": 361.2475826740265,
            "total_update_duration": 60.13484287261963,
            "total_saving_state_duration": 0.07719731330871582,
            "total_sleeping_time": 1445.6810607910156,
            "finished_reconf": true
        },
        "dep2": {
            "total_uptime_duration": 421.90019488334656,
            "total_loading_state_duration": 0.19829869270324707,
            "total_deploy_duration": 391.54528975486755,
            "total_update_duration": 30.03588843345642,
            "total_saving_state_duration": 0.0766913890838623,
            "total_sleeping_time": 1444.7179129123688,
            "finished_reconf": true
        },
        "dep0": {
            "total_uptime_duration": 448.679883480072,
            "total_loading_state_duration": 0.14734363555908203,
            "total_deploy_duration": 391.47621726989746,
            "total_update_duration": 56.94136142730713,
            "total_saving_state_duration": 0.07432055473327637,
            "total_sleeping_time": 1388.0841069221497,
            "finished_reconf": true
        }
    }
}