{
    "parameters": {
        "version_concerto_name": "concerto-decentralized",
        "transitions_times_file_name": "/home/anomond/parameters/transitions_times/transitions_times-1-30-deps12-0.json",
        "uptimes_file_name": "/home/anomond/parameters/uptimes/uptimes-60-30-12-0_2-0_3.json",
        "expe_num": 1,
        "cluster": "uvb"
    },
    "global_results": {
        "finished_reconf": true,
        "max_deploy_time": 346.08,
        "max_update_time": 90.22,
        "max_reconf_time": 436.3,
        "max_sleeping_time": 1312.76,
        "max_execution_time": 1704.45
    },
    "results": {
        "dep5": {
            "total_uptime_duration": 361.72149872779846,
            "total_loading_state_duration": 0.13680005073547363,
            "total_deploy_duration": 331.4760477542877,
            "total_update_duration": 29.99949622154236,
            "total_saving_state_duration": 0.06716442108154297,
            "total_sleeping_time": 1230.707548379898,
            "finished_reconf": true
        },
        "dep7": {
            "total_uptime_duration": 361.64463472366333,
            "total_loading_state_duration": 0.17510509490966797,
            "total_deploy_duration": 331.2887325286865,
            "total_update_duration": 30.083507776260376,
            "total_saving_state_duration": 0.06426715850830078,
            "total_sleeping_time": 1253.5786049365997,
            "finished_reconf": true
        },
        "dep6": {
            "total_uptime_duration": 361.6604290008545,
            "total_loading_state_duration": 0.12762880325317383,
            "total_deploy_duration": 301.35905933380127,
            "total_update_duration": 60.076902866363525,
            "total_saving_state_duration": 0.06464433670043945,
            "total_sleeping_time": 1253.6827981472015,
            "finished_reconf": true
        },
        "dep9": {
            "total_uptime_duration": 361.5925498008728,
            "total_loading_state_duration": 0.16741442680358887,
            "total_deploy_duration": 331.2839939594269,
            "total_update_duration": 30.039830207824707,
            "total_saving_state_duration": 0.0607602596282959,
            "total_sleeping_time": 1252.8057553768158,
            "finished_reconf": true
        },
        "dep4": {
            "total_uptime_duration": 390.6975953578949,
            "total_loading_state_duration": 0.1698470115661621,
            "total_deploy_duration": 346.077073097229,
            "total_update_duration": 44.34631133079529,
            "total_saving_state_duration": 0.06602668762207031,
            "total_sleeping_time": 1192.0582647323608,
            "finished_reconf": true
        },
        "dep8": {
            "total_uptime_duration": 361.56077241897583,
            "total_loading_state_duration": 0.13132190704345703,
            "total_deploy_duration": 301.22202610969543,
            "total_update_duration": 60.106181144714355,
            "total_saving_state_duration": 0.06614828109741211,
            "total_sleeping_time": 1253.6265363693237,
            "finished_reconf": true
        },
        "dep3": {
            "total_uptime_duration": 361.8817436695099,
            "total_loading_state_duration": 0.15306425094604492,
            "total_deploy_duration": 331.5338499546051,
            "total_update_duration": 30.1002037525177,
            "total_saving_state_duration": 0.05999588966369629,
            "total_sleeping_time": 1240.9948496818542,
            "finished_reconf": true
        },
        "server": {
            "total_uptime_duration": 376.8104603290558,
            "total_loading_state_duration": 0.13727521896362305,
            "total_deploy_duration": 330.3320322036743,
            "total_update_duration": 46.151424407958984,
            "total_saving_state_duration": 0.15190458297729492,
            "total_sleeping_time": 1207.4938004016876,
            "finished_reconf": true
        },
        "dep1": {
            "total_uptime_duration": 391.8796935081482,
            "total_loading_state_duration": 0.13299870491027832,
            "total_deploy_duration": 301.4199855327606,
            "total_update_duration": 90.22301006317139,
            "total_saving_state_duration": 0.0706787109375,
            "total_sleeping_time": 1284.0684258937836,
            "finished_reconf": true
        },
        "dep10": {
            "total_uptime_duration": 361.5991654396057,
            "total_loading_state_duration": 0.14484572410583496,
            "total_deploy_duration": 314.7635464668274,
            "total_update_duration": 46.58758234977722,
            "total_saving_state_duration": 0.06471443176269531,
            "total_sleeping_time": 1253.9905734062195,
            "finished_reconf": true
        },
        "dep11": {
            "total_uptime_duration": 391.69473457336426,
            "total_loading_state_duration": 0.1353600025177002,
            "total_deploy_duration": 331.3670976161957,
            "total_update_duration": 60.082417726516724,
            "total_saving_state_duration": 0.07295441627502441,
            "total_sleeping_time": 1312.759515762329,
            "finished_reconf": true
        },
        "dep2": {
            "total_uptime_duration": 361.56413674354553,
            "total_loading_state_duration": 0.14795160293579102,
            "total_deploy_duration": 301.216570854187,
            "total_update_duration": 60.10247731208801,
            "total_saving_state_duration": 0.0646207332611084,
            "total_sleeping_time": 1254.5115971565247,
            "finished_reconf": true
        },
        "dep0": {
            "total_uptime_duration": 361.6948359012604,
            "total_loading_state_duration": 0.1486499309539795,
            "total_deploy_duration": 331.40765500068665,
            "total_update_duration": 30.037323474884033,
            "total_saving_state_duration": 0.0650331974029541,
            "total_sleeping_time": 1223.5661520957947,
            "finished_reconf": true
        }
    }
}