{
    "parameters": {
        "version_concerto_name": "concerto-decentralized",
        "transitions_times_file_name": "/home/anomond/parameters/transitions_times/transitions_times-1-30-deps12-1.json",
        "uptimes_file_name": "/home/anomond/parameters/uptimes/uptimes-60-30-12-0_02-0_05.json",
        "expe_num": 1,
        "cluster": "uvb"
    },
    "global_results": {
        "finished_reconf": true,
        "max_deploy_time": 391.67,
        "max_update_time": 90.19,
        "max_reconf_time": 481.85,
        "max_sleeping_time": 1542.36,
        "max_execution_time": 1994.42
    },
    "results": {
        "dep5": {
            "total_uptime_duration": 451.92953968048096,
            "total_loading_state_duration": 0.23884248733520508,
            "total_deploy_duration": 391.3877136707306,
            "total_update_duration": 60.178871870040894,
            "total_saving_state_duration": 0.08162164688110352,
            "total_sleeping_time": 1474.2594285011292,
            "finished_reconf": true
        },
        "dep7": {
            "total_uptime_duration": 452.087744474411,
            "total_loading_state_duration": 0.2410411834716797,
            "total_deploy_duration": 391.6656370162964,
            "total_update_duration": 60.05117988586426,
            "total_saving_state_duration": 0.07840323448181152,
            "total_sleeping_time": 1540.690551996231,
            "finished_reconf": true
        },
        "dep6": {
            "total_uptime_duration": 421.7561717033386,
            "total_loading_state_duration": 0.19818496704101562,
            "total_deploy_duration": 391.34158658981323,
            "total_update_duration": 30.09600830078125,
            "total_saving_state_duration": 0.07620000839233398,
            "total_sleeping_time": 1444.4097323417664,
            "finished_reconf": true
        },
        "dep9": {
            "total_uptime_duration": 452.06170892715454,
            "total_loading_state_duration": 0.20636987686157227,
            "total_deploy_duration": 391.5265839099884,
            "total_update_duration": 60.20675730705261,
            "total_saving_state_duration": 0.07494521141052246,
            "total_sleeping_time": 1542.3555195331573,
            "finished_reconf": true
        },
        "dep4": {
            "total_uptime_duration": 421.936377286911,
            "total_loading_state_duration": 0.18696022033691406,
            "total_deploy_duration": 391.5631377696991,
            "total_update_duration": 30.06571078300476,
            "total_saving_state_duration": 0.07827186584472656,
            "total_sleeping_time": 1428.989786863327,
            "finished_reconf": true
        },
        "dep8": {
            "total_uptime_duration": 421.713828086853,
            "total_loading_state_duration": 0.1695261001586914,
            "total_deploy_duration": 361.3575801849365,
            "total_update_duration": 60.07201337814331,
            "total_saving_state_duration": 0.07369589805603027,
            "total_sleeping_time": 1422.958518743515,
            "finished_reconf": true
        },
        "dep3": {
            "total_uptime_duration": 452.0620584487915,
            "total_loading_state_duration": 0.2399592399597168,
            "total_deploy_duration": 361.50687861442566,
            "total_update_duration": 90.18648028373718,
            "total_saving_state_duration": 0.07893490791320801,
            "total_sleeping_time": 1472.947981595993,
            "finished_reconf": true
        },
        "server": {
            "total_uptime_duration": 438.9702935218811,
            "total_loading_state_duration": 0.15602636337280273,
            "total_deploy_duration": 378.5149929523468,
            "total_update_duration": 60.08036494255066,
            "total_saving_state_duration": 0.17569613456726074,
            "total_sleeping_time": 1411.660347700119,
            "finished_reconf": true
        },
        "dep1": {
            "total_uptime_duration": 452.01807832717896,
            "total_loading_state_duration": 0.20057892799377441,
            "total_deploy_duration": 361.54244017601013,
            "total_update_duration": 90.14851522445679,
            "total_saving_state_duration": 0.08168816566467285,
            "total_sleeping_time": 1474.471112728119,
            "finished_reconf": true
        },
        "dep10": {
            "total_uptime_duration": 451.9784734249115,
            "total_loading_state_duration": 0.304187536239624,
            "total_deploy_duration": 361.42892932891846,
            "total_update_duration": 90.09733200073242,
            "total_saving_state_duration": 0.08419156074523926,
            "total_sleeping_time": 1472.3065223693848,
            "finished_reconf": true
        },
        "dep11": {
            "total_uptime_duration": 421.80723214149475,
            "total_loading_state_duration": 0.2298727035522461,
            "total_deploy_duration": 361.36578011512756,
            "total_update_duration": 60.083043813705444,
            "total_saving_state_duration": 0.07900547981262207,
            "total_sleeping_time": 1445.183828830719,
            "finished_reconf": true
        },
        "dep2": {
            "total_uptime_duration": 421.8110947608948,
            "total_loading_state_duration": 0.16164016723632812,
            "total_deploy_duration": 391.45100569725037,
            "total_update_duration": 30.082268953323364,
            "total_saving_state_duration": 0.07635045051574707,
            "total_sleeping_time": 1444.7672157287598,
            "finished_reconf": true
        },
        "dep0": {
            "total_uptime_duration": 451.8351299762726,
            "total_loading_state_duration": 0.21584534645080566,
            "total_deploy_duration": 391.3909378051758,
            "total_update_duration": 60.09902095794678,
            "total_saving_state_duration": 0.08038640022277832,
            "total_sleeping_time": 1476.6912589073181,
            "finished_reconf": true
        }
    }
}