{
    "parameters": {
        "version_concerto_name": "concerto-decentralized",
        "transitions_times_file_name": "/home/anomond/parameters/transitions_times/transitions_times-1-30-deps12-1.json",
        "uptimes_file_name": "/home/anomond/parameters/uptimes/uptimes-60-30-12-0_5-0_6.json",
        "expe_num": 1,
        "cluster": "uvb"
    },
    "global_results": {
        "finished_reconf": true,
        "max_deploy_time": 151.01,
        "max_update_time": 79.5,
        "max_reconf_time": 230.51,
        "max_sleeping_time": 750.38,
        "max_execution_time": 961.58
    },
    "results": {
        "dep5": {
            "total_uptime_duration": 204.96201872825623,
            "total_loading_state_duration": 0.06377291679382324,
            "total_deploy_duration": 125.34428310394287,
            "total_update_duration": 79.50115895271301,
            "total_saving_state_duration": 0.03386831283569336,
            "total_sleeping_time": 614.4605898857117,
            "finished_reconf": true
        },
        "dep7": {
            "total_uptime_duration": 219.1726086139679,
            "total_loading_state_duration": 0.07706379890441895,
            "total_deploy_duration": 143.29815220832825,
            "total_update_duration": 75.737380027771,
            "total_saving_state_duration": 0.03827524185180664,
            "total_sleeping_time": 700.7410564422607,
            "finished_reconf": true
        },
        "dep6": {
            "total_uptime_duration": 184.7532241344452,
            "total_loading_state_duration": 0.0650167465209961,
            "total_deploy_duration": 128.33786749839783,
            "total_update_duration": 56.29641914367676,
            "total_saving_state_duration": 0.03484678268432617,
            "total_sleeping_time": 634.2258605957031,
            "finished_reconf": true
        },
        "dep9": {
            "total_uptime_duration": 188.59943461418152,
            "total_loading_state_duration": 0.06434249877929688,
            "total_deploy_duration": 135.25868344306946,
            "total_update_duration": 53.22440814971924,
            "total_saving_state_duration": 0.03258347511291504,
            "total_sleeping_time": 630.2887508869171,
            "finished_reconf": true
        },
        "dep4": {
            "total_uptime_duration": 181.28040266036987,
            "total_loading_state_duration": 0.0681614875793457,
            "total_deploy_duration": 129.8265562057495,
            "total_update_duration": 51.33190321922302,
            "total_saving_state_duration": 0.03469085693359375,
            "total_sleeping_time": 641.8637075424194,
            "finished_reconf": true
        },
        "dep8": {
            "total_uptime_duration": 211.20008969306946,
            "total_loading_state_duration": 0.07317471504211426,
            "total_deploy_duration": 147.6260631084442,
            "total_update_duration": 63.445778608322144,
            "total_saving_state_duration": 0.03586626052856445,
            "total_sleeping_time": 750.3780002593994,
            "finished_reconf": true
        },
        "dep3": {
            "total_uptime_duration": 181.06485605239868,
            "total_loading_state_duration": 0.06204414367675781,
            "total_deploy_duration": 120.91729688644409,
            "total_update_duration": 60.036773443222046,
            "total_saving_state_duration": 0.03188300132751465,
            "total_sleeping_time": 648.7378642559052,
            "finished_reconf": true
        },
        "server": {
            "total_uptime_duration": 196.88083791732788,
            "total_loading_state_duration": 0.07386994361877441,
            "total_deploy_duration": 125.93844294548035,
            "total_update_duration": 70.76627254486084,
            "total_saving_state_duration": 0.08032965660095215,
            "total_sleeping_time": 621.4092924594879,
            "finished_reconf": true
        },
        "dep1": {
            "total_uptime_duration": 190.2513086795807,
            "total_loading_state_duration": 0.0674288272857666,
            "total_deploy_duration": 151.0076744556427,
            "total_update_duration": 39.12418484687805,
            "total_saving_state_duration": 0.03243684768676758,
            "total_sleeping_time": 628.7715919017792,
            "finished_reconf": true
        },
        "dep10": {
            "total_uptime_duration": 183.43562412261963,
            "total_loading_state_duration": 0.0657033920288086,
            "total_deploy_duration": 120.96676015853882,
            "total_update_duration": 62.34844183921814,
            "total_saving_state_duration": 0.03397393226623535,
            "total_sleeping_time": 635.316686630249,
            "finished_reconf": true
        },
        "dep11": {
            "total_uptime_duration": 181.18454098701477,
            "total_loading_state_duration": 0.06285285949707031,
            "total_deploy_duration": 127.73817896842957,
            "total_update_duration": 53.32994818687439,
            "total_saving_state_duration": 0.03488659858703613,
            "total_sleeping_time": 648.7659950256348,
            "finished_reconf": true
        },
        "dep2": {
            "total_uptime_duration": 183.30066108703613,
            "total_loading_state_duration": 0.0624539852142334,
            "total_deploy_duration": 132.40933418273926,
            "total_update_duration": 50.778252363204956,
            "total_saving_state_duration": 0.033743858337402344,
            "total_sleeping_time": 636.7339329719543,
            "finished_reconf": true
        },
        "dep0": {
            "total_uptime_duration": 203.42201447486877,
            "total_loading_state_duration": 0.0636298656463623,
            "total_deploy_duration": 131.00096559524536,
            "total_update_duration": 72.30505394935608,
            "total_saving_state_duration": 0.033928632736206055,
            "total_sleeping_time": 615.6123781204224,
            "finished_reconf": true
        }
    }
}