{
    "parameters": {
        "version_concerto_name": "concerto-decentralized-synchrone",
        "transitions_times_file_name": "/home/anomond/parameters/transitions_times/transitions_times-1-30-deps12-1.json",
        "uptimes_file_name": "/home/anomond/parameters/uptimes/uptimes-60-30-12-1-1-1.json",
        "expe_num": 1,
        "cluster": "uvb"
    },
    "global_results": {
        "finished_reconf": true,
        "max_deploy_time": 29.45,
        "max_update_time": 48.95,
        "max_reconf_time": 78.4,
        "max_sleeping_time": 65.08,
        "max_execution_time": 125.82
    },
    "results": {
        "dep10": {
            "total_uptime_duration": 61.025798082351685,
            "total_loading_state_duration": 0.01757073402404785,
            "total_deploy_duration": 28.23761510848999,
            "total_update_duration": 32.71150469779968,
            "total_saving_state_duration": 0.009460687637329102,
            "total_sleeping_time": 62.87636065483093,
            "finished_reconf": true
        },
        "dep11": {
            "total_uptime_duration": 60.94993042945862,
            "total_loading_state_duration": 0.022576093673706055,
            "total_deploy_duration": 27.970870971679688,
            "total_update_duration": 32.89300346374512,
            "total_saving_state_duration": 0.010334491729736328,
            "total_sleeping_time": 62.468658447265625,
            "finished_reconf": true
        },
        "dep6": {
            "total_uptime_duration": 64.2245237827301,
            "total_loading_state_duration": 0.020868301391601562,
            "total_deploy_duration": 28.679267644882202,
            "total_update_duration": 35.46355080604553,
            "total_saving_state_duration": 0.011058568954467773,
            "total_sleeping_time": 60.301682233810425,
            "finished_reconf": true
        },
        "dep1": {
            "total_uptime_duration": 61.14443349838257,
            "total_loading_state_duration": 0.019393444061279297,
            "total_deploy_duration": 28.429612636566162,
            "total_update_duration": 32.639047384262085,
            "total_saving_state_duration": 0.009906768798828125,
            "total_sleeping_time": 63.32523250579834,
            "finished_reconf": true
        },
        "dep5": {
            "total_uptime_duration": 61.15332794189453,
            "total_loading_state_duration": 0.020186185836791992,
            "total_deploy_duration": 28.452372789382935,
            "total_update_duration": 32.62323784828186,
            "total_saving_state_duration": 0.010147333145141602,
            "total_sleeping_time": 64.0962290763855,
            "finished_reconf": true
        },
        "dep3": {
            "total_uptime_duration": 61.678844928741455,
            "total_loading_state_duration": 0.02086162567138672,
            "total_deploy_duration": 28.692142963409424,
            "total_update_duration": 32.908554553985596,
            "total_saving_state_duration": 0.009850025177001953,
            "total_sleeping_time": 63.9377384185791,
            "finished_reconf": true
        },
        "dep2": {
            "total_uptime_duration": 60.74101519584656,
            "total_loading_state_duration": 0.019313335418701172,
            "total_deploy_duration": 28.96855616569519,
            "total_update_duration": 31.69809079170227,
            "total_saving_state_duration": 0.009296178817749023,
            "total_sleeping_time": 65.07861733436584,
            "finished_reconf": true
        },
        "dep8": {
            "total_uptime_duration": 60.897301197052,
            "total_loading_state_duration": 0.0216677188873291,
            "total_deploy_duration": 27.760297298431396,
            "total_update_duration": 33.05800223350525,
            "total_saving_state_duration": 0.010045528411865234,
            "total_sleeping_time": 62.53731727600098,
            "finished_reconf": true
        },
        "dep9": {
            "total_uptime_duration": 61.50365614891052,
            "total_loading_state_duration": 0.020585060119628906,
            "total_deploy_duration": 28.635489463806152,
            "total_update_duration": 32.79184818267822,
            "total_saving_state_duration": 0.00901651382446289,
            "total_sleeping_time": 63.617414236068726,
            "finished_reconf": true
        },
        "dep4": {
            "total_uptime_duration": 61.21197819709778,
            "total_loading_state_duration": 0.019653797149658203,
            "total_deploy_duration": 28.887298107147217,
            "total_update_duration": 32.24813628196716,
            "total_saving_state_duration": 0.00966501235961914,
            "total_sleeping_time": 63.88133454322815,
            "finished_reconf": true
        },
        "dep0": {
            "total_uptime_duration": 61.702863454818726,
            "total_loading_state_duration": 0.020632266998291016,
            "total_deploy_duration": 28.057202339172363,
            "total_update_duration": 33.56754803657532,
            "total_saving_state_duration": 0.010403633117675781,
            "total_sleeping_time": 63.65644288063049,
            "finished_reconf": true
        },
        "dep7": {
            "total_uptime_duration": 60.68337655067444,
            "total_loading_state_duration": 0.021135568618774414,
            "total_deploy_duration": 28.199329376220703,
            "total_update_duration": 32.40196228027344,
            "total_saving_state_duration": 0.010256290435791016,
            "total_sleeping_time": 63.02808356285095,
            "finished_reconf": true
        },
        "server": {
            "total_uptime_duration": 78.50295233726501,
            "total_loading_state_duration": 0.02528238296508789,
            "total_deploy_duration": 29.449060916900635,
            "total_update_duration": 48.94717836380005,
            "total_saving_state_duration": 0.03152346611022949,
            "total_sleeping_time": 46.9313108921051,
            "finished_reconf": true
        }
    }
}