{
    "parameters": {
        "version_concerto_name": "concerto-decentralized-synchrone",
        "transitions_times_file_name": "/home/anomond/parameters/transitions_times/transitions_times-1-30-deps12-1.json",
        "uptimes_file_name": "/home/anomond/parameters/uptimes/uptimes-60-30-12-0_02-0_05.json",
        "expe_num": 1,
        "cluster": "uvb"
    },
    "global_results": {
        "finished_reconf": false,
        "max_deploy_time": 1818.61,
        "max_update_time": 0,
        "max_reconf_time": 1818.61,
        "max_sleeping_time": 5844.23,
        "max_execution_time": 7649.06
    },
    "results": {
        "dep10": {
            "total_uptime_duration": 1804.0161352157593,
            "total_loading_state_duration": 0.5662398338317871,
            "total_deploy_duration": 1802.0953800678253,
            "total_update_duration": 0,
            "total_saving_state_duration": 0.32111477851867676,
            "total_sleeping_time": 5772.976989030838
        },
        "dep11": {
            "total_uptime_duration": 1804.0129959583282,
            "total_loading_state_duration": 0.5785369873046875,
            "total_deploy_duration": 1802.061396598816,
            "total_update_duration": 0,
            "total_saving_state_duration": 0.3243074417114258,
            "total_sleeping_time": 5772.292185306549
        },
        "dep6": {
            "total_uptime_duration": 1804.3756399154663,
            "total_loading_state_duration": 0.5961906909942627,
            "total_deploy_duration": 1802.3782205581665,
            "total_update_duration": 0,
            "total_saving_state_duration": 0.34059739112854004,
            "total_sleeping_time": 5775.241622209549
        },
        "dep1": {
            "total_uptime_duration": 1805.3823382854462,
            "total_loading_state_duration": 0.5830872058868408,
            "total_deploy_duration": 1803.4469106197357,
            "total_update_duration": 0,
            "total_saving_state_duration": 0.3200407028198242,
            "total_sleeping_time": 5843.673427820206
        },
        "dep5": {
            "total_uptime_duration": 1804.88809633255,
            "total_loading_state_duration": 0.5818827152252197,
            "total_deploy_duration": 1802.9262344837189,
            "total_update_duration": 0,
            "total_saving_state_duration": 0.33548831939697266,
            "total_sleeping_time": 5768.920664548874
        },
        "dep3": {
            "total_uptime_duration": 1804.7161929607391,
            "total_loading_state_duration": 0.5806703567504883,
            "total_deploy_duration": 1802.7478830814362,
            "total_update_duration": 0,
            "total_saving_state_duration": 0.3349637985229492,
            "total_sleeping_time": 5773.826951742172
        },
        "dep2": {
            "total_uptime_duration": 1808.5186171531677,
            "total_loading_state_duration": 0.5779163837432861,
            "total_deploy_duration": 1806.5710530281067,
            "total_update_duration": 0,
            "total_saving_state_duration": 0.3254048824310303,
            "total_sleeping_time": 5771.081993818283
        },
        "dep8": {
            "total_uptime_duration": 1803.9431772232056,
            "total_loading_state_duration": 0.6021246910095215,
            "total_deploy_duration": 1802.0125181674957,
            "total_update_duration": 0,
            "total_saving_state_duration": 0.3048281669616699,
            "total_sleeping_time": 5772.40505695343
        },
        "dep9": {
            "total_uptime_duration": 1803.8209292888641,
            "total_loading_state_duration": 0.5796351432800293,
            "total_deploy_duration": 1801.8995461463928,
            "total_update_duration": 0,
            "total_saving_state_duration": 0.31530237197875977,
            "total_sleeping_time": 5772.951152563095
        },
        "dep4": {
            "total_uptime_duration": 1804.6920285224915,
            "total_loading_state_duration": 0.5854141712188721,
            "total_deploy_duration": 1802.7565817832947,
            "total_update_duration": 0,
            "total_saving_state_duration": 0.31931447982788086,
            "total_sleeping_time": 5844.23097038269
        },
        "dep0": {
            "total_uptime_duration": 1820.6672058105469,
            "total_loading_state_duration": 0.6031041145324707,
            "total_deploy_duration": 1818.6071918010712,
            "total_update_duration": 0,
            "total_saving_state_duration": 0.4151909351348877,
            "total_sleeping_time": 5825.179543733597
        },
        "dep7": {
            "total_uptime_duration": 1804.5729520320892,
            "total_loading_state_duration": 0.5901424884796143,
            "total_deploy_duration": 1802.6107709407806,
            "total_update_duration": 0,
            "total_saving_state_duration": 0.33327531814575195,
            "total_sleeping_time": 5769.018659114838
        },
        "server": {
            "total_uptime_duration": 1805.848234653473,
            "total_loading_state_duration": 0.6311922073364258,
            "total_deploy_duration": 1803.4620883464813,
            "total_update_duration": 0,
            "total_saving_state_duration": 0.7262425422668457,
            "total_sleeping_time": 5838.7043244838715
        }
    }
}