{
    "parameters": {
        "version_concerto_name": "concerto-decentralized-synchrone",
        "transitions_times_file_name": "/home/anomond/parameters/transitions_times/transitions_times-1-30-deps12-0.json",
        "uptimes_file_name": "/home/anomond/parameters/uptimes/uptimes-60-30-12-1-1-1.json",
        "expe_num": 1,
        "cluster": "uvb"
    },
    "global_results": {
        "finished_reconf": true,
        "max_deploy_time": 36.0,
        "max_update_time": 23.58,
        "max_reconf_time": 59.58,
        "max_sleeping_time": 31.47,
        "max_execution_time": 86.64
    },
    "results": {
        "dep8": {
            "total_uptime_duration": 55.16622853279114,
            "total_loading_state_duration": 0.012395143508911133,
            "total_deploy_duration": 31.778928756713867,
            "total_update_duration": 23.3313250541687,
            "total_saving_state_duration": 0.005556344985961914,
            "total_sleeping_time": 31.47302222251892,
            "finished_reconf": true
        },
        "dep5": {
            "total_uptime_duration": 55.19358253479004,
            "total_loading_state_duration": 0.013925552368164062,
            "total_deploy_duration": 31.861079692840576,
            "total_update_duration": 23.265122890472412,
            "total_saving_state_duration": 0.008230447769165039,
            "total_sleeping_time": 31.14946484565735,
            "finished_reconf": true
        },
        "dep4": {
            "total_uptime_duration": 54.930415868759155,
            "total_loading_state_duration": 0.012852668762207031,
            "total_deploy_duration": 31.455227613449097,
            "total_update_duration": 23.418683290481567,
            "total_saving_state_duration": 0.0068171024322509766,
            "total_sleeping_time": 31.049399375915527,
            "finished_reconf": true
        },
        "dep3": {
            "total_uptime_duration": 54.59821796417236,
            "total_loading_state_duration": 0.010178804397583008,
            "total_deploy_duration": 31.127379417419434,
            "total_update_duration": 23.42024040222168,
            "total_saving_state_duration": 0.0056858062744140625,
            "total_sleeping_time": 30.97951340675354,
            "finished_reconf": true
        },
        "dep0": {
            "total_uptime_duration": 54.86861228942871,
            "total_loading_state_duration": 0.01357269287109375,
            "total_deploy_duration": 31.375596523284912,
            "total_update_duration": 23.432868480682373,
            "total_saving_state_duration": 0.006518125534057617,
            "total_sleeping_time": 30.8324191570282,
            "finished_reconf": true
        },
        "dep2": {
            "total_uptime_duration": 55.41224122047424,
            "total_loading_state_duration": 0.01129150390625,
            "total_deploy_duration": 32.089964866638184,
            "total_update_duration": 23.27239727973938,
            "total_saving_state_duration": 0.0053708553314208984,
            "total_sleeping_time": 30.936498403549194,
            "finished_reconf": true
        },
        "dep1": {
            "total_uptime_duration": 54.69194769859314,
            "total_loading_state_duration": 0.01249241828918457,
            "total_deploy_duration": 31.233287572860718,
            "total_update_duration": 23.402326822280884,
            "total_saving_state_duration": 0.005735874176025391,
            "total_sleeping_time": 30.824663400650024,
            "finished_reconf": true
        },
        "dep7": {
            "total_uptime_duration": 54.8274142742157,
            "total_loading_state_duration": 0.011634349822998047,
            "total_deploy_duration": 31.529425621032715,
            "total_update_duration": 23.244324445724487,
            "total_saving_state_duration": 0.006680965423583984,
            "total_sleeping_time": 30.806976556777954,
            "finished_reconf": true
        },
        "dep11": {
            "total_uptime_duration": 54.8152801990509,
            "total_loading_state_duration": 0.012694120407104492,
            "total_deploy_duration": 31.283052682876587,
            "total_update_duration": 23.47940182685852,
            "total_saving_state_duration": 0.006057262420654297,
            "total_sleeping_time": 30.780553817749023,
            "finished_reconf": true
        },
        "dep6": {
            "total_uptime_duration": 55.088971853256226,
            "total_loading_state_duration": 0.011413335800170898,
            "total_deploy_duration": 31.641125679016113,
            "total_update_duration": 23.39573049545288,
            "total_saving_state_duration": 0.006203413009643555,
            "total_sleeping_time": 30.616307735443115,
            "finished_reconf": true
        },
        "dep10": {
            "total_uptime_duration": 54.870769739151,
            "total_loading_state_duration": 0.012707233428955078,
            "total_deploy_duration": 31.23411464691162,
            "total_update_duration": 23.580596446990967,
            "total_saving_state_duration": 0.006436347961425781,
            "total_sleeping_time": 30.650415658950806,
            "finished_reconf": true
        },
        "dep9": {
            "total_uptime_duration": 54.62326717376709,
            "total_loading_state_duration": 0.012415885925292969,
            "total_deploy_duration": 31.208046436309814,
            "total_update_duration": 23.361702919006348,
            "total_saving_state_duration": 0.006276369094848633,
            "total_sleeping_time": 30.784007787704468,
            "finished_reconf": true
        },
        "server": {
            "total_uptime_duration": 59.55550813674927,
            "total_loading_state_duration": 0.013710498809814453,
            "total_deploy_duration": 35.995991230010986,
            "total_update_duration": 23.49352192878723,
            "total_saving_state_duration": 0.01521921157836914,
            "total_sleeping_time": 26.971268892288208,
            "finished_reconf": true
        }
    }
}