{
    "parameters": {
        "version_concerto_name": "concerto-decentralized-synchrone",
        "transitions_times_file_name": "/home/anomond/parameters/transitions_times/transitions_times-1-30-deps12-1.json",
        "uptimes_file_name": "/home/anomond/parameters/uptimes/uptimes-60-30-12-0_2-0_3.json",
        "expe_num": 1,
        "cluster": "uvb"
    },
    "global_results": {
        "finished_reconf": false,
        "max_deploy_time": 1692.07,
        "max_update_time": 541.76,
        "max_reconf_time": 2233.84,
        "max_sleeping_time": 5865.93,
        "max_execution_time": 7671.06
    },
    "results": {
        "dep8": {
            "total_uptime_duration": 1806.1043119430542,
            "total_loading_state_duration": 0.5849299430847168,
            "total_deploy_duration": 1262.4062716960907,
            "total_update_duration": 541.7623429298401,
            "total_saving_state_duration": 0.31690478324890137,
            "total_sleeping_time": 5791.593391895294
        },
        "dep5": {
            "total_uptime_duration": 1804.7971818447113,
            "total_loading_state_duration": 0.6069579124450684,
            "total_deploy_duration": 1261.9031269550323,
            "total_update_duration": 540.9172081947327,
            "total_saving_state_duration": 0.3224833011627197,
            "total_sleeping_time": 5857.409130811691
        },
        "dep4": {
            "total_uptime_duration": 1805.1270787715912,
            "total_loading_state_duration": 0.5967230796813965,
            "total_deploy_duration": 1322.3179140090942,
            "total_update_duration": 480.80716609954834,
            "total_saving_state_duration": 0.33545827865600586,
            "total_sleeping_time": 5864.800994634628
        },
        "dep3": {
            "total_uptime_duration": 1810.1026618480682,
            "total_loading_state_duration": 0.5775368213653564,
            "total_deploy_duration": 1298.912507534027,
            "total_update_duration": 509.25718808174133,
            "total_saving_state_duration": 0.3218245506286621,
            "total_sleeping_time": 5860.051034450531
        },
        "dep0": {
            "total_uptime_duration": 1817.036255121231,
            "total_loading_state_duration": 0.588813304901123,
            "total_deploy_duration": 1322.2425298690796,
            "total_update_duration": 492.86972403526306,
            "total_saving_state_duration": 0.30881810188293457,
            "total_sleeping_time": 5783.538958787918
        },
        "dep2": {
            "total_uptime_duration": 1804.9344599246979,
            "total_loading_state_duration": 0.5607321262359619,
            "total_deploy_duration": 1274.4015100002289,
            "total_update_duration": 528.6276021003723,
            "total_saving_state_duration": 0.3289494514465332,
            "total_sleeping_time": 5853.5435037612915
        },
        "dep1": {
            "total_uptime_duration": 1805.1265649795532,
            "total_loading_state_duration": 0.5989823341369629,
            "total_deploy_duration": 1292.124596118927,
            "total_update_duration": 511.0316514968872,
            "total_saving_state_duration": 0.3253793716430664,
            "total_sleeping_time": 5865.933542966843
        },
        "dep7": {
            "total_uptime_duration": 1805.5288486480713,
            "total_loading_state_duration": 0.6046633720397949,
            "total_deploy_duration": 1312.254370689392,
            "total_update_duration": 491.27304458618164,
            "total_saving_state_duration": 0.33956003189086914,
            "total_sleeping_time": 5852.299561262131
        },
        "dep11": {
            "total_uptime_duration": 1805.2805078029633,
            "total_loading_state_duration": 0.5598714351654053,
            "total_deploy_duration": 1271.6032257080078,
            "total_update_duration": 531.7707357406616,
            "total_saving_state_duration": 0.3272840976715088,
            "total_sleeping_time": 5793.967391014099
        },
        "dep6": {
            "total_uptime_duration": 1805.4353890419006,
            "total_loading_state_duration": 0.5812273025512695,
            "total_deploy_duration": 1316.7856059074402,
            "total_update_duration": 486.72428250312805,
            "total_saving_state_duration": 0.3175649642944336,
            "total_sleeping_time": 5824.042293310165
        },
        "dep10": {
            "total_uptime_duration": 1805.3062953948975,
            "total_loading_state_duration": 0.5897116661071777,
            "total_deploy_duration": 1262.4093987941742,
            "total_update_duration": 540.9159371852875,
            "total_saving_state_duration": 0.34398579597473145,
            "total_sleeping_time": 5864.718019723892
        },
        "dep9": {
            "total_uptime_duration": 1812.5724422931671,
            "total_loading_state_duration": 0.6009597778320312,
            "total_deploy_duration": 1299.7336461544037,
            "total_update_duration": 510.8735592365265,
            "total_saving_state_duration": 0.3194601535797119,
            "total_sleeping_time": 5821.458136320114
        },
        "server": {
            "total_uptime_duration": 1814.8437566757202,
            "total_loading_state_duration": 0.6532187461853027,
            "total_deploy_duration": 1692.0727562904358,
            "total_update_duration": 120.24018907546997,
            "total_saving_state_duration": 0.8190324306488037,
            "total_sleeping_time": 5831.274472475052
        }
    }
}