{
    "parameters": {
        "version_concerto_name": "concerto-decentralized-synchrone",
        "transitions_times_file_name": "/home/anomond/parameters/transitions_times/transitions_times-1-30-deps12-0.json",
        "uptimes_file_name": "/home/anomond/parameters/uptimes/uptimes-60-30-12-0_02-0_05.json",
        "expe_num": 1,
        "cluster": "uvb"
    },
    "global_results": {
        "finished_reconf": false,
        "max_deploy_time": 1811.08,
        "max_update_time": 0,
        "max_reconf_time": 1811.08,
        "max_sleeping_time": 5848.99,
        "max_execution_time": 7655.71
    },
    "results": {
        "dep8": {
            "total_uptime_duration": 1804.217007637024,
            "total_loading_state_duration": 0.5842664241790771,
            "total_deploy_duration": 1802.3045446872711,
            "total_update_duration": 0,
            "total_saving_state_duration": 0.2959005832672119,
            "total_sleeping_time": 5778.951590299606
        },
        "dep5": {
            "total_uptime_duration": 1804.5976693630219,
            "total_loading_state_duration": 0.5815818309783936,
            "total_deploy_duration": 1802.6679120063782,
            "total_update_duration": 0,
            "total_saving_state_duration": 0.31840968132019043,
            "total_sleeping_time": 5777.41662478447
        },
        "dep4": {
            "total_uptime_duration": 1813.0375535488129,
            "total_loading_state_duration": 0.5880749225616455,
            "total_deploy_duration": 1811.0822486877441,
            "total_update_duration": 0,
            "total_saving_state_duration": 0.321366548538208,
            "total_sleeping_time": 5842.667524576187
        },
        "dep3": {
            "total_uptime_duration": 1804.5442519187927,
            "total_loading_state_duration": 0.5840809345245361,
            "total_deploy_duration": 1802.6332938671112,
            "total_update_duration": 0,
            "total_saving_state_duration": 0.29915356636047363,
            "total_sleeping_time": 5778.423628091812
        },
        "dep0": {
            "total_uptime_duration": 1804.978458404541,
            "total_loading_state_duration": 0.5893709659576416,
            "total_deploy_duration": 1803.0312275886536,
            "total_update_duration": 0,
            "total_saving_state_duration": 0.32299351692199707,
            "total_sleeping_time": 5847.734803438187
        },
        "dep2": {
            "total_uptime_duration": 1805.2497878074646,
            "total_loading_state_duration": 0.5453596115112305,
            "total_deploy_duration": 1803.398035287857,
            "total_update_duration": 0,
            "total_saving_state_duration": 0.311903715133667,
            "total_sleeping_time": 5782.702491283417
        },
        "dep1": {
            "total_uptime_duration": 1804.919813632965,
            "total_loading_state_duration": 0.6023428440093994,
            "total_deploy_duration": 1802.9612219333649,
            "total_update_duration": 0,
            "total_saving_state_duration": 0.32278990745544434,
            "total_sleeping_time": 5848.985275268555
        },
        "dep7": {
            "total_uptime_duration": 1804.5951941013336,
            "total_loading_state_duration": 0.5985488891601562,
            "total_deploy_duration": 1802.6308217048645,
            "total_update_duration": 0,
            "total_saving_state_duration": 0.32129549980163574,
            "total_sleeping_time": 5781.339403867722
        },
        "dep11": {
            "total_uptime_duration": 1804.1808383464813,
            "total_loading_state_duration": 0.561812162399292,
            "total_deploy_duration": 1802.2801659107208,
            "total_update_duration": 0,
            "total_saving_state_duration": 0.31719422340393066,
            "total_sleeping_time": 5777.816128492355
        },
        "dep6": {
            "total_uptime_duration": 1804.4336733818054,
            "total_loading_state_duration": 0.5883734226226807,
            "total_deploy_duration": 1802.5044114589691,
            "total_update_duration": 0,
            "total_saving_state_duration": 0.31440186500549316,
            "total_sleeping_time": 5780.195312738419
        },
        "dep10": {
            "total_uptime_duration": 1804.1992206573486,
            "total_loading_state_duration": 0.5877938270568848,
            "total_deploy_duration": 1802.2447130680084,
            "total_update_duration": 0,
            "total_saving_state_duration": 0.32567310333251953,
            "total_sleeping_time": 5777.915731906891
        },
        "dep9": {
            "total_uptime_duration": 1803.7580780982971,
            "total_loading_state_duration": 0.6041631698608398,
            "total_deploy_duration": 1801.7875213623047,
            "total_update_duration": 0,
            "total_saving_state_duration": 0.3196287155151367,
            "total_sleeping_time": 5777.92257475853
        },
        "server": {
            "total_uptime_duration": 1805.8947179317474,
            "total_loading_state_duration": 0.6349709033966064,
            "total_deploy_duration": 1803.5082111358643,
            "total_update_duration": 0,
            "total_saving_state_duration": 0.7271914482116699,
            "total_sleeping_time": 5841.993790626526
        }
    }
}