{
    "parameters": {
        "version_concerto_name": "concerto-decentralized-synchrone",
        "transitions_times_file_name": "/home/anomond/parameters/transitions_times/transitions_times-1-30-deps12-0.json",
        "uptimes_file_name": "/home/anomond/parameters/uptimes/uptimes-60-30-12-1-1-1.json",
        "expe_num": 1,
        "cluster": "uvb"
    },
    "global_results": {
        "finished_reconf": true,
        "max_deploy_time": 35.61,
        "max_update_time": 23.5,
        "max_reconf_time": 59.12,
        "max_sleeping_time": 32.59,
        "max_execution_time": 88.65
    },
    "results": {
        "dep2": {
            "total_uptime_duration": 55.76623320579529,
            "total_loading_state_duration": 0.011099576950073242,
            "total_deploy_duration": 32.3571400642395,
            "total_update_duration": 23.358030319213867,
            "total_saving_state_duration": 0.0056743621826171875,
            "total_sleeping_time": 31.720256805419922,
            "finished_reconf": true
        },
        "dep9": {
            "total_uptime_duration": 55.268200159072876,
            "total_loading_state_duration": 0.010875225067138672,
            "total_deploy_duration": 31.738089084625244,
            "total_update_duration": 23.481237411499023,
            "total_saving_state_duration": 0.005795955657958984,
            "total_sleeping_time": 31.604555130004883,
            "finished_reconf": true
        },
        "dep10": {
            "total_uptime_duration": 55.283620834350586,
            "total_loading_state_duration": 0.011714696884155273,
            "total_deploy_duration": 31.770439386367798,
            "total_update_duration": 23.46052312850952,
            "total_saving_state_duration": 0.00663447380065918,
            "total_sleeping_time": 31.62575340270996,
            "finished_reconf": true
        },
        "dep3": {
            "total_uptime_duration": 55.32775807380676,
            "total_loading_state_duration": 0.008289813995361328,
            "total_deploy_duration": 31.82460618019104,
            "total_update_duration": 23.45890712738037,
            "total_saving_state_duration": 0.0044519901275634766,
            "total_sleeping_time": 32.040099143981934,
            "finished_reconf": true
        },
        "dep0": {
            "total_uptime_duration": 56.07857847213745,
            "total_loading_state_duration": 0.01209878921508789,
            "total_deploy_duration": 32.544130086898804,
            "total_update_duration": 23.484262466430664,
            "total_saving_state_duration": 0.0049343109130859375,
            "total_sleeping_time": 32.57501554489136,
            "finished_reconf": true
        },
        "dep1": {
            "total_uptime_duration": 55.86497712135315,
            "total_loading_state_duration": 0.01187896728515625,
            "total_deploy_duration": 32.40728807449341,
            "total_update_duration": 23.407214879989624,
            "total_saving_state_duration": 0.004937887191772461,
            "total_sleeping_time": 32.59122109413147,
            "finished_reconf": true
        },
        "dep11": {
            "total_uptime_duration": 55.22476840019226,
            "total_loading_state_duration": 0.012177705764770508,
            "total_deploy_duration": 31.792347192764282,
            "total_update_duration": 23.380745887756348,
            "total_saving_state_duration": 0.006949424743652344,
            "total_sleeping_time": 31.548897743225098,
            "finished_reconf": true
        },
        "dep7": {
            "total_uptime_duration": 55.47623825073242,
            "total_loading_state_duration": 0.012050151824951172,
            "total_deploy_duration": 31.947391033172607,
            "total_update_duration": 23.477431297302246,
            "total_saving_state_duration": 0.005557537078857422,
            "total_sleeping_time": 32.215739727020264,
            "finished_reconf": true
        },
        "dep5": {
            "total_uptime_duration": 55.265177965164185,
            "total_loading_state_duration": 0.012743234634399414,
            "total_deploy_duration": 31.771432638168335,
            "total_update_duration": 23.440491199493408,
            "total_saving_state_duration": 0.006023406982421875,
            "total_sleeping_time": 31.60069489479065,
            "finished_reconf": true
        },
        "dep8": {
            "total_uptime_duration": 55.228556394577026,
            "total_loading_state_duration": 0.01119375228881836,
            "total_deploy_duration": 31.745563983917236,
            "total_update_duration": 23.434460163116455,
            "total_saving_state_duration": 0.005912303924560547,
            "total_sleeping_time": 31.571927785873413,
            "finished_reconf": true
        },
        "dep4": {
            "total_uptime_duration": 55.39311480522156,
            "total_loading_state_duration": 0.012256622314453125,
            "total_deploy_duration": 31.86533761024475,
            "total_update_duration": 23.476613998413086,
            "total_saving_state_duration": 0.005617856979370117,
            "total_sleeping_time": 32.23365521430969,
            "finished_reconf": true
        },
        "dep6": {
            "total_uptime_duration": 55.519071102142334,
            "total_loading_state_duration": 0.010101795196533203,
            "total_deploy_duration": 32.08484172821045,
            "total_update_duration": 23.383244276046753,
            "total_saving_state_duration": 0.0068531036376953125,
            "total_sleeping_time": 31.591939210891724,
            "finished_reconf": true
        },
        "server": {
            "total_uptime_duration": 59.18475031852722,
            "total_loading_state_duration": 0.014430522918701172,
            "total_deploy_duration": 35.61472153663635,
            "total_update_duration": 23.50229501724243,
            "total_saving_state_duration": 0.016345500946044922,
            "total_sleeping_time": 28.415024042129517,
            "finished_reconf": true
        }
    }
}