{
    "parameters": {
        "version_concerto_name": "concerto-decentralized",
        "transitions_times_file_name": "/home/anomond/parameters/transitions_times/transitions_times-1-30-deps12-1.json",
        "uptimes_file_name": "/home/anomond/parameters/uptimes/uptimes-60-30-12-0_2-0_3.json",
        "expe_num": 2,
        "cluster": "uvb"
    },
    "global_results": {
        "finished_reconf": true,
        "max_deploy_time": 35.89,
        "max_update_time": 26.6,
        "max_reconf_time": 62.49,
        "max_sleeping_time": 1977.32,
        "max_execution_time": 2003.16
    },
    "results": {
        "dep7": {
            "total_uptime_duration": 35.32165312767029,
            "total_loading_state_duration": 0.18384909629821777,
            "total_deploy_duration": 21.009830951690674,
            "total_update_duration": 14.018309593200684,
            "total_saving_state_duration": 0.0630335807800293,
            "total_sleeping_time": 1915.7434675693512,
            "finished_reconf": true
        },
        "dep9": {
            "total_uptime_duration": 53.58875632286072,
            "total_loading_state_duration": 0.18494558334350586,
            "total_deploy_duration": 35.88596987724304,
            "total_update_duration": 17.416419982910156,
            "total_saving_state_duration": 0.0583651065826416,
            "total_sleeping_time": 1819.9875664710999,
            "finished_reconf": true
        },
        "dep6": {
            "total_uptime_duration": 26.114184856414795,
            "total_loading_state_duration": 0.2017838954925537,
            "total_deploy_duration": 16.808232307434082,
            "total_update_duration": 8.998518466949463,
            "total_saving_state_duration": 0.05911064147949219,
            "total_sleeping_time": 1906.3042106628418,
            "finished_reconf": true
        },
        "dep5": {
            "total_uptime_duration": 32.30081391334534,
            "total_loading_state_duration": 0.15263915061950684,
            "total_deploy_duration": 22.95819854736328,
            "total_update_duration": 9.087453126907349,
            "total_saving_state_duration": 0.0609743595123291,
            "total_sleeping_time": 1833.0152294635773,
            "finished_reconf": true
        },
        "dep4": {
            "total_uptime_duration": 23.531839847564697,
            "total_loading_state_duration": 0.16657066345214844,
            "total_deploy_duration": 18.270854711532593,
            "total_update_duration": 4.9901933670043945,
            "total_saving_state_duration": 0.06322789192199707,
            "total_sleeping_time": 1948.599039554596,
            "finished_reconf": true
        },
        "dep8": {
            "total_uptime_duration": 22.063474655151367,
            "total_loading_state_duration": 0.19414877891540527,
            "total_deploy_duration": 14.297662019729614,
            "total_update_duration": 7.465473175048828,
            "total_saving_state_duration": 0.06180071830749512,
            "total_sleeping_time": 1837.5944473743439,
            "finished_reconf": true
        },
        "dep3": {
            "total_uptime_duration": 30.22897982597351,
            "total_loading_state_duration": 0.19524884223937988,
            "total_deploy_duration": 22.71379327774048,
            "total_update_duration": 7.214901685714722,
            "total_saving_state_duration": 0.06375432014465332,
            "total_sleeping_time": 1903.3356454372406,
            "finished_reconf": true
        },
        "server": {
            "total_uptime_duration": 55.73715853691101,
            "total_loading_state_duration": 0.15842747688293457,
            "total_deploy_duration": 28.75858426094055,
            "total_update_duration": 26.602985382080078,
            "total_saving_state_duration": 0.17356371879577637,
            "total_sleeping_time": 1796.6779379844666,
            "finished_reconf": true
        },
        "dep1": {
            "total_uptime_duration": 39.15655589103699,
            "total_loading_state_duration": 0.19411921501159668,
            "total_deploy_duration": 14.03868818283081,
            "total_update_duration": 24.81378960609436,
            "total_saving_state_duration": 0.06141209602355957,
            "total_sleeping_time": 1894.216309785843,
            "finished_reconf": true
        },
        "dep0": {
            "total_uptime_duration": 52.64691662788391,
            "total_loading_state_duration": 0.183807373046875,
            "total_deploy_duration": 32.844143867492676,
            "total_update_duration": 19.516726970672607,
            "total_saving_state_duration": 0.05884981155395508,
            "total_sleeping_time": 1802.3905396461487,
            "finished_reconf": true
        },
        "dep2": {
            "total_uptime_duration": 25.838510513305664,
            "total_loading_state_duration": 0.18953609466552734,
            "total_deploy_duration": 17.9389431476593,
            "total_update_duration": 7.602685451507568,
            "total_saving_state_duration": 0.06443572044372559,
            "total_sleeping_time": 1977.319734096527,
            "finished_reconf": true
        },
        "dep11": {
            "total_uptime_duration": 22.21561908721924,
            "total_loading_state_duration": 0.16588664054870605,
            "total_deploy_duration": 15.063776016235352,
            "total_update_duration": 6.88724160194397,
            "total_saving_state_duration": 0.058652400970458984,
            "total_sleeping_time": 1835.6083254814148,
            "finished_reconf": true
        },
        "dep10": {
            "total_uptime_duration": 24.93114447593689,
            "total_loading_state_duration": 0.2079792022705078,
            "total_deploy_duration": 15.55135440826416,
            "total_update_duration": 9.062654972076416,
            "total_saving_state_duration": 0.060572147369384766,
            "total_sleeping_time": 1932.0467855930328,
            "finished_reconf": true
        }
    }
}