{
    "parameters": {
        "version_concerto_name": "concerto-decentralized",
        "transitions_times_file_name": "/home/anomond/parameters/transitions_times/transitions_times-1-30-deps12-0.json",
        "uptimes_file_name": "/home/anomond/parameters/uptimes/uptimes-60-30-12-0_02-0_05.json",
        "expe_num": 2,
        "cluster": "uvb"
    },
    "global_results": {
        "finished_reconf": true,
        "max_deploy_time": 39.82,
        "max_update_time": 20.02,
        "max_reconf_time": 59.84,
        "max_sleeping_time": 2232.27,
        "max_execution_time": 2256.81
    },
    "results": {
        "dep7": {
            "total_uptime_duration": 48.54030895233154,
            "total_loading_state_duration": 0.27478814125061035,
            "total_deploy_duration": 28.111562252044678,
            "total_update_duration": 20.024413108825684,
            "total_saving_state_duration": 0.06925010681152344,
            "total_sleeping_time": 2137.586225748062,
            "finished_reconf": true
        },
        "dep9": {
            "total_uptime_duration": 25.32334065437317,
            "total_loading_state_duration": 0.2836177349090576,
            "total_deploy_duration": 19.464338779449463,
            "total_update_duration": 5.434211254119873,
            "total_saving_state_duration": 0.06938838958740234,
            "total_sleeping_time": 2102.3060672283173,
            "finished_reconf": true
        },
        "dep6": {
            "total_uptime_duration": 22.35966467857361,
            "total_loading_state_duration": 0.25005578994750977,
            "total_deploy_duration": 16.2017343044281,
            "total_update_duration": 5.780314922332764,
            "total_saving_state_duration": 0.07245111465454102,
            "total_sleeping_time": 2162.1402444839478,
            "finished_reconf": true
        },
        "dep5": {
            "total_uptime_duration": 25.638380765914917,
            "total_loading_state_duration": 0.2383875846862793,
            "total_deploy_duration": 15.497855186462402,
            "total_update_duration": 9.770964622497559,
            "total_saving_state_duration": 0.07304072380065918,
            "total_sleeping_time": 2231.1715984344482,
            "finished_reconf": true
        },
        "dep4": {
            "total_uptime_duration": 40.95189881324768,
            "total_loading_state_duration": 0.21431970596313477,
            "total_deploy_duration": 30.213607788085938,
            "total_update_duration": 10.402576446533203,
            "total_saving_state_duration": 0.06917238235473633,
            "total_sleeping_time": 2085.986933708191,
            "finished_reconf": true
        },
        "dep8": {
            "total_uptime_duration": 28.47053837776184,
            "total_loading_state_duration": 0.22677040100097656,
            "total_deploy_duration": 23.728134393692017,
            "total_update_duration": 4.392452001571655,
            "total_saving_state_duration": 0.07243752479553223,
            "total_sleeping_time": 2220.5326812267303,
            "finished_reconf": true
        },
        "dep3": {
            "total_uptime_duration": 22.458929777145386,
            "total_loading_state_duration": 0.2948765754699707,
            "total_deploy_duration": 17.744999885559082,
            "total_update_duration": 4.2861409187316895,
            "total_saving_state_duration": 0.06861662864685059,
            "total_sleeping_time": 2102.8870038986206,
            "finished_reconf": true
        },
        "server": {
            "total_uptime_duration": 57.150394678115845,
            "total_loading_state_duration": 0.18002557754516602,
            "total_deploy_duration": 39.8171911239624,
            "total_update_duration": 16.9084951877594,
            "total_saving_state_duration": 0.1950514316558838,
            "total_sleeping_time": 2044.1736085414886,
            "finished_reconf": true
        },
        "dep1": {
            "total_uptime_duration": 44.19995307922363,
            "total_loading_state_duration": 0.21139788627624512,
            "total_deploy_duration": 32.077064990997314,
            "total_update_duration": 11.798343896865845,
            "total_saving_state_duration": 0.06815195083618164,
            "total_sleeping_time": 2060.8121359348297,
            "finished_reconf": true
        },
        "dep0": {
            "total_uptime_duration": 23.994483709335327,
            "total_loading_state_duration": 0.23400568962097168,
            "total_deploy_duration": 16.557081937789917,
            "total_update_duration": 7.076385498046875,
            "total_saving_state_duration": 0.07290077209472656,
            "total_sleeping_time": 2232.2724282741547,
            "finished_reconf": true
        },
        "dep2": {
            "total_uptime_duration": 31.662718534469604,
            "total_loading_state_duration": 0.21886348724365234,
            "total_deploy_duration": 16.7149817943573,
            "total_update_duration": 14.611716985702515,
            "total_saving_state_duration": 0.06891226768493652,
            "total_sleeping_time": 2095.1673181056976,
            "finished_reconf": true
        },
        "dep11": {
            "total_uptime_duration": 35.425180196762085,
            "total_loading_state_duration": 0.27222585678100586,
            "total_deploy_duration": 19.212443590164185,
            "total_update_duration": 15.817080974578857,
            "total_saving_state_duration": 0.0648658275604248,
            "total_sleeping_time": 2092.108597278595,
            "finished_reconf": true
        },
        "dep10": {
            "total_uptime_duration": 29.621405363082886,
            "total_loading_state_duration": 0.28678059577941895,
            "total_deploy_duration": 23.25430965423584,
            "total_update_duration": 5.9384684562683105,
            "total_saving_state_duration": 0.07425999641418457,
            "total_sleeping_time": 2152.965886592865,
            "finished_reconf": true
        }
    }
}