{
    "parameters": {
        "version_concerto_name": "concerto-decentralized",
        "transitions_times_file_name": "/home/anomond/parameters/transitions_times/transitions_times-1-30-deps12-1.json",
        "uptimes_file_name": "/home/anomond/parameters/uptimes/uptimes-60-30-12-0_5-0_6.json",
        "expe_num": 2,
        "cluster": "uvb"
    },
    "global_results": {
        "finished_reconf": true,
        "max_deploy_time": 40.4,
        "max_update_time": 26.6,
        "max_reconf_time": 67.0,
        "max_sleeping_time": 2614.81,
        "max_execution_time": 2641.39
    },
    "results": {
        "dep7": {
            "total_uptime_duration": 39.080615520477295,
            "total_loading_state_duration": 0.21237707138061523,
            "total_deploy_duration": 24.72773241996765,
            "total_update_duration": 14.008314371109009,
            "total_saving_state_duration": 0.07983541488647461,
            "total_sleeping_time": 2550.7780289649963,
            "finished_reconf": true
        },
        "dep9": {
            "total_uptime_duration": 58.216352701187134,
            "total_loading_state_duration": 0.2144932746887207,
            "total_deploy_duration": 40.39783310890198,
            "total_update_duration": 17.47168207168579,
            "total_saving_state_duration": 0.07964611053466797,
            "total_sleeping_time": 2548.2608799934387,
            "finished_reconf": true
        },
        "dep6": {
            "total_uptime_duration": 29.942272186279297,
            "total_loading_state_duration": 0.20408940315246582,
            "total_deploy_duration": 21.364625692367554,
            "total_update_duration": 8.243752241134644,
            "total_saving_state_duration": 0.07898330688476562,
            "total_sleeping_time": 2572.603615760803,
            "finished_reconf": true
        },
        "dep5": {
            "total_uptime_duration": 36.91616725921631,
            "total_loading_state_duration": 0.21167945861816406,
            "total_deploy_duration": 26.71830725669861,
            "total_update_duration": 9.853200912475586,
            "total_saving_state_duration": 0.07958006858825684,
            "total_sleeping_time": 2602.2635519504547,
            "finished_reconf": true
        },
        "dep4": {
            "total_uptime_duration": 26.628816604614258,
            "total_loading_state_duration": 0.2092437744140625,
            "total_deploy_duration": 21.253310918807983,
            "total_update_duration": 5.031960964202881,
            "total_saving_state_duration": 0.08294987678527832,
            "total_sleeping_time": 2483.0021488666534,
            "finished_reconf": true
        },
        "dep8": {
            "total_uptime_duration": 26.581231117248535,
            "total_loading_state_duration": 0.21301507949829102,
            "total_deploy_duration": 18.020625352859497,
            "total_update_duration": 8.20901608467102,
            "total_saving_state_duration": 0.08544921875,
            "total_sleeping_time": 2614.8133161067963,
            "finished_reconf": true
        },
        "dep3": {
            "total_uptime_duration": 34.097652435302734,
            "total_loading_state_duration": 0.20843243598937988,
            "total_deploy_duration": 27.312230825424194,
            "total_update_duration": 6.440685749053955,
            "total_saving_state_duration": 0.0840151309967041,
            "total_sleeping_time": 2578.812197446823,
            "finished_reconf": true
        },
        "server": {
            "total_uptime_duration": 59.40405559539795,
            "total_loading_state_duration": 0.218306303024292,
            "total_deploy_duration": 32.28931427001953,
            "total_update_duration": 26.604841232299805,
            "total_saving_state_duration": 0.23363876342773438,
            "total_sleeping_time": 2437.228880405426,
            "finished_reconf": true
        },
        "dep1": {
            "total_uptime_duration": 42.136210680007935,
            "total_loading_state_duration": 0.20180654525756836,
            "total_deploy_duration": 17.76537823677063,
            "total_update_duration": 24.03890872001648,
            "total_saving_state_duration": 0.08001852035522461,
            "total_sleeping_time": 2463.8476004600525,
            "finished_reconf": true
        },
        "dep0": {
            "total_uptime_duration": 57.295756816864014,
            "total_loading_state_duration": 0.2171773910522461,
            "total_deploy_duration": 35.90853762626648,
            "total_update_duration": 21.035248517990112,
            "total_saving_state_duration": 0.0823674201965332,
            "total_sleeping_time": 2557.329973936081,
            "finished_reconf": true
        },
        "dep2": {
            "total_uptime_duration": 28.930272579193115,
            "total_loading_state_duration": 0.19352293014526367,
            "total_deploy_duration": 22.515523433685303,
            "total_update_duration": 6.087482213973999,
            "total_saving_state_duration": 0.0836174488067627,
            "total_sleeping_time": 2483.061270713806,
            "finished_reconf": true
        },
        "dep11": {
            "total_uptime_duration": 26.932329416275024,
            "total_loading_state_duration": 0.21165227890014648,
            "total_deploy_duration": 18.180692195892334,
            "total_update_duration": 8.406980752944946,
            "total_saving_state_duration": 0.07981514930725098,
            "total_sleeping_time": 2578.4244368076324,
            "finished_reconf": true
        },
        "dep10": {
            "total_uptime_duration": 28.765387058258057,
            "total_loading_state_duration": 0.2036428451538086,
            "total_deploy_duration": 20.09166693687439,
            "total_update_duration": 8.340392351150513,
            "total_saving_state_duration": 0.07820487022399902,
            "total_sleeping_time": 2554.4150924682617,
            "finished_reconf": true
        }
    }
}