{
    "parameters": {
        "version_concerto_name": "concerto-decentralized",
        "transitions_times_file_name": "/home/anomond/parameters/transitions_times/transitions_times-1-30-deps12-0.json",
        "uptimes_file_name": "/home/anomond/parameters/uptimes/uptimes-60-30-12-0_02-0_05.json",
        "expe_num": 2,
        "cluster": "uvb"
    },
    "global_results": {
        "finished_reconf": true,
        "max_deploy_time": 240.23,
        "max_update_time": 45.23,
        "max_reconf_time": 285.46,
        "max_sleeping_time": 1998.55,
        "max_execution_time": 2255.46
    },
    "results": {
        "dep2": {
            "total_uptime_duration": 242.4193561077118,
            "total_loading_state_duration": 0.21871662139892578,
            "total_deploy_duration": 211.59224343299866,
            "total_update_duration": 30.485751628875732,
            "total_saving_state_duration": 0.07132577896118164,
            "total_sleeping_time": 1882.0870156288147,
            "finished_reconf": true
        },
        "dep1": {
            "total_uptime_duration": 247.42181587219238,
            "total_loading_state_duration": 0.21886634826660156,
            "total_deploy_duration": 232.07069420814514,
            "total_update_duration": 15.010560512542725,
            "total_saving_state_duration": 0.0746915340423584,
            "total_sleeping_time": 1856.627809047699,
            "finished_reconf": true
        },
        "dep8": {
            "total_uptime_duration": 257.10668420791626,
            "total_loading_state_duration": 0.24231338500976562,
            "total_deploy_duration": 226.66104078292847,
            "total_update_duration": 30.079903841018677,
            "total_saving_state_duration": 0.07213449478149414,
            "total_sleeping_time": 1990.2418551445007,
            "finished_reconf": true
        },
        "dep5": {
            "total_uptime_duration": 256.95147800445557,
            "total_loading_state_duration": 0.23196721076965332,
            "total_deploy_duration": 226.49837851524353,
            "total_update_duration": 30.09911608695984,
            "total_saving_state_duration": 0.07677698135375977,
            "total_sleeping_time": 1996.03440284729,
            "finished_reconf": true
        },
        "dep9": {
            "total_uptime_duration": 242.11353588104248,
            "total_loading_state_duration": 0.28191113471984863,
            "total_deploy_duration": 226.69103574752808,
            "total_update_duration": 15.008704423904419,
            "total_saving_state_duration": 0.07143497467041016,
            "total_sleeping_time": 1883.3417665958405,
            "finished_reconf": true
        },
        "dep4": {
            "total_uptime_duration": 253.48909950256348,
            "total_loading_state_duration": 0.19657325744628906,
            "total_deploy_duration": 226.36672234535217,
            "total_update_duration": 26.807760000228882,
            "total_saving_state_duration": 0.0704963207244873,
            "total_sleeping_time": 1873.248880147934,
            "finished_reconf": true
        },
        "dep7": {
            "total_uptime_duration": 262.8433017730713,
            "total_loading_state_duration": 0.22522473335266113,
            "total_deploy_duration": 228.10568857192993,
            "total_update_duration": 34.37777066230774,
            "total_saving_state_duration": 0.07895112037658691,
            "total_sleeping_time": 1921.3797526359558,
            "finished_reconf": true
        },
        "dep10": {
            "total_uptime_duration": 256.9367501735687,
            "total_loading_state_duration": 0.2859945297241211,
            "total_deploy_duration": 226.44118332862854,
            "total_update_duration": 30.066084384918213,
            "total_saving_state_duration": 0.07789421081542969,
            "total_sleeping_time": 1925.456468820572,
            "finished_reconf": true
        },
        "server": {
            "total_uptime_duration": 271.7708592414856,
            "total_loading_state_duration": 0.18503212928771973,
            "total_deploy_duration": 240.22899723052979,
            "total_update_duration": 31.104655981063843,
            "total_saving_state_duration": 0.20237517356872559,
            "total_sleeping_time": 1829.0317392349243,
            "finished_reconf": true
        },
        "dep6": {
            "total_uptime_duration": 257.1099178791046,
            "total_loading_state_duration": 0.25334620475769043,
            "total_deploy_duration": 211.5001666545868,
            "total_update_duration": 45.22765851020813,
            "total_saving_state_duration": 0.07532095909118652,
            "total_sleeping_time": 1925.7332961559296,
            "finished_reconf": true
        },
        "dep0": {
            "total_uptime_duration": 256.91477823257446,
            "total_loading_state_duration": 0.22985601425170898,
            "total_deploy_duration": 226.4594326019287,
            "total_update_duration": 30.091145753860474,
            "total_saving_state_duration": 0.07991242408752441,
            "total_sleeping_time": 1998.5468184947968,
            "finished_reconf": true
        },
        "dep11": {
            "total_uptime_duration": 242.14175844192505,
            "total_loading_state_duration": 0.2602386474609375,
            "total_deploy_duration": 211.57930946350098,
            "total_update_duration": 30.174100399017334,
            "total_saving_state_duration": 0.07422614097595215,
            "total_sleeping_time": 1881.8532137870789,
            "finished_reconf": true
        },
        "dep3": {
            "total_uptime_duration": 242.01369500160217,
            "total_loading_state_duration": 0.25345611572265625,
            "total_deploy_duration": 226.53918170928955,
            "total_update_duration": 15.09237813949585,
            "total_saving_state_duration": 0.07457852363586426,
            "total_sleeping_time": 1881.9314050674438,
            "finished_reconf": true
        }
    }
}