{
    "parameters": {
        "version_concerto_name": "concerto-decentralized",
        "transitions_times_file_name": "/home/anomond/parameters/transitions_times/transitions_times-1-30-deps12-0.json",
        "uptimes_file_name": "/home/anomond/parameters/uptimes/uptimes-60-30-12-0_2-0_3.json",
        "expe_num": 2,
        "cluster": "uvb"
    },
    "global_results": {
        "finished_reconf": true,
        "max_deploy_time": 210.08,
        "max_update_time": 49.45,
        "max_reconf_time": 259.53,
        "max_sleeping_time": 1739.58,
        "max_execution_time": 1969.86
    },
    "results": {
        "dep6": {
            "total_uptime_duration": 217.65378880500793,
            "total_loading_state_duration": 0.18013620376586914,
            "total_deploy_duration": 181.28434252738953,
            "total_update_duration": 36.08060836791992,
            "total_saving_state_duration": 0.06455564498901367,
            "total_sleeping_time": 1620.581997871399,
            "finished_reconf": true
        },
        "dep7": {
            "total_uptime_duration": 232.51459288597107,
            "total_loading_state_duration": 0.20862460136413574,
            "total_deploy_duration": 182.67630219459534,
            "total_update_duration": 49.452829360961914,
            "total_saving_state_duration": 0.1258089542388916,
            "total_sleeping_time": 1717.299221277237,
            "finished_reconf": true
        },
        "dep9": {
            "total_uptime_duration": 211.83095455169678,
            "total_loading_state_duration": 0.18917536735534668,
            "total_deploy_duration": 181.40606212615967,
            "total_update_duration": 30.120976448059082,
            "total_saving_state_duration": 0.06511425971984863,
            "total_sleeping_time": 1659.3412716388702,
            "finished_reconf": true
        },
        "dep5": {
            "total_uptime_duration": 211.5773684978485,
            "total_loading_state_duration": 0.16450953483581543,
            "total_deploy_duration": 196.26290464401245,
            "total_update_duration": 15.046187162399292,
            "total_saving_state_duration": 0.06570935249328613,
            "total_sleeping_time": 1651.9636478424072,
            "finished_reconf": true
        },
        "dep4": {
            "total_uptime_duration": 230.2767674922943,
            "total_loading_state_duration": 0.16296029090881348,
            "total_deploy_duration": 199.94977569580078,
            "total_update_duration": 30.04630756378174,
            "total_saving_state_duration": 0.07374382019042969,
            "total_sleeping_time": 1739.580780506134,
            "finished_reconf": true
        },
        "dep8": {
            "total_uptime_duration": 211.62922382354736,
            "total_loading_state_duration": 0.17741179466247559,
            "total_deploy_duration": 181.26300764083862,
            "total_update_duration": 30.08456587791443,
            "total_saving_state_duration": 0.06333136558532715,
            "total_sleeping_time": 1646.2911505699158,
            "finished_reconf": true
        },
        "dep3": {
            "total_uptime_duration": 226.67018604278564,
            "total_loading_state_duration": 0.18884801864624023,
            "total_deploy_duration": 187.34566807746887,
            "total_update_duration": 39.03032064437866,
            "total_saving_state_duration": 0.0661015510559082,
            "total_sleeping_time": 1704.888901233673,
            "finished_reconf": true
        },
        "server": {
            "total_uptime_duration": 241.63182997703552,
            "total_loading_state_duration": 0.16451334953308105,
            "total_deploy_duration": 210.08087372779846,
            "total_update_duration": 31.162901163101196,
            "total_saving_state_duration": 0.1802387237548828,
            "total_sleeping_time": 1600.1325328350067,
            "finished_reconf": true
        },
        "dep1": {
            "total_uptime_duration": 217.02127075195312,
            "total_loading_state_duration": 0.14882683753967285,
            "total_deploy_duration": 201.7438840866089,
            "total_update_duration": 15.011846542358398,
            "total_saving_state_duration": 0.07867026329040527,
            "total_sleeping_time": 1626.1127784252167,
            "finished_reconf": true
        },
        "dep11": {
            "total_uptime_duration": 211.79344129562378,
            "total_loading_state_duration": 0.159529447555542,
            "total_deploy_duration": 196.42377352714539,
            "total_update_duration": 15.107054471969604,
            "total_saving_state_duration": 0.06358098983764648,
            "total_sleeping_time": 1644.1388938426971,
            "finished_reconf": true
        },
        "dep2": {
            "total_uptime_duration": 220.49626326560974,
            "total_loading_state_duration": 0.17224645614624023,
            "total_deploy_duration": 181.5502052307129,
            "total_update_duration": 38.66028165817261,
            "total_saving_state_duration": 0.07086038589477539,
            "total_sleeping_time": 1618.684720993042,
            "finished_reconf": true
        },
        "dep10": {
            "total_uptime_duration": 226.67296504974365,
            "total_loading_state_duration": 0.20410513877868652,
            "total_deploy_duration": 181.27366185188293,
            "total_update_duration": 45.07503628730774,
            "total_saving_state_duration": 0.07426857948303223,
            "total_sleeping_time": 1729.2785830497742,
            "finished_reconf": true
        },
        "dep0": {
            "total_uptime_duration": 211.49281930923462,
            "total_loading_state_duration": 0.15636777877807617,
            "total_deploy_duration": 196.23213720321655,
            "total_update_duration": 15.002073287963867,
            "total_saving_state_duration": 0.06184077262878418,
            "total_sleeping_time": 1642.2526659965515,
            "finished_reconf": true
        }
    }
}