{
    "parameters": {
        "version_concerto_name": "concerto-decentralized-synchrone",
        "transitions_times_file_name": "/home/anomond/parameters/transitions_times/transitions_times-1-30-deps12-0.json",
        "uptimes_file_name": "/home/anomond/parameters/uptimes/uptimes-60-30-12-0_5-0_6.json",
        "expe_num": 1,
        "cluster": "uvb"
    },
    "global_results": {
        "finished_reconf": true,
        "max_deploy_time": 443.17,
        "max_update_time": 360.81,
        "max_reconf_time": 803.98,
        "max_sleeping_time": 2115.45,
        "max_execution_time": 2747.76
    },
    "results": {
        "dep2": {
            "total_uptime_duration": 572.3661484718323,
            "total_loading_state_duration": 0.2011878490447998,
            "total_deploy_duration": 271.0916087627411,
            "total_update_duration": 300.6144607067108,
            "total_saving_state_duration": 0.10779953002929688,
            "total_sleeping_time": 1928.8214287757874,
            "finished_reconf": true
        },
        "dep8": {
            "total_uptime_duration": 596.618661403656,
            "total_loading_state_duration": 0.18486881256103516,
            "total_deploy_duration": 274.08643341064453,
            "total_update_duration": 321.8978843688965,
            "total_saving_state_duration": 0.1015019416809082,
            "total_sleeping_time": 1876.4017214775085,
            "finished_reconf": true
        },
        "dep1": {
            "total_uptime_duration": 610.0426728725433,
            "total_loading_state_duration": 0.21187567710876465,
            "total_deploy_duration": 443.1709363460541,
            "total_update_duration": 166.15799736976624,
            "total_saving_state_duration": 0.1238393783569336,
            "total_sleeping_time": 1991.341147661209,
            "finished_reconf": true
        },
        "dep5": {
            "total_uptime_duration": 592.8729891777039,
            "total_loading_state_duration": 0.18477630615234375,
            "total_deploy_duration": 284.54098653793335,
            "total_update_duration": 307.6948342323303,
            "total_saving_state_duration": 0.10501360893249512,
            "total_sleeping_time": 1889.6487500667572,
            "finished_reconf": true
        },
        "dep9": {
            "total_uptime_duration": 609.8466644287109,
            "total_loading_state_duration": 0.1900777816772461,
            "total_deploy_duration": 275.565372467041,
            "total_update_duration": 333.605619430542,
            "total_saving_state_duration": 0.11196327209472656,
            "total_sleeping_time": 1993.5139157772064,
            "finished_reconf": true
        },
        "dep4": {
            "total_uptime_duration": 632.217936038971,
            "total_loading_state_duration": 0.2182607650756836,
            "total_deploy_duration": 270.68305587768555,
            "total_update_duration": 360.8094685077667,
            "total_saving_state_duration": 0.1220405101776123,
            "total_sleeping_time": 2115.447203874588,
            "finished_reconf": true
        },
        "dep0": {
            "total_uptime_duration": 602.077568769455,
            "total_loading_state_duration": 0.20116782188415527,
            "total_deploy_duration": 270.656640291214,
            "total_update_duration": 330.74396681785583,
            "total_saving_state_duration": 0.11442995071411133,
            "total_sleeping_time": 1879.2713532447815,
            "finished_reconf": true
        },
        "dep7": {
            "total_uptime_duration": 632.0955541133881,
            "total_loading_state_duration": 0.20749974250793457,
            "total_deploy_duration": 297.8477108478546,
            "total_update_duration": 333.54782152175903,
            "total_saving_state_duration": 0.12114381790161133,
            "total_sleeping_time": 1969.9050397872925,
            "finished_reconf": true
        },
        "dep10": {
            "total_uptime_duration": 645.409658908844,
            "total_loading_state_duration": 0.2196667194366455,
            "total_deploy_duration": 293.50099873542786,
            "total_update_duration": 351.1889069080353,
            "total_saving_state_duration": 0.11266899108886719,
            "total_sleeping_time": 2102.3526713848114,
            "finished_reconf": true
        },
        "server": {
            "total_uptime_duration": 630.6465697288513,
            "total_loading_state_duration": 0.2376410961151123,
            "total_deploy_duration": 357.8064646720886,
            "total_update_duration": 271.95018315315247,
            "total_saving_state_duration": 0.2802433967590332,
            "total_sleeping_time": 1973.3285994529724,
            "finished_reconf": true
        },
        "dep6": {
            "total_uptime_duration": 586.9394633769989,
            "total_loading_state_duration": 0.1962881088256836,
            "total_deploy_duration": 270.3555200099945,
            "total_update_duration": 315.9148442745209,
            "total_saving_state_duration": 0.11650300025939941,
            "total_sleeping_time": 1910.9407839775085,
            "finished_reconf": true
        },
        "dep11": {
            "total_uptime_duration": 614.9470839500427,
            "total_loading_state_duration": 0.19600629806518555,
            "total_deploy_duration": 295.9676058292389,
            "total_update_duration": 318.3154807090759,
            "total_saving_state_duration": 0.10692167282104492,
            "total_sleeping_time": 1987.8221521377563,
            "finished_reconf": true
        },
        "dep3": {
            "total_uptime_duration": 589.3355896472931,
            "total_loading_state_duration": 0.193589448928833,
            "total_deploy_duration": 270.7028670310974,
            "total_update_duration": 317.986700296402,
            "total_saving_state_duration": 0.10140419006347656,
            "total_sleeping_time": 1882.6564288139343,
            "finished_reconf": true
        }
    }
}