{
    "parameters": {
        "version_concerto_name": "concerto-decentralized-synchrone",
        "transitions_times_file_name": "/home/anomond/parameters/transitions_times/transitions_times-1-30-deps12-1.json",
        "uptimes_file_name": "/home/anomond/parameters/uptimes/uptimes-60-30-12-0_5-0_6.json",
        "expe_num": 1,
        "cluster": "uvb"
    },
    "global_results": {
        "finished_reconf": true,
        "max_deploy_time": 455.09,
        "max_update_time": 471.27,
        "max_reconf_time": 926.36,
        "max_sleeping_time": 2504.51,
        "max_execution_time": 3257.91
    },
    "results": {
        "dep2": {
            "total_uptime_duration": 670.1025505065918,
            "total_loading_state_duration": 0.23087263107299805,
            "total_deploy_duration": 271.47412061691284,
            "total_update_duration": 397.8614070415497,
            "total_saving_state_duration": 0.12696075439453125,
            "total_sleeping_time": 2214.442708969116,
            "finished_reconf": true
        },
        "dep8": {
            "total_uptime_duration": 686.0638606548309,
            "total_loading_state_duration": 0.2219400405883789,
            "total_deploy_duration": 455.0900754928589,
            "total_update_duration": 230.2269172668457,
            "total_saving_state_duration": 0.12182474136352539,
            "total_sleeping_time": 2199.866414785385,
            "finished_reconf": true
        },
        "dep1": {
            "total_uptime_duration": 662.228280544281,
            "total_loading_state_duration": 0.22788786888122559,
            "total_deploy_duration": 279.15676379203796,
            "total_update_duration": 382.3044831752777,
            "total_saving_state_duration": 0.13207483291625977,
            "total_sleeping_time": 2222.4991114139557,
            "finished_reconf": true
        },
        "dep5": {
            "total_uptime_duration": 756.530811548233,
            "total_loading_state_duration": 0.25225138664245605,
            "total_deploy_duration": 284.40918254852295,
            "total_update_duration": 471.2715287208557,
            "total_saving_state_duration": 0.1418602466583252,
            "total_sleeping_time": 2501.382164955139,
            "finished_reconf": true
        },
        "dep9": {
            "total_uptime_duration": 680.5730972290039,
            "total_loading_state_duration": 0.21635127067565918,
            "total_deploy_duration": 275.0496234893799,
            "total_update_duration": 404.79124546051025,
            "total_saving_state_duration": 0.12155985832214355,
            "total_sleeping_time": 2205.4920139312744,
            "finished_reconf": true
        },
        "dep4": {
            "total_uptime_duration": 752.2721853256226,
            "total_loading_state_duration": 0.2649359703063965,
            "total_deploy_duration": 450.93951749801636,
            "total_update_duration": 300.4598128795624,
            "total_saving_state_duration": 0.13881659507751465,
            "total_sleeping_time": 2504.5092391967773,
            "finished_reconf": true
        },
        "dep0": {
            "total_uptime_duration": 737.2287082672119,
            "total_loading_state_duration": 0.23714661598205566,
            "total_deploy_duration": 282.25036883354187,
            "total_update_duration": 454.1906943321228,
            "total_saving_state_duration": 0.13033390045166016,
            "total_sleeping_time": 2254.5689268112183,
            "finished_reconf": true
        },
        "dep7": {
            "total_uptime_duration": 696.3811504840851,
            "total_loading_state_duration": 0.23989367485046387,
            "total_deploy_duration": 286.78468322753906,
            "total_update_duration": 408.78855633735657,
            "total_saving_state_duration": 0.1376636028289795,
            "total_sleeping_time": 2289.537752389908,
            "finished_reconf": true
        },
        "dep10": {
            "total_uptime_duration": 726.0767648220062,
            "total_loading_state_duration": 0.23121261596679688,
            "total_deploy_duration": 364.07280588150024,
            "total_update_duration": 361.2113356590271,
            "total_saving_state_duration": 0.12938189506530762,
            "total_sleeping_time": 2366.1972618103027,
            "finished_reconf": true
        },
        "server": {
            "total_uptime_duration": 737.4821581840515,
            "total_loading_state_duration": 0.27267885208129883,
            "total_deploy_duration": 407.2972843647003,
            "total_update_duration": 329.12252283096313,
            "total_saving_state_duration": 0.34745025634765625,
            "total_sleeping_time": 2378.608026742935,
            "finished_reconf": true
        },
        "dep6": {
            "total_uptime_duration": 691.641544342041,
            "total_loading_state_duration": 0.23188257217407227,
            "total_deploy_duration": 270.67268204689026,
            "total_update_duration": 420.2033383846283,
            "total_saving_state_duration": 0.12420463562011719,
            "total_sleeping_time": 2193.209771633148,
            "finished_reconf": true
        },
        "dep11": {
            "total_uptime_duration": 662.2045075893402,
            "total_loading_state_duration": 0.2180309295654297,
            "total_deploy_duration": 272.02872610092163,
            "total_update_duration": 389.4480333328247,
            "total_saving_state_duration": 0.11584115028381348,
            "total_sleeping_time": 2223.5751659870148,
            "finished_reconf": true
        },
        "dep3": {
            "total_uptime_duration": 692.2411632537842,
            "total_loading_state_duration": 0.22882652282714844,
            "total_deploy_duration": 291.5580277442932,
            "total_update_duration": 399.90763759613037,
            "total_saving_state_duration": 0.129133939743042,
            "total_sleeping_time": 2301.9750020504,
            "finished_reconf": true
        }
    }
}