{
    "parameters": {
        "version_concerto_name": "concerto-decentralized",
        "transitions_times_file_name": "/home/anomond/parameters/transitions_times/transitions_times-1-30-deps12-0.json",
        "uptimes_file_name": "/home/anomond/parameters/uptimes/uptimes-60-30-12-1-1-1.json",
        "expe_num": 1,
        "cluster": "uvb"
    },
    "global_results": {
        "finished_reconf": true,
        "max_deploy_time": 36.83,
        "max_update_time": 22.87,
        "max_reconf_time": 59.7,
        "max_sleeping_time": 33.07,
        "max_execution_time": 88.06
    },
    "results": {
        "dep0": {
            "total_uptime_duration": 54.656221866607666,
            "total_loading_state_duration": 0.012761354446411133,
            "total_deploy_duration": 31.878633499145508,
            "total_update_duration": 22.754369497299194,
            "total_saving_state_duration": 0.004541635513305664,
            "total_sleeping_time": 33.06701302528381,
            "finished_reconf": true
        },
        "dep6": {
            "total_uptime_duration": 55.09684729576111,
            "total_loading_state_duration": 0.012911319732666016,
            "total_deploy_duration": 32.25910449028015,
            "total_update_duration": 22.81212592124939,
            "total_saving_state_duration": 0.00553131103515625,
            "total_sleeping_time": 31.92500638961792,
            "finished_reconf": true
        },
        "dep11": {
            "total_uptime_duration": 54.67174577713013,
            "total_loading_state_duration": 0.012623310089111328,
            "total_deploy_duration": 31.884063720703125,
            "total_update_duration": 22.762245655059814,
            "total_saving_state_duration": 0.005925655364990234,
            "total_sleeping_time": 32.00982666015625,
            "finished_reconf": true
        },
        "dep8": {
            "total_uptime_duration": 54.52446007728577,
            "total_loading_state_duration": 0.012874364852905273,
            "total_deploy_duration": 31.628122568130493,
            "total_update_duration": 22.87180519104004,
            "total_saving_state_duration": 0.005138397216796875,
            "total_sleeping_time": 32.0572624206543,
            "finished_reconf": true
        },
        "dep1": {
            "total_uptime_duration": 54.525561809539795,
            "total_loading_state_duration": 0.00895237922668457,
            "total_deploy_duration": 31.73818039894104,
            "total_update_duration": 22.76734232902527,
            "total_saving_state_duration": 0.005115985870361328,
            "total_sleeping_time": 32.53003120422363,
            "finished_reconf": true
        },
        "dep10": {
            "total_uptime_duration": 54.648165702819824,
            "total_loading_state_duration": 0.013118982315063477,
            "total_deploy_duration": 31.82169532775879,
            "total_update_duration": 22.801892518997192,
            "total_saving_state_duration": 0.00501561164855957,
            "total_sleeping_time": 32.34918403625488,
            "finished_reconf": true
        },
        "dep2": {
            "total_uptime_duration": 54.6212203502655,
            "total_loading_state_duration": 0.012716293334960938,
            "total_deploy_duration": 31.772480010986328,
            "total_update_duration": 22.82365369796753,
            "total_saving_state_duration": 0.005216360092163086,
            "total_sleeping_time": 33.05618953704834,
            "finished_reconf": true
        },
        "dep5": {
            "total_uptime_duration": 55.19517993927002,
            "total_loading_state_duration": 0.016089916229248047,
            "total_deploy_duration": 32.34743905067444,
            "total_update_duration": 22.815328121185303,
            "total_saving_state_duration": 0.005451679229736328,
            "total_sleeping_time": 31.991222143173218,
            "finished_reconf": true
        },
        "dep4": {
            "total_uptime_duration": 55.440845012664795,
            "total_loading_state_duration": 0.014038324356079102,
            "total_deploy_duration": 32.549312114715576,
            "total_update_duration": 22.86599564552307,
            "total_saving_state_duration": 0.004349470138549805,
            "total_sleeping_time": 32.478556632995605,
            "finished_reconf": true
        },
        "dep7": {
            "total_uptime_duration": 55.268001556396484,
            "total_loading_state_duration": 0.015539169311523438,
            "total_deploy_duration": 32.453147649765015,
            "total_update_duration": 22.785499095916748,
            "total_saving_state_duration": 0.0039327144622802734,
            "total_sleeping_time": 32.361244916915894,
            "finished_reconf": true
        },
        "dep3": {
            "total_uptime_duration": 54.7135112285614,
            "total_loading_state_duration": 0.013458013534545898,
            "total_deploy_duration": 31.863927364349365,
            "total_update_duration": 22.824463367462158,
            "total_saving_state_duration": 0.004143476486206055,
            "total_sleeping_time": 32.410252809524536,
            "finished_reconf": true
        },
        "dep9": {
            "total_uptime_duration": 54.8482871055603,
            "total_loading_state_duration": 0.012420654296875,
            "total_deploy_duration": 32.063610792160034,
            "total_update_duration": 22.75933814048767,
            "total_saving_state_duration": 0.005577802658081055,
            "total_sleeping_time": 31.918267726898193,
            "finished_reconf": true
        },
        "server": {
            "total_uptime_duration": 59.68677759170532,
            "total_loading_state_duration": 0.014946460723876953,
            "total_deploy_duration": 36.82646036148071,
            "total_update_duration": 22.822720289230347,
            "total_saving_state_duration": 0.014379262924194336,
            "total_sleeping_time": 28.37227988243103,
            "finished_reconf": true
        }
    }
}