{
    "parameters": {
        "version_concerto_name": "concerto-decentralized",
        "transitions_times_file_name": "/home/anomond/parameters/transitions_times/transitions_times-1-30-deps12-1.json",
        "uptimes_file_name": "/home/anomond/parameters/uptimes/uptimes-60-30-12-1-1-1.json",
        "expe_num": 1,
        "cluster": "uvb"
    },
    "global_results": {
        "finished_reconf": true,
        "max_deploy_time": 29.28,
        "max_update_time": 50.26,
        "max_reconf_time": 79.54,
        "max_sleeping_time": 65.82,
        "max_execution_time": 127.01
    },
    "results": {
        "dep0": {
            "total_uptime_duration": 60.953226804733276,
            "total_loading_state_duration": 0.022500038146972656,
            "total_deploy_duration": 29.275370597839355,
            "total_update_duration": 31.637741327285767,
            "total_saving_state_duration": 0.009263753890991211,
            "total_sleeping_time": 65.16170525550842,
            "finished_reconf": true
        },
        "dep6": {
            "total_uptime_duration": 61.19632863998413,
            "total_loading_state_duration": 0.03051447868347168,
            "total_deploy_duration": 29.070882320404053,
            "total_update_duration": 32.07222509384155,
            "total_saving_state_duration": 0.009369134902954102,
            "total_sleeping_time": 65.81857371330261,
            "finished_reconf": true
        },
        "dep11": {
            "total_uptime_duration": 60.837592363357544,
            "total_loading_state_duration": 0.026723384857177734,
            "total_deploy_duration": 29.017775535583496,
            "total_update_duration": 31.771829843521118,
            "total_saving_state_duration": 0.010069847106933594,
            "total_sleeping_time": 64.79687309265137,
            "finished_reconf": true
        },
        "dep8": {
            "total_uptime_duration": 60.98818302154541,
            "total_loading_state_duration": 0.023523807525634766,
            "total_deploy_duration": 28.87867498397827,
            "total_update_duration": 32.06532001495361,
            "total_saving_state_duration": 0.010256767272949219,
            "total_sleeping_time": 64.47947454452515,
            "finished_reconf": true
        },
        "dep1": {
            "total_uptime_duration": 61.31066370010376,
            "total_loading_state_duration": 0.02788543701171875,
            "total_deploy_duration": 28.782286882400513,
            "total_update_duration": 32.47719073295593,
            "total_saving_state_duration": 0.009635210037231445,
            "total_sleeping_time": 64.68787169456482,
            "finished_reconf": true
        },
        "dep10": {
            "total_uptime_duration": 60.99164915084839,
            "total_loading_state_duration": 0.029217958450317383,
            "total_deploy_duration": 28.553761959075928,
            "total_update_duration": 32.38892221450806,
            "total_saving_state_duration": 0.009413957595825195,
            "total_sleeping_time": 64.39085793495178,
            "finished_reconf": true
        },
        "dep2": {
            "total_uptime_duration": 61.44665336608887,
            "total_loading_state_duration": 0.02547931671142578,
            "total_deploy_duration": 28.736632108688354,
            "total_update_duration": 32.665634632110596,
            "total_saving_state_duration": 0.009348392486572266,
            "total_sleeping_time": 64.51369118690491,
            "finished_reconf": true
        },
        "dep5": {
            "total_uptime_duration": 61.247610092163086,
            "total_loading_state_duration": 0.025081872940063477,
            "total_deploy_duration": 28.457234144210815,
            "total_update_duration": 32.74435901641846,
            "total_saving_state_duration": 0.009245157241821289,
            "total_sleeping_time": 63.730239391326904,
            "finished_reconf": true
        },
        "dep4": {
            "total_uptime_duration": 61.01942253112793,
            "total_loading_state_duration": 0.025476694107055664,
            "total_deploy_duration": 28.63225293159485,
            "total_update_duration": 32.34296751022339,
            "total_saving_state_duration": 0.009239912033081055,
            "total_sleeping_time": 64.26394176483154,
            "finished_reconf": true
        },
        "dep7": {
            "total_uptime_duration": 61.55582642555237,
            "total_loading_state_duration": 0.028123140335083008,
            "total_deploy_duration": 28.615152835845947,
            "total_update_duration": 32.89401960372925,
            "total_saving_state_duration": 0.009022712707519531,
            "total_sleeping_time": 64.27898573875427,
            "finished_reconf": true
        },
        "dep3": {
            "total_uptime_duration": 61.14792585372925,
            "total_loading_state_duration": 0.028275489807128906,
            "total_deploy_duration": 28.736186027526855,
            "total_update_duration": 32.36448526382446,
            "total_saving_state_duration": 0.00900578498840332,
            "total_sleeping_time": 64.45475792884827,
            "finished_reconf": true
        },
        "dep9": {
            "total_uptime_duration": 61.02652049064636,
            "total_loading_state_duration": 0.027730226516723633,
            "total_deploy_duration": 28.47089195251465,
            "total_update_duration": 32.5049786567688,
            "total_saving_state_duration": 0.010087251663208008,
            "total_sleeping_time": 64.76334929466248,
            "finished_reconf": true
        },
        "server": {
            "total_uptime_duration": 78.89815640449524,
            "total_loading_state_duration": 0.029746532440185547,
            "total_deploy_duration": 28.56289505958557,
            "total_update_duration": 50.263160705566406,
            "total_saving_state_duration": 0.028845787048339844,
            "total_sleeping_time": 47.68543028831482,
            "finished_reconf": true
        }
    }
}