{
    "parameters": {
        "version_concerto_name": "concerto-decentralized-synchrone",
        "transitions_times_file_name": "/home/anomond/parameters/transitions_times/transitions_times-1-30-deps12-0.json",
        "uptimes_file_name": "/home/anomond/parameters/uptimes/uptimes-60-30-12-0_2-0_3.json",
        "expe_num": 1,
        "cluster": "uvb"
    },
    "global_results": {
        "finished_reconf": false,
        "max_deploy_time": 1809.8,
        "max_update_time": 540.94,
        "max_reconf_time": 2350.74,
        "max_sleeping_time": 5864.18,
        "max_execution_time": 7669.33
    },
    "results": {
        "dep2": {
            "total_uptime_duration": 1805.4296748638153,
            "total_loading_state_duration": 0.5809166431427002,
            "total_deploy_duration": 1274.3265962600708,
            "total_update_duration": 529.1327843666077,
            "total_saving_state_duration": 0.34496355056762695,
            "total_sleeping_time": 5848.1249713897705
        },
        "dep8": {
            "total_uptime_duration": 1804.654449224472,
            "total_loading_state_duration": 0.5680465698242188,
            "total_deploy_duration": 1261.9635202884674,
            "total_update_duration": 540.7205193042755,
            "total_saving_state_duration": 0.35930442810058594,
            "total_sleeping_time": 5790.101023197174
        },
        "dep5": {
            "total_uptime_duration": 1804.9553844928741,
            "total_loading_state_duration": 0.5956516265869141,
            "total_deploy_duration": 1262.0382642745972,
            "total_update_duration": 540.9433138370514,
            "total_saving_state_duration": 0.33324432373046875,
            "total_sleeping_time": 5855.830388307571
        },
        "dep9": {
            "total_uptime_duration": 1804.7065796852112,
            "total_loading_state_duration": 0.5891668796539307,
            "total_deploy_duration": 1291.9420289993286,
            "total_update_duration": 510.81626653671265,
            "total_saving_state_duration": 0.32522153854370117,
            "total_sleeping_time": 5830.8689658641815
        },
        "dep1": {
            "total_uptime_duration": 1804.9884111881256,
            "total_loading_state_duration": 0.5973701477050781,
            "total_deploy_duration": 1292.0252859592438,
            "total_update_duration": 510.9741921424866,
            "total_saving_state_duration": 0.33968091011047363,
            "total_sleeping_time": 5864.17911195755
        },
        "dep4": {
            "total_uptime_duration": 1804.9050159454346,
            "total_loading_state_duration": 0.5975916385650635,
            "total_deploy_duration": 1322.1870031356812,
            "total_update_duration": 480.7346787452698,
            "total_saving_state_duration": 0.34584927558898926,
            "total_sleeping_time": 5862.193361282349
        },
        "dep0": {
            "total_uptime_duration": 1805.0102767944336,
            "total_loading_state_duration": 0.5791211128234863,
            "total_deploy_duration": 1322.241520166397,
            "total_update_duration": 480.8120627403259,
            "total_saving_state_duration": 0.3492889404296875,
            "total_sleeping_time": 5793.859639406204
        },
        "dep7": {
            "total_uptime_duration": 1805.1576817035675,
            "total_loading_state_duration": 0.5989952087402344,
            "total_deploy_duration": 1311.8391363620758,
            "total_update_duration": 491.33159852027893,
            "total_saving_state_duration": 0.3352477550506592,
            "total_sleeping_time": 5852.187624454498
        },
        "dep10": {
            "total_uptime_duration": 1805.1873233318329,
            "total_loading_state_duration": 0.578192949295044,
            "total_deploy_duration": 1262.5012505054474,
            "total_update_duration": 540.7123053073883,
            "total_saving_state_duration": 0.35054564476013184,
            "total_sleeping_time": 5862.299894094467
        },
        "server": {
            "total_uptime_duration": 1812.3820159435272,
            "total_loading_state_duration": 0.6558408737182617,
            "total_deploy_duration": 1809.7991688251495,
            "total_update_duration": 0,
            "total_saving_state_duration": 0.8745160102844238,
            "total_sleeping_time": 5831.5653195381165
        },
        "dep6": {
            "total_uptime_duration": 1805.073966741562,
            "total_loading_state_duration": 0.6002860069274902,
            "total_deploy_duration": 1316.1220500469208,
            "total_update_duration": 486.9571533203125,
            "total_saving_state_duration": 0.3486356735229492,
            "total_sleeping_time": 5821.953556537628
        },
        "dep11": {
            "total_uptime_duration": 1805.4383442401886,
            "total_loading_state_duration": 0.5812938213348389,
            "total_deploy_duration": 1286.3171939849854,
            "total_update_duration": 517.1746110916138,
            "total_saving_state_duration": 0.3330702781677246,
            "total_sleeping_time": 5790.096642971039
        },
        "dep3": {
            "total_uptime_duration": 1805.2421021461487,
            "total_loading_state_duration": 0.5661296844482422,
            "total_deploy_duration": 1293.9613633155823,
            "total_update_duration": 509.3724913597107,
            "total_saving_state_duration": 0.3317995071411133,
            "total_sleeping_time": 5864.089632511139
        }
    }
}