{
    "parameters": {
        "version_concerto_name": "concerto-decentralized-synchrone",
        "transitions_times_file_name": "/home/anomond/parameters/transitions_times/transitions_times-1-30-deps12-1.json",
        "uptimes_file_name": "/home/anomond/parameters/uptimes/uptimes-60-30-12-0_5-0_6.json",
        "expe_num": 1,
        "cluster": "uvb"
    },
    "global_results": {
        "finished_reconf": true,
        "max_deploy_time": 482.24,
        "max_update_time": 538.33,
        "max_reconf_time": 1020.57,
        "max_sleeping_time": 2605.24,
        "max_execution_time": 3388.51
    },
    "results": {
        "dep2": {
            "total_uptime_duration": 670.44593501091,
            "total_loading_state_duration": 0.2196211814880371,
            "total_deploy_duration": 271.80432987213135,
            "total_update_duration": 397.9025549888611,
            "total_saving_state_duration": 0.12276840209960938,
            "total_sleeping_time": 2215.401874780655,
            "finished_reconf": true
        },
        "dep8": {
            "total_uptime_duration": 686.5529267787933,
            "total_loading_state_duration": 0.22097063064575195,
            "total_deploy_duration": 289.8657248020172,
            "total_update_duration": 395.9459228515625,
            "total_saving_state_duration": 0.12028288841247559,
            "total_sleeping_time": 2198.50541472435,
            "finished_reconf": true
        },
        "dep5": {
            "total_uptime_duration": 709.4562034606934,
            "total_loading_state_duration": 0.23758244514465332,
            "total_deploy_duration": 319.448281288147,
            "total_update_duration": 389.2203643321991,
            "total_saving_state_duration": 0.1349165439605713,
            "total_sleeping_time": 2274.5315363407135,
            "finished_reconf": true
        },
        "dep9": {
            "total_uptime_duration": 782.7743036746979,
            "total_loading_state_duration": 0.26590704917907715,
            "total_deploy_duration": 281.76876044273376,
            "total_update_duration": 500.11763286590576,
            "total_saving_state_duration": 0.1453104019165039,
            "total_sleeping_time": 2605.235263109207,
            "finished_reconf": true
        },
        "dep1": {
            "total_uptime_duration": 736.4726765155792,
            "total_loading_state_duration": 0.2465808391571045,
            "total_deploy_duration": 279.05554842948914,
            "total_update_duration": 456.58820962905884,
            "total_saving_state_duration": 0.1417841911315918,
            "total_sleeping_time": 2357.2611598968506,
            "finished_reconf": true
        },
        "dep4": {
            "total_uptime_duration": 810.0467290878296,
            "total_loading_state_duration": 0.2650740146636963,
            "total_deploy_duration": 270.8222589492798,
            "total_update_duration": 538.3325464725494,
            "total_saving_state_duration": 0.14639711380004883,
            "total_sleeping_time": 2578.4610965251923,
            "finished_reconf": true
        },
        "dep0": {
            "total_uptime_duration": 741.4616029262543,
            "total_loading_state_duration": 0.24623823165893555,
            "total_deploy_duration": 336.1092071533203,
            "total_update_duration": 404.527268409729,
            "total_saving_state_duration": 0.14165639877319336,
            "total_sleeping_time": 2351.87416267395,
            "finished_reconf": true
        },
        "dep7": {
            "total_uptime_duration": 779.3008410930634,
            "total_loading_state_duration": 0.26432156562805176,
            "total_deploy_duration": 271.02648854255676,
            "total_update_duration": 507.4080374240875,
            "total_saving_state_duration": 0.14345002174377441,
            "total_sleeping_time": 2476.781259536743,
            "finished_reconf": true
        },
        "dep10": {
            "total_uptime_duration": 731.9285404682159,
            "total_loading_state_duration": 0.2511637210845947,
            "total_deploy_duration": 482.239066362381,
            "total_update_duration": 248.85842394828796,
            "total_saving_state_duration": 0.14218544960021973,
            "total_sleeping_time": 2364.146207332611,
            "finished_reconf": true
        },
        "server": {
            "total_uptime_duration": 727.1173386573792,
            "total_loading_state_duration": 0.30088233947753906,
            "total_deploy_duration": 394.9911515712738,
            "total_update_duration": 331.0091550350189,
            "total_saving_state_duration": 0.35948801040649414,
            "total_sleeping_time": 2387.990304708481,
            "finished_reconf": true
        },
        "dep6": {
            "total_uptime_duration": 692.1755850315094,
            "total_loading_state_duration": 0.24295425415039062,
            "total_deploy_duration": 351.6823568344116,
            "total_update_duration": 339.69632506370544,
            "total_saving_state_duration": 0.12980389595031738,
            "total_sleeping_time": 2321.465630531311,
            "finished_reconf": true
        },
        "dep11": {
            "total_uptime_duration": 715.2099452018738,
            "total_loading_state_duration": 0.23491740226745605,
            "total_deploy_duration": 290.96212458610535,
            "total_update_duration": 423.46421003341675,
            "total_saving_state_duration": 0.12924838066101074,
            "total_sleeping_time": 2280.3630096912384,
            "finished_reconf": true
        },
        "dep3": {
            "total_uptime_duration": 693.764904499054,
            "total_loading_state_duration": 0.22046208381652832,
            "total_deploy_duration": 390.862459897995,
            "total_update_duration": 302.1432375907898,
            "total_saving_state_duration": 0.13846635818481445,
            "total_sleeping_time": 2302.616797685623,
            "finished_reconf": true
        }
    }
}