{
    "parameters": {
        "version_concerto_name": "concerto-decentralized",
        "transitions_times_file_name": "/home/anomond/parameters/transitions_times/transitions_times-1-30-deps12-0.json",
        "uptimes_file_name": "/home/anomond/parameters/uptimes/uptimes-60-30-12-0_5-0_6.json",
        "expe_num": 1,
        "cluster": "uvb"
    },
    "global_results": {
        "finished_reconf": true,
        "max_deploy_time": 159.51,
        "max_update_time": 60.07,
        "max_reconf_time": 219.58,
        "max_sleeping_time": 648.91,
        "max_execution_time": 830.05
    },
    "results": {
        "dep7": {
            "total_uptime_duration": 199.64765453338623,
            "total_loading_state_duration": 0.0661013126373291,
            "total_deploy_duration": 149.09885835647583,
            "total_update_duration": 50.42974853515625,
            "total_saving_state_duration": 0.03344368934631348,
            "total_sleeping_time": 580.1855869293213,
            "finished_reconf": true
        },
        "dep9": {
            "total_uptime_duration": 181.03387236595154,
            "total_loading_state_duration": 0.06604623794555664,
            "total_deploy_duration": 136.59790325164795,
            "total_update_duration": 44.319281578063965,
            "total_saving_state_duration": 0.03233051300048828,
            "total_sleeping_time": 635.7878968715668,
            "finished_reconf": true
        },
        "dep6": {
            "total_uptime_duration": 157.89106106758118,
            "total_loading_state_duration": 0.05547618865966797,
            "total_deploy_duration": 129.8934886455536,
            "total_update_duration": 27.896305084228516,
            "total_saving_state_duration": 0.02862071990966797,
            "total_sleeping_time": 549.8022294044495,
            "finished_reconf": true
        },
        "dep5": {
            "total_uptime_duration": 169.48398995399475,
            "total_loading_state_duration": 0.05351591110229492,
            "total_deploy_duration": 126.78916501998901,
            "total_update_duration": 42.59632897377014,
            "total_saving_state_duration": 0.02832651138305664,
            "total_sleeping_time": 538.8599605560303,
            "finished_reconf": true
        },
        "dep4": {
            "total_uptime_duration": 174.48286294937134,
            "total_loading_state_duration": 0.055350303649902344,
            "total_deploy_duration": 131.20268034934998,
            "total_update_duration": 43.183526039123535,
            "total_saving_state_duration": 0.02453303337097168,
            "total_sleeping_time": 533.3824300765991,
            "finished_reconf": true
        },
        "dep8": {
            "total_uptime_duration": 179.22384476661682,
            "total_loading_state_duration": 0.05850362777709961,
            "total_deploy_duration": 148.82506799697876,
            "total_update_duration": 30.295278787612915,
            "total_saving_state_duration": 0.027962923049926758,
            "total_sleeping_time": 528.8939936161041,
            "finished_reconf": true
        },
        "dep3": {
            "total_uptime_duration": 181.13287162780762,
            "total_loading_state_duration": 0.0596013069152832,
            "total_deploy_duration": 120.95876383781433,
            "total_update_duration": 60.06789684295654,
            "total_saving_state_duration": 0.02993607521057129,
            "total_sleeping_time": 648.9147226810455,
            "finished_reconf": true
        },
        "server": {
            "total_uptime_duration": 192.77905654907227,
            "total_loading_state_duration": 0.061041831970214844,
            "total_deploy_duration": 135.92397117614746,
            "total_update_duration": 56.70878267288208,
            "total_saving_state_duration": 0.06706380844116211,
            "total_sleeping_time": 515.793044090271,
            "finished_reconf": true
        },
        "dep1": {
            "total_uptime_duration": 172.40025401115417,
            "total_loading_state_duration": 0.04914283752441406,
            "total_deploy_duration": 159.5085151195526,
            "total_update_duration": 12.79612421989441,
            "total_saving_state_duration": 0.02920246124267578,
            "total_sleeping_time": 534.0903878211975,
            "finished_reconf": true
        },
        "dep0": {
            "total_uptime_duration": 181.25825119018555,
            "total_loading_state_duration": 0.06448602676391602,
            "total_deploy_duration": 125.79299354553223,
            "total_update_duration": 55.347795248031616,
            "total_saving_state_duration": 0.03420662879943848,
            "total_sleeping_time": 622.7174537181854,
            "finished_reconf": true
        },
        "dep10": {
            "total_uptime_duration": 170.06475400924683,
            "total_loading_state_duration": 0.055347442626953125,
            "total_deploy_duration": 120.86021637916565,
            "total_update_duration": 49.104087591171265,
            "total_saving_state_duration": 0.02797222137451172,
            "total_sleeping_time": 537.9257340431213,
            "finished_reconf": true
        },
        "dep11": {
            "total_uptime_duration": 181.12972784042358,
            "total_loading_state_duration": 0.07634925842285156,
            "total_deploy_duration": 129.14186668395996,
            "total_update_duration": 51.858150005340576,
            "total_saving_state_duration": 0.0338897705078125,
            "total_sleeping_time": 648.8454825878143,
            "finished_reconf": true
        },
        "dep2": {
            "total_uptime_duration": 161.12897777557373,
            "total_loading_state_duration": 0.050815582275390625,
            "total_deploy_duration": 133.1323697566986,
            "total_update_duration": 27.9035005569458,
            "total_saving_state_duration": 0.026318073272705078,
            "total_sleeping_time": 546.4995665550232,
            "finished_reconf": true
        }
    }
}