{
    "parameters": {
        "version_concerto_name": "concerto-decentralized",
        "transitions_times_file_name": "/home/anomond/parameters/transitions_times/transitions_times-1-30-deps12-0.json",
        "uptimes_file_name": "/home/anomond/parameters/uptimes/uptimes-60-30-12-0_2-0_3.json",
        "expe_num": 1,
        "cluster": "uvb"
    },
    "global_results": {
        "finished_reconf": true,
        "max_deploy_time": 345.92,
        "max_update_time": 89.11,
        "max_reconf_time": 435.02,
        "max_sleeping_time": 1313.09,
        "max_execution_time": 1704.91
    },
    "results": {
        "dep7": {
            "total_uptime_duration": 361.7689094543457,
            "total_loading_state_duration": 0.14255094528198242,
            "total_deploy_duration": 331.4316267967224,
            "total_update_duration": 30.092026948928833,
            "total_saving_state_duration": 0.06210136413574219,
            "total_sleeping_time": 1253.3878102302551,
            "finished_reconf": true
        },
        "dep9": {
            "total_uptime_duration": 361.6705825328827,
            "total_loading_state_duration": 0.15059208869934082,
            "total_deploy_duration": 331.3609764575958,
            "total_update_duration": 30.05352783203125,
            "total_saving_state_duration": 0.06499862670898438,
            "total_sleeping_time": 1252.9393401145935,
            "finished_reconf": true
        },
        "dep6": {
            "total_uptime_duration": 361.6590082645416,
            "total_loading_state_duration": 0.17072057723999023,
            "total_deploy_duration": 301.3233542442322,
            "total_update_duration": 60.05711817741394,
            "total_saving_state_duration": 0.06354951858520508,
            "total_sleeping_time": 1254.4280154705048,
            "finished_reconf": true
        },
        "dep5": {
            "total_uptime_duration": 361.7025318145752,
            "total_loading_state_duration": 0.12441134452819824,
            "total_deploy_duration": 331.47517347335815,
            "total_update_duration": 30.000534296035767,
            "total_saving_state_duration": 0.0702204704284668,
            "total_sleeping_time": 1231.8291664123535,
            "finished_reconf": true
        },
        "dep4": {
            "total_uptime_duration": 390.72322940826416,
            "total_loading_state_duration": 0.1402568817138672,
            "total_deploy_duration": 345.9162366390228,
            "total_update_duration": 44.56884241104126,
            "total_saving_state_duration": 0.06391596794128418,
            "total_sleeping_time": 1192.1112461090088,
            "finished_reconf": true
        },
        "dep8": {
            "total_uptime_duration": 361.5709545612335,
            "total_loading_state_duration": 0.16852712631225586,
            "total_deploy_duration": 301.1975655555725,
            "total_update_duration": 60.09954595565796,
            "total_saving_state_duration": 0.06620287895202637,
            "total_sleeping_time": 1254.2269287109375,
            "finished_reconf": true
        },
        "dep3": {
            "total_uptime_duration": 361.38350915908813,
            "total_loading_state_duration": 0.14021706581115723,
            "total_deploy_duration": 331.09985733032227,
            "total_update_duration": 30.048235177993774,
            "total_saving_state_duration": 0.06381368637084961,
            "total_sleeping_time": 1242.6192727088928,
            "finished_reconf": true
        },
        "server": {
            "total_uptime_duration": 376.6518723964691,
            "total_loading_state_duration": 0.13813567161560059,
            "total_deploy_duration": 330.15845561027527,
            "total_update_duration": 46.15995502471924,
            "total_saving_state_duration": 0.156358003616333,
            "total_sleeping_time": 1208.1006436347961,
            "finished_reconf": true
        },
        "dep1": {
            "total_uptime_duration": 390.7258689403534,
            "total_loading_state_duration": 0.17894816398620605,
            "total_deploy_duration": 301.3331871032715,
            "total_update_duration": 89.1061794757843,
            "total_saving_state_duration": 0.06734180450439453,
            "total_sleeping_time": 1191.5881748199463,
            "finished_reconf": true
        },
        "dep0": {
            "total_uptime_duration": 361.5605492591858,
            "total_loading_state_duration": 0.15379738807678223,
            "total_deploy_duration": 331.26115465164185,
            "total_update_duration": 30.039080381393433,
            "total_saving_state_duration": 0.06751656532287598,
            "total_sleeping_time": 1224.8429896831512,
            "finished_reconf": true
        },
        "dep10": {
            "total_uptime_duration": 361.59900283813477,
            "total_loading_state_duration": 0.15687322616577148,
            "total_deploy_duration": 314.8397867679596,
            "total_update_duration": 46.503657579422,
            "total_saving_state_duration": 0.06218838691711426,
            "total_sleeping_time": 1253.8912754058838,
            "finished_reconf": true
        },
        "dep11": {
            "total_uptime_duration": 391.8133804798126,
            "total_loading_state_duration": 0.21229338645935059,
            "total_deploy_duration": 331.34224486351013,
            "total_update_duration": 60.142693758010864,
            "total_saving_state_duration": 0.07154011726379395,
            "total_sleeping_time": 1313.0930953025818,
            "finished_reconf": true
        },
        "dep2": {
            "total_uptime_duration": 363.79756808280945,
            "total_loading_state_duration": 0.12711215019226074,
            "total_deploy_duration": 304.059556722641,
            "total_update_duration": 59.513789892196655,
            "total_saving_state_duration": 0.06547737121582031,
            "total_sleeping_time": 1251.984891653061,
            "finished_reconf": true
        }
    }
}