{
    "parameters": {
        "version_concerto_name": "concerto-decentralized",
        "transitions_times_file_name": "/home/anomond/parameters/transitions_times/transitions_times-1-30-deps12-1.json",
        "uptimes_file_name": "/home/anomond/parameters/uptimes/uptimes-60-30-12-1-1-1.json",
        "expe_num": 1,
        "cluster": "uvb"
    },
    "global_results": {
        "finished_reconf": true,
        "max_deploy_time": 29.12,
        "max_update_time": 50.06,
        "max_reconf_time": 79.18,
        "max_sleeping_time": 66.23,
        "max_execution_time": 127.78
    },
    "results": {
        "dep2": {
            "total_uptime_duration": 60.79620814323425,
            "total_loading_state_duration": 0.020880699157714844,
            "total_deploy_duration": 28.697246551513672,
            "total_update_duration": 32.06044125556946,
            "total_saving_state_duration": 0.010301589965820312,
            "total_sleeping_time": 66.22933578491211,
            "finished_reconf": true
        },
        "dep8": {
            "total_uptime_duration": 60.82606482505798,
            "total_loading_state_duration": 0.01855635643005371,
            "total_deploy_duration": 28.48631978034973,
            "total_update_duration": 32.30397915840149,
            "total_saving_state_duration": 0.009879827499389648,
            "total_sleeping_time": 64.95769834518433,
            "finished_reconf": true
        },
        "dep0": {
            "total_uptime_duration": 60.90483808517456,
            "total_loading_state_duration": 0.01860809326171875,
            "total_deploy_duration": 28.549307346343994,
            "total_update_duration": 32.319384813308716,
            "total_saving_state_duration": 0.009697198867797852,
            "total_sleeping_time": 65.01253914833069,
            "finished_reconf": true
        },
        "dep10": {
            "total_uptime_duration": 60.89064836502075,
            "total_loading_state_duration": 0.019132375717163086,
            "total_deploy_duration": 28.56462836265564,
            "total_update_duration": 32.289501667022705,
            "total_saving_state_duration": 0.009968042373657227,
            "total_sleeping_time": 65.06878089904785,
            "finished_reconf": true
        },
        "dep9": {
            "total_uptime_duration": 60.934518337249756,
            "total_loading_state_duration": 0.018930912017822266,
            "total_deploy_duration": 28.555805921554565,
            "total_update_duration": 32.34183382987976,
            "total_saving_state_duration": 0.01022648811340332,
            "total_sleeping_time": 65.00743794441223,
            "finished_reconf": true
        },
        "dep3": {
            "total_uptime_duration": 61.08784866333008,
            "total_loading_state_duration": 0.020766019821166992,
            "total_deploy_duration": 28.887345552444458,
            "total_update_duration": 32.161563873291016,
            "total_saving_state_duration": 0.009943962097167969,
            "total_sleeping_time": 66.23025679588318,
            "finished_reconf": true
        },
        "dep5": {
            "total_uptime_duration": 60.83343315124512,
            "total_loading_state_duration": 0.0199582576751709,
            "total_deploy_duration": 28.593732595443726,
            "total_update_duration": 32.20196270942688,
            "total_saving_state_duration": 0.009932279586791992,
            "total_sleeping_time": 65.10903334617615,
            "finished_reconf": true
        },
        "dep4": {
            "total_uptime_duration": 60.89282464981079,
            "total_loading_state_duration": 0.02046036720275879,
            "total_deploy_duration": 28.43422245979309,
            "total_update_duration": 32.42088842391968,
            "total_saving_state_duration": 0.010011434555053711,
            "total_sleeping_time": 65.95206499099731,
            "finished_reconf": true
        },
        "dep1": {
            "total_uptime_duration": 60.86225175857544,
            "total_loading_state_duration": 0.019706249237060547,
            "total_deploy_duration": 28.66495990753174,
            "total_update_duration": 32.15932822227478,
            "total_saving_state_duration": 0.010182857513427734,
            "total_sleeping_time": 65.27968311309814,
            "finished_reconf": true
        },
        "dep7": {
            "total_uptime_duration": 60.81846833229065,
            "total_loading_state_duration": 0.02079463005065918,
            "total_deploy_duration": 29.1202974319458,
            "total_update_duration": 31.66016149520874,
            "total_saving_state_duration": 0.009763956069946289,
            "total_sleeping_time": 65.81386804580688,
            "finished_reconf": true
        },
        "dep6": {
            "total_uptime_duration": 64.33492064476013,
            "total_loading_state_duration": 0.02020573616027832,
            "total_deploy_duration": 28.768892288208008,
            "total_update_duration": 35.527589559555054,
            "total_saving_state_duration": 0.010378837585449219,
            "total_sleeping_time": 62.137953996658325,
            "finished_reconf": true
        },
        "dep11": {
            "total_uptime_duration": 60.92171049118042,
            "total_loading_state_duration": 0.020374059677124023,
            "total_deploy_duration": 28.52985143661499,
            "total_update_duration": 32.353646993637085,
            "total_saving_state_duration": 0.009990453720092773,
            "total_sleeping_time": 64.74506187438965,
            "finished_reconf": true
        },
        "server": {
            "total_uptime_duration": 79.10980033874512,
            "total_loading_state_duration": 0.026007413864135742,
            "total_deploy_duration": 28.981527090072632,
            "total_update_duration": 50.063175201416016,
            "total_saving_state_duration": 0.02884531021118164,
            "total_sleeping_time": 48.668654918670654,
            "finished_reconf": true
        }
    }
}