{
    "parameters": {
        "version_concerto_name": "concerto-decentralized",
        "transitions_times_file_name": "/home/anomond/parameters/transitions_times/transitions_times-1-30-deps12-0.json",
        "uptimes_file_name": "/home/anomond/parameters/uptimes/uptimes-60-30-12-1-1-1.json",
        "expe_num": 1,
        "cluster": "uvb"
    },
    "global_results": {
        "finished_reconf": true,
        "max_deploy_time": 37.12,
        "max_update_time": 22.85,
        "max_reconf_time": 59.97,
        "max_sleeping_time": 32.97,
        "max_execution_time": 88.25
    },
    "results": {
        "dep2": {
            "total_uptime_duration": 55.28104496002197,
            "total_loading_state_duration": 0.012216806411743164,
            "total_deploy_duration": 32.52144813537598,
            "total_update_duration": 22.736271619796753,
            "total_saving_state_duration": 0.004685640335083008,
            "total_sleeping_time": 32.9714720249176,
            "finished_reconf": true
        },
        "dep8": {
            "total_uptime_duration": 54.59896755218506,
            "total_loading_state_duration": 0.01833820343017578,
            "total_deploy_duration": 31.83590006828308,
            "total_update_duration": 22.729860067367554,
            "total_saving_state_duration": 0.005762338638305664,
            "total_sleeping_time": 32.70293140411377,
            "finished_reconf": true
        },
        "dep0": {
            "total_uptime_duration": 55.01677989959717,
            "total_loading_state_duration": 0.01788640022277832,
            "total_deploy_duration": 32.16696238517761,
            "total_update_duration": 22.811853408813477,
            "total_saving_state_duration": 0.005533933639526367,
            "total_sleeping_time": 32.66288781166077,
            "finished_reconf": true
        },
        "dep10": {
            "total_uptime_duration": 54.95005655288696,
            "total_loading_state_duration": 0.02250075340270996,
            "total_deploy_duration": 32.10139346122742,
            "total_update_duration": 22.810951709747314,
            "total_saving_state_duration": 0.0055999755859375,
            "total_sleeping_time": 32.344738245010376,
            "finished_reconf": true
        },
        "dep9": {
            "total_uptime_duration": 54.751660108566284,
            "total_loading_state_duration": 0.023618459701538086,
            "total_deploy_duration": 31.876678228378296,
            "total_update_duration": 22.83641481399536,
            "total_saving_state_duration": 0.0048902034759521484,
            "total_sleeping_time": 32.44723916053772,
            "finished_reconf": true
        },
        "dep3": {
            "total_uptime_duration": 54.85735011100769,
            "total_loading_state_duration": 0.01727008819580078,
            "total_deploy_duration": 32.09713006019592,
            "total_update_duration": 22.728506803512573,
            "total_saving_state_duration": 0.0051136016845703125,
            "total_sleeping_time": 32.171650886535645,
            "finished_reconf": true
        },
        "dep5": {
            "total_uptime_duration": 54.8693311214447,
            "total_loading_state_duration": 0.017245769500732422,
            "total_deploy_duration": 31.99838662147522,
            "total_update_duration": 22.837817907333374,
            "total_saving_state_duration": 0.005339384078979492,
            "total_sleeping_time": 32.0701060295105,
            "finished_reconf": true
        },
        "dep4": {
            "total_uptime_duration": 54.84580969810486,
            "total_loading_state_duration": 0.017031431198120117,
            "total_deploy_duration": 32.08790159225464,
            "total_update_duration": 22.724949836730957,
            "total_saving_state_duration": 0.005694389343261719,
            "total_sleeping_time": 32.15037822723389,
            "finished_reconf": true
        },
        "dep1": {
            "total_uptime_duration": 54.91738224029541,
            "total_loading_state_duration": 0.012599945068359375,
            "total_deploy_duration": 32.183640241622925,
            "total_update_duration": 22.709383249282837,
            "total_saving_state_duration": 0.005064487457275391,
            "total_sleeping_time": 32.1495943069458,
            "finished_reconf": true
        },
        "dep7": {
            "total_uptime_duration": 54.731847524642944,
            "total_loading_state_duration": 0.018383502960205078,
            "total_deploy_duration": 31.9249267578125,
            "total_update_duration": 22.77483630180359,
            "total_saving_state_duration": 0.00583648681640625,
            "total_sleeping_time": 31.837918758392334,
            "finished_reconf": true
        },
        "dep6": {
            "total_uptime_duration": 54.7671012878418,
            "total_loading_state_duration": 0.016328811645507812,
            "total_deploy_duration": 31.937326431274414,
            "total_update_duration": 22.79981756210327,
            "total_saving_state_duration": 0.005628824234008789,
            "total_sleeping_time": 31.79451823234558,
            "finished_reconf": true
        },
        "dep11": {
            "total_uptime_duration": 55.144325256347656,
            "total_loading_state_duration": 0.014850854873657227,
            "total_deploy_duration": 32.26172852516174,
            "total_update_duration": 22.853744983673096,
            "total_saving_state_duration": 0.005780696868896484,
            "total_sleeping_time": 31.8412663936615,
            "finished_reconf": true
        },
        "server": {
            "total_uptime_duration": 59.9515597820282,
            "total_loading_state_duration": 0.0234987735748291,
            "total_deploy_duration": 37.11750817298889,
            "total_update_duration": 22.787140607833862,
            "total_saving_state_duration": 0.01436924934387207,
            "total_sleeping_time": 28.03443956375122,
            "finished_reconf": true
        }
    }
}