{
    "parameters": {
        "version_concerto_name": "concerto-decentralized-synchrone",
        "transitions_times_file_name": "/home/anomond/parameters/transitions_times/transitions_times-1-30-deps12-1.json",
        "uptimes_file_name": "/home/anomond/parameters/uptimes/uptimes-60-30-12-0_5-0_6.json",
        "expe_num": 1,
        "cluster": "uvb"
    },
    "global_results": {
        "finished_reconf": true,
        "max_deploy_time": 354.44,
        "max_update_time": 290.12,
        "max_reconf_time": 644.55,
        "max_sleeping_time": 1829.24,
        "max_execution_time": 2372.29
    },
    "results": {
        "dep2": {
            "total_uptime_duration": 557.2187798023224,
            "total_loading_state_duration": 0.18579316139221191,
            "total_deploy_duration": 270.9130835533142,
            "total_update_duration": 285.68168592453003,
            "total_saving_state_duration": 0.09996771812438965,
            "total_sleeping_time": 1812.5986170768738,
            "finished_reconf": true
        },
        "dep8": {
            "total_uptime_duration": 561.3798997402191,
            "total_loading_state_duration": 0.17922711372375488,
            "total_deploy_duration": 270.6413209438324,
            "total_update_duration": 290.11520767211914,
            "total_saving_state_duration": 0.11002826690673828,
            "total_sleeping_time": 1792.4421195983887,
            "finished_reconf": true
        },
        "dep1": {
            "total_uptime_duration": 541.7009587287903,
            "total_loading_state_duration": 0.16511297225952148,
            "total_deploy_duration": 278.91492342948914,
            "total_update_duration": 262.1935636997223,
            "total_saving_state_duration": 0.10715579986572266,
            "total_sleeping_time": 1829.2433109283447,
            "finished_reconf": true
        },
        "dep5": {
            "total_uptime_duration": 571.0592064857483,
            "total_loading_state_duration": 0.18437981605529785,
            "total_deploy_duration": 284.26486349105835,
            "total_update_duration": 286.1564095020294,
            "total_saving_state_duration": 0.11714482307434082,
            "total_sleeping_time": 1799.1491043567657,
            "finished_reconf": true
        },
        "dep9": {
            "total_uptime_duration": 543.6754190921783,
            "total_loading_state_duration": 0.1828906536102295,
            "total_deploy_duration": 279.3006467819214,
            "total_update_duration": 263.76424646377563,
            "total_saving_state_duration": 0.09827375411987305,
            "total_sleeping_time": 1828.1498470306396,
            "finished_reconf": true
        },
        "dep4": {
            "total_uptime_duration": 560.1759870052338,
            "total_loading_state_duration": 0.1773524284362793,
            "total_deploy_duration": 270.54011392593384,
            "total_update_duration": 289.03027057647705,
            "total_saving_state_duration": 0.10112261772155762,
            "total_sleeping_time": 1794.0960810184479,
            "finished_reconf": true
        },
        "dep0": {
            "total_uptime_duration": 517.4468133449554,
            "total_loading_state_duration": 0.1835627555847168,
            "total_deploy_duration": 276.2465422153473,
            "total_update_duration": 240.60580587387085,
            "total_saving_state_duration": 0.09243392944335938,
            "total_sleeping_time": 1728.138380765915,
            "finished_reconf": true
        },
        "dep7": {
            "total_uptime_duration": 560.8901374340057,
            "total_loading_state_duration": 0.18694257736206055,
            "total_deploy_duration": 273.57440090179443,
            "total_update_duration": 286.69174575805664,
            "total_saving_state_duration": 0.10170578956604004,
            "total_sleeping_time": 1792.5971584320068,
            "finished_reconf": true
        },
        "dep10": {
            "total_uptime_duration": 483.36380767822266,
            "total_loading_state_duration": 0.1535196304321289,
            "total_deploy_duration": 288.41422748565674,
            "total_update_duration": 194.43949484825134,
            "total_saving_state_duration": 0.08019065856933594,
            "total_sleeping_time": 1489.6838219165802,
            "finished_reconf": true
        },
        "server": {
            "total_uptime_duration": 549.694308757782,
            "total_loading_state_duration": 0.18616962432861328,
            "total_deploy_duration": 354.4351227283478,
            "total_update_duration": 194.5223605632782,
            "total_saving_state_duration": 0.24189305305480957,
            "total_sleeping_time": 1698.8853619098663,
            "finished_reconf": true
        },
        "dep6": {
            "total_uptime_duration": 530.9637334346771,
            "total_loading_state_duration": 0.1758415699005127,
            "total_deploy_duration": 270.60756182670593,
            "total_update_duration": 259.76260256767273,
            "total_saving_state_duration": 0.09421563148498535,
            "total_sleeping_time": 1716.2410571575165,
            "finished_reconf": true
        },
        "dep11": {
            "total_uptime_duration": 555.4739031791687,
            "total_loading_state_duration": 0.18102312088012695,
            "total_deploy_duration": 271.2614061832428,
            "total_update_duration": 283.59950613975525,
            "total_saving_state_duration": 0.09838628768920898,
            "total_sleeping_time": 1815.1862909793854,
            "finished_reconf": true
        },
        "dep3": {
            "total_uptime_duration": 558.6858329772949,
            "total_loading_state_duration": 0.1811521053314209,
            "total_deploy_duration": 304.1250295639038,
            "total_update_duration": 253.956876039505,
            "total_saving_state_duration": 0.09836626052856445,
            "total_sleeping_time": 1813.6090850830078,
            "finished_reconf": true
        }
    }
}