{
    "parameters": {
        "version_concerto_name": "concerto-decentralized-synchrone",
        "transitions_times_file_name": "/home/anomond/parameters/transitions_times/transitions_times-1-30-deps12-1.json",
        "uptimes_file_name": "/home/anomond/parameters/uptimes/uptimes-60-30-12-0_02-0_05.json",
        "expe_num": 1,
        "cluster": "uvb"
    },
    "global_results": {
        "finished_reconf": false,
        "max_deploy_time": 1819.81,
        "max_update_time": 0,
        "max_reconf_time": 1819.81,
        "max_sleeping_time": 5846.86,
        "max_execution_time": 7652.11
    },
    "results": {
        "dep2": {
            "total_uptime_duration": 1808.9995136260986,
            "total_loading_state_duration": 0.5808494091033936,
            "total_deploy_duration": 1807.0584688186646,
            "total_update_duration": 0,
            "total_saving_state_duration": 0.323413610458374,
            "total_sleeping_time": 5774.991250753403
        },
        "dep9": {
            "total_uptime_duration": 1804.3745341300964,
            "total_loading_state_duration": 0.5993976593017578,
            "total_deploy_duration": 1802.4073448181152,
            "total_update_duration": 0,
            "total_saving_state_duration": 0.313370943069458,
            "total_sleeping_time": 5774.961782693863
        },
        "dep10": {
            "total_uptime_duration": 1804.073933839798,
            "total_loading_state_duration": 0.5968585014343262,
            "total_deploy_duration": 1802.1375272274017,
            "total_update_duration": 0,
            "total_saving_state_duration": 0.3037409782409668,
            "total_sleeping_time": 5779.630577325821
        },
        "dep3": {
            "total_uptime_duration": 1804.4689073562622,
            "total_loading_state_duration": 0.6032710075378418,
            "total_deploy_duration": 1802.4822845458984,
            "total_update_duration": 0,
            "total_saving_state_duration": 0.33399152755737305,
            "total_sleeping_time": 5779.230043888092
        },
        "dep0": {
            "total_uptime_duration": 1821.7618215084076,
            "total_loading_state_duration": 0.5881249904632568,
            "total_deploy_duration": 1819.8080832958221,
            "total_update_duration": 0,
            "total_saving_state_duration": 0.3309452533721924,
            "total_sleeping_time": 5830.3502333164215
        },
        "dep1": {
            "total_uptime_duration": 1804.7020757198334,
            "total_loading_state_duration": 0.5993187427520752,
            "total_deploy_duration": 1802.7397611141205,
            "total_update_duration": 0,
            "total_saving_state_duration": 0.31632328033447266,
            "total_sleeping_time": 5846.859868049622
        },
        "dep11": {
            "total_uptime_duration": 1804.3686068058014,
            "total_loading_state_duration": 0.6053738594055176,
            "total_deploy_duration": 1802.3942556381226,
            "total_update_duration": 0,
            "total_saving_state_duration": 0.3197665214538574,
            "total_sleeping_time": 5777.700049877167
        },
        "dep7": {
            "total_uptime_duration": 1804.5955102443695,
            "total_loading_state_duration": 0.5883173942565918,
            "total_deploy_duration": 1802.6504156589508,
            "total_update_duration": 0,
            "total_saving_state_duration": 0.32501769065856934,
            "total_sleeping_time": 5776.433323144913
        },
        "dep5": {
            "total_uptime_duration": 1804.7487449645996,
            "total_loading_state_duration": 0.6191689968109131,
            "total_deploy_duration": 1802.7365012168884,
            "total_update_duration": 0,
            "total_saving_state_duration": 0.3296794891357422,
            "total_sleeping_time": 5773.90074801445
        },
        "dep8": {
            "total_uptime_duration": 1803.8639876842499,
            "total_loading_state_duration": 0.5735926628112793,
            "total_deploy_duration": 1801.9720113277435,
            "total_update_duration": 0,
            "total_saving_state_duration": 0.3034489154815674,
            "total_sleeping_time": 5778.1073796749115
        },
        "dep4": {
            "total_uptime_duration": 1805.1616868972778,
            "total_loading_state_duration": 0.6103386878967285,
            "total_deploy_duration": 1803.1751685142517,
            "total_update_duration": 0,
            "total_saving_state_duration": 0.32116246223449707,
            "total_sleeping_time": 5844.905379533768
        },
        "dep6": {
            "total_uptime_duration": 1804.0558471679688,
            "total_loading_state_duration": 0.5903544425964355,
            "total_deploy_duration": 1802.1356089115143,
            "total_update_duration": 0,
            "total_saving_state_duration": 0.31093287467956543,
            "total_sleeping_time": 5779.782869100571
        },
        "server": {
            "total_uptime_duration": 1806.0676038265228,
            "total_loading_state_duration": 0.6458172798156738,
            "total_deploy_duration": 1803.6686515808105,
            "total_update_duration": 0,
            "total_saving_state_duration": 0.7279777526855469,
            "total_sleeping_time": 5842.265093803406
        }
    }
}