{
    "parameters": {
        "version_concerto_name": "concerto-decentralized",
        "transitions_times_file_name": "/home/anomond/parameters/transitions_times/transitions_times-1-30-deps12-1.json",
        "uptimes_file_name": "/home/anomond/parameters/uptimes/uptimes-60-30-12-0_02-0_05.json",
        "expe_num": 2,
        "cluster": "uvb"
    },
    "global_results": {
        "finished_reconf": true,
        "max_deploy_time": 238.07,
        "max_update_time": 45.07,
        "max_reconf_time": 283.14,
        "max_sleeping_time": 1997.3,
        "max_execution_time": 2255.98
    },
    "results": {
        "dep0": {
            "total_uptime_duration": 269.29237699508667,
            "total_loading_state_duration": 0.2552781105041504,
            "total_deploy_duration": 234.35527181625366,
            "total_update_duration": 34.55243468284607,
            "total_saving_state_duration": 0.07925176620483398,
            "total_sleeping_time": 1986.6920008659363,
            "finished_reconf": true
        },
        "server": {
            "total_uptime_duration": 271.75020837783813,
            "total_loading_state_duration": 0.18788886070251465,
            "total_deploy_duration": 230.45716166496277,
            "total_update_duration": 40.855019330978394,
            "total_saving_state_duration": 0.2000408172607422,
            "total_sleeping_time": 1838.1178843975067,
            "finished_reconf": true
        },
        "dep1": {
            "total_uptime_duration": 251.03626012802124,
            "total_loading_state_duration": 0.1939232349395752,
            "total_deploy_duration": 226.69138073921204,
            "total_update_duration": 24.03208351135254,
            "total_saving_state_duration": 0.07507157325744629,
            "total_sleeping_time": 1853.1209466457367,
            "finished_reconf": true
        },
        "dep10": {
            "total_uptime_duration": 256.99483942985535,
            "total_loading_state_duration": 0.23625683784484863,
            "total_deploy_duration": 226.53670620918274,
            "total_update_duration": 30.084866046905518,
            "total_saving_state_duration": 0.0769951343536377,
            "total_sleeping_time": 1925.0830011367798,
            "finished_reconf": true
        },
        "dep8": {
            "total_uptime_duration": 260.50341963768005,
            "total_loading_state_duration": 0.20233774185180664,
            "total_deploy_duration": 219.53821301460266,
            "total_update_duration": 40.635661602020264,
            "total_saving_state_duration": 0.07755041122436523,
            "total_sleeping_time": 1986.3059842586517,
            "finished_reconf": true
        },
        "dep11": {
            "total_uptime_duration": 241.86502838134766,
            "total_loading_state_duration": 0.2196061611175537,
            "total_deploy_duration": 211.50826239585876,
            "total_update_duration": 30.01705813407898,
            "total_saving_state_duration": 0.07363414764404297,
            "total_sleeping_time": 1883.087413072586,
            "finished_reconf": true
        },
        "dep4": {
            "total_uptime_duration": 241.9210193157196,
            "total_loading_state_duration": 0.20483994483947754,
            "total_deploy_duration": 213.09194111824036,
            "total_update_duration": 28.507710456848145,
            "total_saving_state_duration": 0.0717322826385498,
            "total_sleeping_time": 1884.2593891620636,
            "finished_reconf": true
        },
        "dep6": {
            "total_uptime_duration": 256.85841274261475,
            "total_loading_state_duration": 0.21243667602539062,
            "total_deploy_duration": 211.45469856262207,
            "total_update_duration": 45.06634449958801,
            "total_saving_state_duration": 0.07926559448242188,
            "total_sleeping_time": 1927.411315202713,
            "finished_reconf": true
        },
        "dep7": {
            "total_uptime_duration": 257.0284616947174,
            "total_loading_state_duration": 0.24254059791564941,
            "total_deploy_duration": 226.5146200656891,
            "total_update_duration": 30.142325162887573,
            "total_saving_state_duration": 0.07356595993041992,
            "total_sleeping_time": 1925.4622657299042,
            "finished_reconf": true
        },
        "dep3": {
            "total_uptime_duration": 242.08716583251953,
            "total_loading_state_duration": 0.24898576736450195,
            "total_deploy_duration": 226.62708711624146,
            "total_update_duration": 15.079017877578735,
            "total_saving_state_duration": 0.07238650321960449,
            "total_sleeping_time": 1882.7135517597198,
            "finished_reconf": true
        },
        "dep9": {
            "total_uptime_duration": 255.14883732795715,
            "total_loading_state_duration": 0.2371509075164795,
            "total_deploy_duration": 238.07210969924927,
            "total_update_duration": 16.720031023025513,
            "total_saving_state_duration": 0.07085061073303223,
            "total_sleeping_time": 1869.552482843399,
            "finished_reconf": true
        },
        "dep5": {
            "total_uptime_duration": 257.0889825820923,
            "total_loading_state_duration": 0.2846834659576416,
            "total_deploy_duration": 226.64329075813293,
            "total_update_duration": 30.018344402313232,
            "total_saving_state_duration": 0.07919049263000488,
            "total_sleeping_time": 1997.3014640808105,
            "finished_reconf": true
        },
        "dep2": {
            "total_uptime_duration": 249.46140694618225,
            "total_loading_state_duration": 0.26689600944519043,
            "total_deploy_duration": 212.09304428100586,
            "total_update_duration": 36.965808391571045,
            "total_saving_state_duration": 0.07319855690002441,
            "total_sleeping_time": 1879.3203420639038,
            "finished_reconf": true
        }
    }
}