{
    "parameters": {
        "version_concerto_name": "concerto-decentralized",
        "transitions_times_file_name": "/home/anomond/parameters/transitions_times/transitions_times-1-30-deps12-1.json",
        "uptimes_file_name": "/home/anomond/parameters/uptimes/uptimes-60-30-12-0_2-0_3.json",
        "expe_num": 2,
        "cluster": "uvb"
    },
    "global_results": {
        "finished_reconf": true,
        "max_deploy_time": 222.98,
        "max_update_time": 40.84,
        "max_reconf_time": 263.81,
        "max_sleeping_time": 1890.19,
        "max_execution_time": 2131.97
    },
    "results": {
        "dep10": {
            "total_uptime_duration": 241.90586829185486,
            "total_loading_state_duration": 0.18352842330932617,
            "total_deploy_duration": 211.5710163116455,
            "total_update_duration": 30.032578945159912,
            "total_saving_state_duration": 0.07400274276733398,
            "total_sleeping_time": 1888.0638580322266,
            "finished_reconf": true
        },
        "dep4": {
            "total_uptime_duration": 234.0425627231598,
            "total_loading_state_duration": 0.18979144096374512,
            "total_deploy_duration": 196.54380822181702,
            "total_update_duration": 37.19593286514282,
            "total_saving_state_duration": 0.07019877433776855,
            "total_sleeping_time": 1743.7999725341797,
            "finished_reconf": true
        },
        "dep9": {
            "total_uptime_duration": 240.00076007843018,
            "total_loading_state_duration": 0.19633102416992188,
            "total_deploy_duration": 222.97515058517456,
            "total_update_duration": 16.7136013507843,
            "total_saving_state_duration": 0.06656241416931152,
            "total_sleeping_time": 1760.1505177021027,
            "finished_reconf": true
        },
        "dep11": {
            "total_uptime_duration": 241.77806782722473,
            "total_loading_state_duration": 0.17467832565307617,
            "total_deploy_duration": 211.36928963661194,
            "total_update_duration": 30.115363836288452,
            "total_saving_state_duration": 0.0747535228729248,
            "total_sleeping_time": 1890.1897418498993,
            "finished_reconf": true
        },
        "dep8": {
            "total_uptime_duration": 236.9147081375122,
            "total_loading_state_duration": 0.1896510124206543,
            "total_deploy_duration": 196.33540534973145,
            "total_update_duration": 40.275392055511475,
            "total_saving_state_duration": 0.06814074516296387,
            "total_sleeping_time": 1739.7514216899872,
            "finished_reconf": true
        },
        "dep0": {
            "total_uptime_duration": 254.0417878627777,
            "total_loading_state_duration": 0.1835803985595703,
            "total_deploy_duration": 219.2179298400879,
            "total_update_duration": 34.521451473236084,
            "total_saving_state_duration": 0.07360529899597168,
            "total_sleeping_time": 1842.7289772033691,
            "finished_reconf": true
        },
        "server": {
            "total_uptime_duration": 256.7655987739563,
            "total_loading_state_duration": 0.16745400428771973,
            "total_deploy_duration": 215.52721118927002,
            "total_update_duration": 40.83561420440674,
            "total_saving_state_duration": 0.19025874137878418,
            "total_sleeping_time": 1723.2173421382904,
            "finished_reconf": true
        },
        "dep5": {
            "total_uptime_duration": 236.73056173324585,
            "total_loading_state_duration": 0.16243243217468262,
            "total_deploy_duration": 211.53113746643066,
            "total_update_duration": 24.92161989212036,
            "total_saving_state_duration": 0.0730125904083252,
            "total_sleeping_time": 1740.2086877822876,
            "finished_reconf": true
        },
        "dep7": {
            "total_uptime_duration": 241.94274163246155,
            "total_loading_state_duration": 0.22112560272216797,
            "total_deploy_duration": 211.5066785812378,
            "total_update_duration": 30.093430280685425,
            "total_saving_state_duration": 0.07511043548583984,
            "total_sleeping_time": 1817.1990280151367,
            "finished_reconf": true
        },
        "dep1": {
            "total_uptime_duration": 250.934068441391,
            "total_loading_state_duration": 0.18564558029174805,
            "total_deploy_duration": 211.52085328102112,
            "total_update_duration": 39.10884380340576,
            "total_saving_state_duration": 0.07573390007019043,
            "total_sleeping_time": 1869.9133582115173,
            "finished_reconf": true
        },
        "dep2": {
            "total_uptime_duration": 226.99728798866272,
            "total_loading_state_duration": 0.16132783889770508,
            "total_deploy_duration": 196.67662644386292,
            "total_update_duration": 30.053327322006226,
            "total_saving_state_duration": 0.06632590293884277,
            "total_sleeping_time": 1774.9355504512787,
            "finished_reconf": true
        },
        "dep6": {
            "total_uptime_duration": 241.87850642204285,
            "total_loading_state_duration": 0.19696307182312012,
            "total_deploy_duration": 211.50064277648926,
            "total_update_duration": 30.0636088848114,
            "total_saving_state_duration": 0.07334351539611816,
            "total_sleeping_time": 1823.6015315055847,
            "finished_reconf": true
        },
        "dep3": {
            "total_uptime_duration": 241.78140115737915,
            "total_loading_state_duration": 0.2068772315979004,
            "total_deploy_duration": 211.37112975120544,
            "total_update_duration": 30.08997631072998,
            "total_saving_state_duration": 0.06972622871398926,
            "total_sleeping_time": 1839.9791722297668,
            "finished_reconf": true
        }
    }
}