{
    "parameters": {
        "version_concerto_name": "concerto-decentralized",
        "transitions_times_file_name": "/home/anomond/parameters/transitions_times/transitions_times-1-30-deps12-0.json",
        "uptimes_file_name": "/home/anomond/parameters/uptimes/uptimes-60-30-12-0_02-0_05.json",
        "expe_num": 2,
        "cluster": "uvb"
    },
    "global_results": {
        "finished_reconf": true,
        "max_deploy_time": 240.14,
        "max_update_time": 45.3,
        "max_reconf_time": 285.43,
        "max_sleeping_time": 1998.91,
        "max_execution_time": 2255.63
    },
    "results": {
        "dep10": {
            "total_uptime_duration": 256.8998041152954,
            "total_loading_state_duration": 0.2667407989501953,
            "total_deploy_duration": 226.45417714118958,
            "total_update_duration": 30.04175090789795,
            "total_saving_state_duration": 0.07687211036682129,
            "total_sleeping_time": 1925.2356810569763,
            "finished_reconf": true
        },
        "dep4": {
            "total_uptime_duration": 253.59611988067627,
            "total_loading_state_duration": 0.21979498863220215,
            "total_deploy_duration": 226.456529378891,
            "total_update_duration": 26.792881727218628,
            "total_saving_state_duration": 0.0739736557006836,
            "total_sleeping_time": 1873.9900720119476,
            "finished_reconf": true
        },
        "dep9": {
            "total_uptime_duration": 242.09345078468323,
            "total_loading_state_duration": 0.2762634754180908,
            "total_deploy_duration": 226.6189341545105,
            "total_update_duration": 15.070427894592285,
            "total_saving_state_duration": 0.07080817222595215,
            "total_sleeping_time": 1882.2675590515137,
            "finished_reconf": true
        },
        "dep11": {
            "total_uptime_duration": 242.09877228736877,
            "total_loading_state_duration": 0.2677738666534424,
            "total_deploy_duration": 211.50825023651123,
            "total_update_duration": 30.193641662597656,
            "total_saving_state_duration": 0.0746006965637207,
            "total_sleeping_time": 1881.5152904987335,
            "finished_reconf": true
        },
        "dep8": {
            "total_uptime_duration": 256.89015769958496,
            "total_loading_state_duration": 0.18620967864990234,
            "total_deploy_duration": 226.51013684272766,
            "total_update_duration": 30.07329797744751,
            "total_saving_state_duration": 0.07589221000671387,
            "total_sleeping_time": 1990.0320663452148,
            "finished_reconf": true
        },
        "dep0": {
            "total_uptime_duration": 256.7203996181488,
            "total_loading_state_duration": 0.22937655448913574,
            "total_deploy_duration": 226.24991035461426,
            "total_update_duration": 30.10679006576538,
            "total_saving_state_duration": 0.07794785499572754,
            "total_sleeping_time": 1998.9080846309662,
            "finished_reconf": true
        },
        "server": {
            "total_uptime_duration": 271.6903796195984,
            "total_loading_state_duration": 0.18570923805236816,
            "total_deploy_duration": 240.1380627155304,
            "total_update_duration": 31.121373414993286,
            "total_saving_state_duration": 0.19426536560058594,
            "total_sleeping_time": 1829.854215145111,
            "finished_reconf": true
        },
        "dep5": {
            "total_uptime_duration": 256.85127806663513,
            "total_loading_state_duration": 0.22937226295471191,
            "total_deploy_duration": 226.45325350761414,
            "total_update_duration": 30.0366427898407,
            "total_saving_state_duration": 0.08145952224731445,
            "total_sleeping_time": 1996.579521894455,
            "finished_reconf": true
        },
        "dep7": {
            "total_uptime_duration": 262.93254137039185,
            "total_loading_state_duration": 0.31586647033691406,
            "total_deploy_duration": 228.09644985198975,
            "total_update_duration": 34.387080907821655,
            "total_saving_state_duration": 0.07699108123779297,
            "total_sleeping_time": 1920.7509269714355,
            "finished_reconf": true
        },
        "dep1": {
            "total_uptime_duration": 247.62081265449524,
            "total_loading_state_duration": 0.24111318588256836,
            "total_deploy_duration": 232.248783826828,
            "total_update_duration": 15.008437395095825,
            "total_saving_state_duration": 0.07389020919799805,
            "total_sleeping_time": 1856.3229331970215,
            "finished_reconf": true
        },
        "dep2": {
            "total_uptime_duration": 242.463360786438,
            "total_loading_state_duration": 0.2433640956878662,
            "total_deploy_duration": 211.44157147407532,
            "total_update_duration": 30.65687346458435,
            "total_saving_state_duration": 0.07165408134460449,
            "total_sleeping_time": 1882.4969327449799,
            "finished_reconf": true
        },
        "dep6": {
            "total_uptime_duration": 257.67457032203674,
            "total_loading_state_duration": 0.2472078800201416,
            "total_deploy_duration": 211.99834513664246,
            "total_update_duration": 45.2950713634491,
            "total_saving_state_duration": 0.07906126976013184,
            "total_sleeping_time": 1925.8140013217926,
            "finished_reconf": true
        },
        "dep3": {
            "total_uptime_duration": 241.94484043121338,
            "total_loading_state_duration": 0.23810791969299316,
            "total_deploy_duration": 226.54572916030884,
            "total_update_duration": 15.03966736793518,
            "total_saving_state_duration": 0.06956148147583008,
            "total_sleeping_time": 1881.9234611988068,
            "finished_reconf": true
        }
    }
}