{
    "parameters": {
        "version_concerto_name": "concerto-decentralized",
        "transitions_times_file_name": "/home/anomond/parameters/transitions_times/transitions_times-1-30-deps12-0.json",
        "uptimes_file_name": "/home/anomond/parameters/uptimes/uptimes-60-30-12-0_2-0_3.json",
        "expe_num": 2,
        "cluster": "uvb"
    },
    "global_results": {
        "finished_reconf": true,
        "max_deploy_time": 209.89,
        "max_update_time": 49.41,
        "max_reconf_time": 259.31,
        "max_sleeping_time": 1740.85,
        "max_execution_time": 1971.14
    },
    "results": {
        "dep2": {
            "total_uptime_duration": 220.11045861244202,
            "total_loading_state_duration": 0.1990044116973877,
            "total_deploy_duration": 181.42084646224976,
            "total_update_duration": 38.382550954818726,
            "total_saving_state_duration": 0.06270980834960938,
            "total_sleeping_time": 1618.8798115253448,
            "finished_reconf": true
        },
        "dep1": {
            "total_uptime_duration": 217.42869973182678,
            "total_loading_state_duration": 0.15910696983337402,
            "total_deploy_duration": 202.08270835876465,
            "total_update_duration": 15.07790493965149,
            "total_saving_state_duration": 0.06795763969421387,
            "total_sleeping_time": 1626.0270528793335,
            "finished_reconf": true
        },
        "dep8": {
            "total_uptime_duration": 211.66207003593445,
            "total_loading_state_duration": 0.17486977577209473,
            "total_deploy_duration": 181.25194478034973,
            "total_update_duration": 30.13031792640686,
            "total_saving_state_duration": 0.06369853019714355,
            "total_sleeping_time": 1646.011075258255,
            "finished_reconf": true
        },
        "dep5": {
            "total_uptime_duration": 211.5698471069336,
            "total_loading_state_duration": 0.16338872909545898,
            "total_deploy_duration": 196.3221390247345,
            "total_update_duration": 14.979495763778687,
            "total_saving_state_duration": 0.0659480094909668,
            "total_sleeping_time": 1651.8528497219086,
            "finished_reconf": true
        },
        "dep9": {
            "total_uptime_duration": 211.84715056419373,
            "total_loading_state_duration": 0.20199346542358398,
            "total_deploy_duration": 181.50685954093933,
            "total_update_duration": 30.02842688560486,
            "total_saving_state_duration": 0.06523942947387695,
            "total_sleeping_time": 1659.716150522232,
            "finished_reconf": true
        },
        "dep4": {
            "total_uptime_duration": 230.28040623664856,
            "total_loading_state_duration": 0.1744089126586914,
            "total_deploy_duration": 199.9149889945984,
            "total_update_duration": 30.08470106124878,
            "total_saving_state_duration": 0.06635451316833496,
            "total_sleeping_time": 1740.8547148704529,
            "finished_reconf": true
        },
        "dep7": {
            "total_uptime_duration": 232.44086170196533,
            "total_loading_state_duration": 0.1739199161529541,
            "total_deploy_duration": 182.73747038841248,
            "total_update_duration": 49.41309952735901,
            "total_saving_state_duration": 0.07336044311523438,
            "total_sleeping_time": 1717.8288486003876,
            "finished_reconf": true
        },
        "dep10": {
            "total_uptime_duration": 226.78904151916504,
            "total_loading_state_duration": 0.18654656410217285,
            "total_deploy_duration": 181.43657064437866,
            "total_update_duration": 45.050596475601196,
            "total_saving_state_duration": 0.07237720489501953,
            "total_sleeping_time": 1730.1367535591125,
            "finished_reconf": true
        },
        "server": {
            "total_uptime_duration": 241.4156150817871,
            "total_loading_state_duration": 0.1514732837677002,
            "total_deploy_duration": 209.89413833618164,
            "total_update_duration": 31.148602962493896,
            "total_saving_state_duration": 0.17906713485717773,
            "total_sleeping_time": 1601.3378417491913,
            "finished_reconf": true
        },
        "dep6": {
            "total_uptime_duration": 217.66596174240112,
            "total_loading_state_duration": 0.1679377555847168,
            "total_deploy_duration": 181.45854568481445,
            "total_update_duration": 35.93842387199402,
            "total_saving_state_duration": 0.06255435943603516,
            "total_sleeping_time": 1622.0037753582,
            "finished_reconf": true
        },
        "dep0": {
            "total_uptime_duration": 211.3129861354828,
            "total_loading_state_duration": 0.15476393699645996,
            "total_deploy_duration": 196.0664405822754,
            "total_update_duration": 14.987270593643188,
            "total_saving_state_duration": 0.06481075286865234,
            "total_sleeping_time": 1643.021324634552,
            "finished_reconf": true
        },
        "dep11": {
            "total_uptime_duration": 211.81243634223938,
            "total_loading_state_duration": 0.18099737167358398,
            "total_deploy_duration": 196.41685843467712,
            "total_update_duration": 15.107973337173462,
            "total_saving_state_duration": 0.06573820114135742,
            "total_sleeping_time": 1645.0292375087738,
            "finished_reconf": true
        },
        "dep3": {
            "total_uptime_duration": 226.6271526813507,
            "total_loading_state_duration": 0.20555400848388672,
            "total_deploy_duration": 187.44240307807922,
            "total_update_duration": 38.863510608673096,
            "total_saving_state_duration": 0.06950688362121582,
            "total_sleeping_time": 1705.8267731666565,
            "finished_reconf": true
        }
    }
}