{
    "parameters": {
        "version_concerto_name": "concerto-decentralized-synchrone",
        "transitions_times_file_name": "/home/anomond/parameters/transitions_times/transitions_times-1-30-deps12-0.json",
        "uptimes_file_name": "/home/anomond/parameters/uptimes/uptimes-60-30-12-1-1-1.json",
        "expe_num": 1,
        "cluster": "uvb"
    },
    "global_results": {
        "finished_reconf": true,
        "max_deploy_time": 35.86,
        "max_update_time": 23.61,
        "max_reconf_time": 59.47,
        "max_sleeping_time": 31.12,
        "max_execution_time": 86.64
    },
    "results": {
        "dep11": {
            "total_uptime_duration": 54.84577679634094,
            "total_loading_state_duration": 0.011710643768310547,
            "total_deploy_duration": 31.372716188430786,
            "total_update_duration": 23.41810703277588,
            "total_saving_state_duration": 0.0060231685638427734,
            "total_sleeping_time": 31.07628607749939,
            "finished_reconf": true
        },
        "dep8": {
            "total_uptime_duration": 55.003589391708374,
            "total_loading_state_duration": 0.012834310531616211,
            "total_deploy_duration": 31.430349111557007,
            "total_update_duration": 23.519495725631714,
            "total_saving_state_duration": 0.006137371063232422,
            "total_sleeping_time": 31.048064708709717,
            "finished_reconf": true
        },
        "dep6": {
            "total_uptime_duration": 55.60945153236389,
            "total_loading_state_duration": 0.01105189323425293,
            "total_deploy_duration": 31.968566417694092,
            "total_update_duration": 23.58899760246277,
            "total_saving_state_duration": 0.006459951400756836,
            "total_sleeping_time": 31.028111219406128,
            "finished_reconf": true
        },
        "dep10": {
            "total_uptime_duration": 55.364704847335815,
            "total_loading_state_duration": 0.012440681457519531,
            "total_deploy_duration": 31.692766189575195,
            "total_update_duration": 23.61308789253235,
            "total_saving_state_duration": 0.005064487457275391,
            "total_sleeping_time": 31.117663383483887,
            "finished_reconf": true
        },
        "dep9": {
            "total_uptime_duration": 55.34729194641113,
            "total_loading_state_duration": 0.011032819747924805,
            "total_deploy_duration": 31.724806308746338,
            "total_update_duration": 23.570257663726807,
            "total_saving_state_duration": 0.005315303802490234,
            "total_sleeping_time": 30.947604179382324,
            "finished_reconf": true
        },
        "dep1": {
            "total_uptime_duration": 55.13311696052551,
            "total_loading_state_duration": 0.012013435363769531,
            "total_deploy_duration": 31.548064947128296,
            "total_update_duration": 23.531648635864258,
            "total_saving_state_duration": 0.006665706634521484,
            "total_sleeping_time": 30.78604555130005,
            "finished_reconf": true
        },
        "dep2": {
            "total_uptime_duration": 55.428383588790894,
            "total_loading_state_duration": 0.00897836685180664,
            "total_deploy_duration": 32.03822064399719,
            "total_update_duration": 23.340303897857666,
            "total_saving_state_duration": 0.0065326690673828125,
            "total_sleeping_time": 30.758689165115356,
            "finished_reconf": true
        },
        "dep5": {
            "total_uptime_duration": 55.16234016418457,
            "total_loading_state_duration": 0.01231527328491211,
            "total_deploy_duration": 31.59688401222229,
            "total_update_duration": 23.51245093345642,
            "total_saving_state_duration": 0.005296468734741211,
            "total_sleeping_time": 30.738237857818604,
            "finished_reconf": true
        },
        "dep0": {
            "total_uptime_duration": 55.16659998893738,
            "total_loading_state_duration": 0.011531591415405273,
            "total_deploy_duration": 31.52056050300598,
            "total_update_duration": 23.59435224533081,
            "total_saving_state_duration": 0.00593256950378418,
            "total_sleeping_time": 30.73872947692871,
            "finished_reconf": true
        },
        "dep3": {
            "total_uptime_duration": 55.667409896850586,
            "total_loading_state_duration": 0.012408971786499023,
            "total_deploy_duration": 32.2041962146759,
            "total_update_duration": 23.409466981887817,
            "total_saving_state_duration": 0.0067708492279052734,
            "total_sleeping_time": 30.767118215560913,
            "finished_reconf": true
        },
        "dep4": {
            "total_uptime_duration": 55.20774960517883,
            "total_loading_state_duration": 0.012152433395385742,
            "total_deploy_duration": 31.81856083869934,
            "total_update_duration": 23.336159229278564,
            "total_saving_state_duration": 0.005587100982666016,
            "total_sleeping_time": 30.64212703704834,
            "finished_reconf": true
        },
        "dep7": {
            "total_uptime_duration": 54.93529272079468,
            "total_loading_state_duration": 0.01186370849609375,
            "total_deploy_duration": 31.410684823989868,
            "total_update_duration": 23.47222352027893,
            "total_saving_state_duration": 0.005754709243774414,
            "total_sleeping_time": 30.732661962509155,
            "finished_reconf": true
        },
        "server": {
            "total_uptime_duration": 59.48404145240784,
            "total_loading_state_duration": 0.014463663101196289,
            "total_deploy_duration": 35.85867476463318,
            "total_update_duration": 23.55858826637268,
            "total_saving_state_duration": 0.016054630279541016,
            "total_sleeping_time": 26.851757526397705,
            "finished_reconf": true
        }
    }
}