{
    "parameters": {
        "version_concerto_name": "concerto-decentralized",
        "transitions_times_file_name": "/home/anomond/parameters/transitions_times/transitions_times-1-30-deps12-0.json",
        "uptimes_file_name": "/home/anomond/parameters/uptimes/uptimes-60-30-12-0_5-0_6.json",
        "expe_num": 1,
        "cluster": "uvb"
    },
    "results": {
        "dep1": {
            "total_uptime_duration": 172.4380600452423,
            "total_loading_state_duration": 0.05639314651489258,
            "total_deploy_duration": 159.53530859947205,
            "total_update_duration": 7.963180541992188e-05,
            "total_saving_state_duration": 0.028402328491210938,
            "total_sleeping_time": 535.4632730484009
        },
        "dep8": {
            "total_uptime_duration": 179.31359362602234,
            "total_loading_state_duration": 0.05641508102416992,
            "total_deploy_duration": 149.1596338748932,
            "total_update_duration": 1.1193571090698242,
            "total_saving_state_duration": 0.027018308639526367,
            "total_sleeping_time": 528.2261350154877
        },
        "dep2": {
            "total_uptime_duration": 160.90882062911987,
            "total_loading_state_duration": 0.05682110786437988,
            "total_deploy_duration": 132.93562698364258,
            "total_update_duration": 20.861515760421753,
            "total_saving_state_duration": 0.025582075119018555,
            "total_sleeping_time": 546.7555186748505
        },
        "dep5": {
            "total_uptime_duration": 169.35115671157837,
            "total_loading_state_duration": 0.04527425765991211,
            "total_deploy_duration": 126.92712569236755,
            "total_update_duration": 23.234739780426025,
            "total_saving_state_duration": 0.025679349899291992,
            "total_sleeping_time": 538.7344236373901
        },
        "dep9": {
            "total_uptime_duration": 181.30134344100952,
            "total_loading_state_duration": 0.06608462333679199,
            "total_deploy_duration": 136.88429427146912,
            "total_update_duration": 43.52550792694092,
            "total_saving_state_duration": 0.03281402587890625,
            "total_sleeping_time": 635.0327701568604
        },
        "dep4": {
            "total_uptime_duration": 174.34776258468628,
            "total_loading_state_duration": 0.05837869644165039,
            "total_deploy_duration": 131.29757618904114,
            "total_update_duration": 18.86485195159912,
            "total_saving_state_duration": 0.027613401412963867,
            "total_sleeping_time": 533.3703258037567
        },
        "dep0": {
            "total_uptime_duration": 181.14279079437256,
            "total_loading_state_duration": 0.06629467010498047,
            "total_deploy_duration": 125.74327826499939,
            "total_update_duration": 54.51043772697449,
            "total_saving_state_duration": 0.03964591026306152,
            "total_sleeping_time": 622.2368383407593
        },
        "dep7": {
            "total_uptime_duration": 200.07327389717102,
            "total_loading_state_duration": 0.06386756896972656,
            "total_deploy_duration": 149.59220051765442,
            "total_update_duration": 49.59551024436951,
            "total_saving_state_duration": 0.03603386878967285,
            "total_sleeping_time": 579.5138559341431
        },
        "dep10": {
            "total_uptime_duration": 169.79575061798096,
            "total_loading_state_duration": 0.053159236907958984,
            "total_deploy_duration": 120.88252115249634,
            "total_update_duration": 29.312515020370483,
            "total_saving_state_duration": 0.026801109313964844,
            "total_sleeping_time": 537.6569576263428
        },
        "server": {
            "total_uptime_duration": 192.8128366470337,
            "total_loading_state_duration": 0.05878949165344238,
            "total_deploy_duration": 135.93230819702148,
            "total_update_duration": 27.716193199157715,
            "total_saving_state_duration": 0.06621694564819336,
            "total_sleeping_time": 515.4906587600708
        },
        "dep6": {
            "total_uptime_duration": 158.12437987327576,
            "total_loading_state_duration": 0.05521726608276367,
            "total_deploy_duration": 129.91690468788147,
            "total_update_duration": 20.335551023483276,
            "total_saving_state_duration": 0.02837395668029785,
            "total_sleeping_time": 549.2081367969513
        },
        "dep11": {
            "total_uptime_duration": 181.15366411209106,
            "total_loading_state_duration": 0.06588244438171387,
            "total_deploy_duration": 129.28682136535645,
            "total_update_duration": 50.98268008232117,
            "total_saving_state_duration": 0.034148454666137695,
            "total_sleeping_time": 648.4295499324799
        },
        "dep3": {
            "total_uptime_duration": 181.2533311843872,
            "total_loading_state_duration": 0.06140875816345215,
            "total_deploy_duration": 121.02712512016296,
            "total_update_duration": 59.34892559051514,
            "total_saving_state_duration": 0.03124237060546875,
            "total_sleeping_time": 648.8973858356476
        }
    }
}