{
    "parameters": {
        "version_concerto_name": "concerto-decentralized-synchrone",
        "transitions_times_file_name": "/home/anomond/parameters/transitions_times/transitions_times-1-30-deps12-0.json",
        "uptimes_file_name": "/home/anomond/parameters/uptimes/uptimes-60-30-12-0_5-0_6.json",
        "expe_num": 1,
        "cluster": "uvb"
    },
    "results": {
        "dep2": {
            "total_uptime_duration": 541.9974172115326,
            "total_loading_state_duration": 0.18954253196716309,
            "total_deploy_duration": 270.9219090938568,
            "total_update_duration": 270.36669635772705,
            "total_saving_state_duration": 0.10746216773986816,
            "total_sleeping_time": 1813.1469376087189
        },
        "dep8": {
            "total_uptime_duration": 564.2784235477448,
            "total_loading_state_duration": 0.1752614974975586,
            "total_deploy_duration": 270.7075312137604,
            "total_update_duration": 270.292414188385,
            "total_saving_state_duration": 0.09891557693481445,
            "total_sleeping_time": 1792.8612792491913
        },
        "dep5": {
            "total_uptime_duration": 530.6176359653473,
            "total_loading_state_duration": 0.18840837478637695,
            "total_deploy_duration": 284.2157928943634,
            "total_update_duration": 226.68971967697144,
            "total_saving_state_duration": 0.09641599655151367,
            "total_sleeping_time": 1696.8373925685883
        },
        "dep9": {
            "total_uptime_duration": 524.2046489715576,
            "total_loading_state_duration": 0.16899394989013672,
            "total_deploy_duration": 275.34166836738586,
            "total_update_duration": 235.80395603179932,
            "total_saving_state_duration": 0.09358334541320801,
            "total_sleeping_time": 1723.0570666790009
        },
        "dep1": {
            "total_uptime_duration": 543.4012360572815,
            "total_loading_state_duration": 0.18457531929016113,
            "total_deploy_duration": 291.26270866394043,
            "total_update_duration": 228.09324312210083,
            "total_saving_state_duration": 0.09757733345031738,
            "total_sleeping_time": 1703.3563904762268
        },
        "dep0": {
            "total_uptime_duration": 542.0687592029572,
            "total_loading_state_duration": 0.192612886428833,
            "total_deploy_duration": 328.25421118736267,
            "total_update_duration": 212.9795117378235,
            "total_saving_state_duration": 0.10041379928588867,
            "total_sleeping_time": 1807.4200775623322
        },
        "dep4": {
            "total_uptime_duration": 563.436609506607,
            "total_loading_state_duration": 0.17471551895141602,
            "total_deploy_duration": 361.6388747692108,
            "total_update_duration": 179.34319639205933,
            "total_saving_state_duration": 0.0912926197052002,
            "total_sleeping_time": 1794.3652789592743
        },
        "dep7": {
            "total_uptime_duration": 533.7840077877045,
            "total_loading_state_duration": 0.1732466220855713,
            "total_deploy_duration": 356.5596957206726,
            "total_update_duration": 168.78566551208496,
            "total_saving_state_duration": 0.10156393051147461,
            "total_sleeping_time": 1712.7684924602509
        },
        "dep10": {
            "total_uptime_duration": 566.3362412452698,
            "total_loading_state_duration": 0.18441200256347656,
            "total_deploy_duration": 297.7306067943573,
            "total_update_duration": 251.47264194488525,
            "total_saving_state_duration": 0.10954928398132324,
            "total_sleeping_time": 1790.5037896633148
        },
        "server": {
            "total_uptime_duration": 569.1272482872009,
            "total_loading_state_duration": 0.2047257423400879,
            "total_deploy_duration": 358.1631636619568,
            "total_update_duration": 210.12545943260193,
            "total_saving_state_duration": 0.25100207328796387,
            "total_sleeping_time": 1777.754573583603
        },
        "dep6": {
            "total_uptime_duration": 548.3277983665466,
            "total_loading_state_duration": 0.19589018821716309,
            "total_deploy_duration": 270.6939105987549,
            "total_update_duration": 270.42616534233093,
            "total_saving_state_duration": 0.10154271125793457,
            "total_sleeping_time": 1808.5432991981506
        },
        "dep11": {
            "total_uptime_duration": 545.9999368190765,
            "total_loading_state_duration": 0.18643593788146973,
            "total_deploy_duration": 271.2440092563629,
            "total_update_duration": 273.93188738822937,
            "total_saving_state_duration": 0.09927082061767578,
            "total_sleeping_time": 1810.9171359539032
        },
        "dep3": {
            "total_uptime_duration": 543.0878632068634,
            "total_loading_state_duration": 0.1799635887145996,
            "total_deploy_duration": 291.12207221984863,
            "total_update_duration": 249.585928440094,
            "total_saving_state_duration": 0.0982203483581543,
            "total_sleeping_time": 1813.1728918552399
        }
    }
}