{
    "parameters": {
        "version_concerto_name": "concerto-decentralized-synchrone",
        "transitions_times_file_name": "/home/anomond/parameters/transitions_times/transitions_times-1-30-deps12-0.json",
        "uptimes_file_name": "/home/anomond/parameters/uptimes/uptimes-60-30-12-0_2-0_3.json",
        "expe_num": 1,
        "cluster": "uvb"
    },
    "results": {
        "dep2": {
            "total_uptime_duration": 1805.104244709015,
            "total_loading_state_duration": 0.5981724262237549,
            "total_deploy_duration": 1292.256808757782,
            "total_update_duration": 510.88739037513733,
            "total_saving_state_duration": 0.32604432106018066,
            "total_sleeping_time": 5848.799481391907
        },
        "dep8": {
            "total_uptime_duration": 1805.056941986084,
            "total_loading_state_duration": 0.5719521045684814,
            "total_deploy_duration": 1262.316148519516,
            "total_update_duration": 540.8313679695129,
            "total_saving_state_duration": 0.3172917366027832,
            "total_sleeping_time": 5793.702591896057
        },
        "dep5": {
            "total_uptime_duration": 1805.0284640789032,
            "total_loading_state_duration": 0.6004970073699951,
            "total_deploy_duration": 1262.059692621231,
            "total_update_duration": 540.9717783927917,
            "total_saving_state_duration": 0.34534168243408203,
            "total_sleeping_time": 5856.364405155182
        },
        "dep9": {
            "total_uptime_duration": 1805.2567853927612,
            "total_loading_state_duration": 0.5763747692108154,
            "total_deploy_duration": 1292.4692924022675,
            "total_update_duration": 510.8698241710663,
            "total_saving_state_duration": 0.31369853019714355,
            "total_sleeping_time": 5829.782744646072
        },
        "dep1": {
            "total_uptime_duration": 1807.090170621872,
            "total_loading_state_duration": 0.6144835948944092,
            "total_deploy_duration": 1292.337848186493,
            "total_update_duration": 512.7531976699829,
            "total_saving_state_duration": 0.3297691345214844,
            "total_sleeping_time": 5861.763014793396
        },
        "dep0": {
            "total_uptime_duration": 1805.2130689620972,
            "total_loading_state_duration": 0.5814180374145508,
            "total_deploy_duration": 1322.2540562152863,
            "total_update_duration": 481.0026707649231,
            "total_saving_state_duration": 0.33307909965515137,
            "total_sleeping_time": 5794.62566113472
        },
        "dep4": {
            "total_uptime_duration": 1804.8169009685516,
            "total_loading_state_duration": 0.5775861740112305,
            "total_deploy_duration": 1322.0011522769928,
            "total_update_duration": 480.8879270553589,
            "total_saving_state_duration": 0.31573486328125,
            "total_sleeping_time": 5864.319034337997
        },
        "dep7": {
            "total_uptime_duration": 1805.5837528705597,
            "total_loading_state_duration": 0.5738339424133301,
            "total_deploy_duration": 1312.3264937400818,
            "total_update_duration": 491.29480743408203,
            "total_saving_state_duration": 0.3481612205505371,
            "total_sleeping_time": 5850.824706554413
        },
        "dep10": {
            "total_uptime_duration": 1805.50705742836,
            "total_loading_state_duration": 0.5869758129119873,
            "total_deploy_duration": 1262.719699382782,
            "total_update_duration": 540.819338798523,
            "total_saving_state_duration": 0.34201741218566895,
            "total_sleeping_time": 5862.0095019340515
        },
        "server": {
            "total_uptime_duration": 1812.1652960777283,
            "total_loading_state_duration": 0.6393642425537109,
            "total_deploy_duration": 1661.4811170101166,
            "total_update_duration": 148.17673707008362,
            "total_saving_state_duration": 0.8344314098358154,
            "total_sleeping_time": 5830.17543721199
        },
        "dep6": {
            "total_uptime_duration": 1804.9461026191711,
            "total_loading_state_duration": 0.581862211227417,
            "total_deploy_duration": 1316.0650358200073,
            "total_update_duration": 486.9416615962982,
            "total_saving_state_duration": 0.33117127418518066,
            "total_sleeping_time": 5823.9028923511505
        },
        "dep11": {
            "total_uptime_duration": 1805.2728185653687,
            "total_loading_state_duration": 0.595531702041626,
            "total_deploy_duration": 1271.5205237865448,
            "total_update_duration": 531.7936065196991,
            "total_saving_state_duration": 0.319246768951416,
            "total_sleeping_time": 5791.761562585831
        },
        "dep3": {
            "total_uptime_duration": 1804.619345664978,
            "total_loading_state_duration": 0.5957767963409424,
            "total_deploy_duration": 1293.3653538227081,
            "total_update_duration": 509.29634165763855,
            "total_saving_state_duration": 0.32280564308166504,
            "total_sleeping_time": 5865.970154285431
        }
    }
}