{
    "parameters": {
        "version_concerto_name": "concerto-decentralized",
        "transitions_times_file_name": "/home/anomond/parameters/transitions_times/transitions_times-1-30-deps12-1.json",
        "uptimes_file_name": "/home/anomond/parameters/uptimes/uptimes-60-30-12-0_5-0_6.json",
        "expe_num": 1,
        "cluster": "uvb"
    },
    "results": {
        "dep1": {
            "total_uptime_duration": 190.24178504943848,
            "total_loading_state_duration": 0.06605792045593262,
            "total_deploy_duration": 150.97564220428467,
            "total_update_duration": 29.266234636306763,
            "total_saving_state_duration": 0.03442978858947754,
            "total_sleeping_time": 628.9481625556946
        },
        "dep8": {
            "total_uptime_duration": 211.22002959251404,
            "total_loading_state_duration": 0.0715799331665039,
            "total_deploy_duration": 147.43653535842896,
            "total_update_duration": 62.88714122772217,
            "total_saving_state_duration": 0.03747820854187012,
            "total_sleeping_time": 750.7445876598358
        },
        "dep2": {
            "total_uptime_duration": 182.71818661689758,
            "total_loading_state_duration": 0.06481266021728516,
            "total_deploy_duration": 131.79499650001526,
            "total_update_duration": 50.041399240493774,
            "total_saving_state_duration": 0.03156256675720215,
            "total_sleeping_time": 637.8190424442291
        },
        "dep5": {
            "total_uptime_duration": 205.01385760307312,
            "total_loading_state_duration": 0.05776095390319824,
            "total_deploy_duration": 125.23459482192993,
            "total_update_duration": 54.964916944503784,
            "total_saving_state_duration": 0.031404733657836914,
            "total_sleeping_time": 614.7440786361694
        },
        "dep9": {
            "total_uptime_duration": 188.45657873153687,
            "total_loading_state_duration": 0.06328392028808594,
            "total_deploy_duration": 135.1027159690857,
            "total_update_duration": 49.92583608627319,
            "total_saving_state_duration": 0.03315591812133789,
            "total_sleeping_time": 630.7280442714691
        },
        "dep4": {
            "total_uptime_duration": 181.28389525413513,
            "total_loading_state_duration": 0.06638336181640625,
            "total_deploy_duration": 129.8208668231964,
            "total_update_duration": 50.57843565940857,
            "total_saving_state_duration": 0.03264427185058594,
            "total_sleeping_time": 641.9134685993195
        },
        "dep0": {
            "total_uptime_duration": 202.87595772743225,
            "total_loading_state_duration": 0.06258249282836914,
            "total_deploy_duration": 130.47811484336853,
            "total_update_duration": 56.08306884765625,
            "total_saving_state_duration": 0.03727912902832031,
            "total_sleeping_time": 616.2286427021027
        },
        "dep7": {
            "total_uptime_duration": 218.96835374832153,
            "total_loading_state_duration": 0.07155108451843262,
            "total_deploy_duration": 143.1219081878662,
            "total_update_duration": 74.94867324829102,
            "total_saving_state_duration": 0.03835725784301758,
            "total_sleeping_time": 700.9929869174957
        },
        "dep10": {
            "total_uptime_duration": 183.4563672542572,
            "total_loading_state_duration": 0.0655968189239502,
            "total_deploy_duration": 120.84127521514893,
            "total_update_duration": 59.32963824272156,
            "total_saving_state_duration": 0.03155016899108887,
            "total_sleeping_time": 635.6952900886536
        },
        "server": {
            "total_uptime_duration": 197.22246551513672,
            "total_loading_state_duration": 0.07295370101928711,
            "total_deploy_duration": 126.25213551521301,
            "total_update_duration": 59.31429052352905,
            "total_saving_state_duration": 0.08051800727844238,
            "total_sleeping_time": 622.74081158638
        },
        "dep6": {
            "total_uptime_duration": 184.8698947429657,
            "total_loading_state_duration": 0.07016706466674805,
            "total_deploy_duration": 128.4898965358734,
            "total_update_duration": 51.8740336894989,
            "total_saving_state_duration": 0.0347599983215332,
            "total_sleeping_time": 634.5000586509705
        },
        "dep11": {
            "total_uptime_duration": 181.21645069122314,
            "total_loading_state_duration": 0.0745236873626709,
            "total_deploy_duration": 127.74665880203247,
            "total_update_duration": 52.57518291473389,
            "total_saving_state_duration": 0.03419756889343262,
            "total_sleeping_time": 648.7875773906708
        },
        "dep3": {
            "total_uptime_duration": 181.1864573955536,
            "total_loading_state_duration": 0.06289196014404297,
            "total_deploy_duration": 120.99506068229675,
            "total_update_duration": 59.31683039665222,
            "total_saving_state_duration": 0.030808448791503906,
            "total_sleeping_time": 648.9462926387787
        }
    }
}