{
    "parameters": {
        "version_concerto_name": "concerto-decentralized-synchrone",
        "transitions_times_file_name": "/home/anomond/parameters/transitions_times/transitions_times-1-30-deps12-1.json",
        "uptimes_file_name": "/home/anomond/parameters/uptimes/uptimes-60-30-12-0_5-0_6.json",
        "expe_num": 1,
        "cluster": "uvb"
    },
    "results": {
        "dep2": {
            "total_uptime_duration": 633.3686556816101,
            "total_loading_state_duration": 0.2269899845123291,
            "total_deploy_duration": 271.57082295417786,
            "total_update_duration": 360.8868954181671,
            "total_saving_state_duration": 0.11784577369689941,
            "total_sleeping_time": 2115.4011125564575
        },
        "dep8": {
            "total_uptime_duration": 659.3243355751038,
            "total_loading_state_duration": 0.20758342742919922,
            "total_deploy_duration": 295.56601333618164,
            "total_update_duration": 336.85298371315,
            "total_saving_state_duration": 0.11521172523498535,
            "total_sleeping_time": 2101.255756855011
        },
        "dep5": {
            "total_uptime_duration": 604.1171541213989,
            "total_loading_state_duration": 0.21131420135498047,
            "total_deploy_duration": 288.8137164115906,
            "total_update_duration": 312.2181034088135,
            "total_saving_state_duration": 0.1142580509185791,
            "total_sleeping_time": 2025.7580873966217
        },
        "dep9": {
            "total_uptime_duration": 571.7662134170532,
            "total_loading_state_duration": 0.19387507438659668,
            "total_deploy_duration": 274.97410321235657,
            "total_update_duration": 296.0775487422943,
            "total_saving_state_duration": 0.10475420951843262,
            "total_sleeping_time": 1900.3677906990051
        },
        "dep1": {
            "total_uptime_duration": 653.1620657444,
            "total_loading_state_duration": 0.22213339805603027,
            "total_deploy_duration": 330.137234210968,
            "total_update_duration": 300.7428891658783,
            "total_saving_state_duration": 0.11366081237792969,
            "total_sleeping_time": 2088.8388555049896
        },
        "dep0": {
            "total_uptime_duration": 634.4392700195312,
            "total_loading_state_duration": 0.21296095848083496,
            "total_deploy_duration": 276.16236662864685,
            "total_update_duration": 330.60752153396606,
            "total_saving_state_duration": 0.11257457733154297,
            "total_sleeping_time": 1994.4713461399078
        },
        "dep4": {
            "total_uptime_duration": 632.0941779613495,
            "total_loading_state_duration": 0.2089519500732422,
            "total_deploy_duration": 270.64578127861023,
            "total_update_duration": 360.5596215724945,
            "total_saving_state_duration": 0.10908842086791992,
            "total_sleeping_time": 2117.130684375763
        },
        "dep7": {
            "total_uptime_duration": 649.9082674980164,
            "total_loading_state_duration": 0.21844935417175293,
            "total_deploy_duration": 271.1734585762024,
            "total_update_duration": 362.2660503387451,
            "total_saving_state_duration": 0.12134242057800293,
            "total_sleeping_time": 2098.4465792179108
        },
        "dep10": {
            "total_uptime_duration": 640.7010502815247,
            "total_loading_state_duration": 0.21706891059875488,
            "total_deploy_duration": 394.3221061229706,
            "total_update_duration": 239.84346747398376,
            "total_saving_state_duration": 0.12577319145202637,
            "total_sleeping_time": 2107.5800034999847
        },
        "server": {
            "total_uptime_duration": 602.064514875412,
            "total_loading_state_duration": 0.20853185653686523,
            "total_deploy_duration": 365.22568106651306,
            "total_update_duration": 210.69417929649353,
            "total_saving_state_duration": 0.2746584415435791,
            "total_sleeping_time": 1898.4712986946106
        },
        "dep6": {
            "total_uptime_duration": 562.2751314640045,
            "total_loading_state_duration": 0.18397068977355957,
            "total_deploy_duration": 270.7085084915161,
            "total_update_duration": 270.4934051036835,
            "total_saving_state_duration": 0.10166573524475098,
            "total_sleeping_time": 1808.0696167945862
        },
        "dep11": {
            "total_uptime_duration": 631.8544132709503,
            "total_loading_state_duration": 0.2155160903930664,
            "total_deploy_duration": 290.81069779396057,
            "total_update_duration": 340.1631760597229,
            "total_saving_state_duration": 0.11351203918457031,
            "total_sleeping_time": 2128.2622895240784
        },
        "dep3": {
            "total_uptime_duration": 656.9597156047821,
            "total_loading_state_duration": 0.21510910987854004,
            "total_deploy_duration": 270.7664866447449,
            "total_update_duration": 360.5878338813782,
            "total_saving_state_duration": 0.12041735649108887,
            "total_sleeping_time": 2092.304473876953
        }
    }
}