{
    "parameters": {
        "version_concerto_name": "concerto-decentralized",
        "transitions_times_file_name": "/home/anomond/parameters/transitions_times/transitions_times-1-30-deps12-0.json",
        "uptimes_file_name": "/home/anomond/parameters/uptimes/uptimes-60-30-12-0_02-0_05.json",
        "expe_num": 1,
        "cluster": "uvb"
    },
    "results": {
        "dep1": {
            "total_uptime_duration": 451.8295238018036,
            "total_loading_state_duration": 0.19966816902160645,
            "total_deploy_duration": 361.44730401039124,
            "total_update_duration": 89.2945487499237,
            "total_saving_state_duration": 0.08026289939880371,
            "total_sleeping_time": 1474.2842464447021
        },
        "dep8": {
            "total_uptime_duration": 421.78743839263916,
            "total_loading_state_duration": 0.1965198516845703,
            "total_deploy_duration": 361.3768639564514,
            "total_update_duration": 59.32725381851196,
            "total_saving_state_duration": 0.07089734077453613,
            "total_sleeping_time": 1422.9943795204163
        },
        "dep2": {
            "total_uptime_duration": 421.79205870628357,
            "total_loading_state_duration": 0.18513202667236328,
            "total_deploy_duration": 391.4866442680359,
            "total_update_duration": 29.22560143470764,
            "total_saving_state_duration": 0.07242918014526367,
            "total_sleeping_time": 1441.5531313419342
        },
        "dep5": {
            "total_uptime_duration": 451.9671537876129,
            "total_loading_state_duration": 0.20221948623657227,
            "total_deploy_duration": 391.5143144130707,
            "total_update_duration": 59.35168170928955,
            "total_saving_state_duration": 0.0792531967163086,
            "total_sleeping_time": 1473.1402163505554
        },
        "dep9": {
            "total_uptime_duration": 451.9918224811554,
            "total_loading_state_duration": 0.22420024871826172,
            "total_deploy_duration": 391.56346249580383,
            "total_update_duration": 59.31418228149414,
            "total_saving_state_duration": 0.07839107513427734,
            "total_sleeping_time": 1541.0629410743713
        },
        "dep4": {
            "total_uptime_duration": 421.85716485977173,
            "total_loading_state_duration": 0.19194340705871582,
            "total_deploy_duration": 391.48734974861145,
            "total_update_duration": 29.2936372756958,
            "total_saving_state_duration": 0.07414746284484863,
            "total_sleeping_time": 1425.9704813957214
        },
        "dep0": {
            "total_uptime_duration": 448.95078444480896,
            "total_loading_state_duration": 0.20872282981872559,
            "total_deploy_duration": 391.57983779907227,
            "total_update_duration": 29.290615797042847,
            "total_saving_state_duration": 0.07528424263000488,
            "total_sleeping_time": 1386.170240163803
        },
        "dep7": {
            "total_uptime_duration": 449.1420648097992,
            "total_loading_state_duration": 0.22945141792297363,
            "total_deploy_duration": 391.3632230758667,
            "total_update_duration": 29.214528560638428,
            "total_saving_state_duration": 0.07582211494445801,
            "total_sleeping_time": 1382.5335972309113
        },
        "dep10": {
            "total_uptime_duration": 451.7210018634796,
            "total_loading_state_duration": 0.1916215419769287,
            "total_deploy_duration": 361.317325592041,
            "total_update_duration": 89.31205773353577,
            "total_saving_state_duration": 0.07686614990234375,
            "total_sleeping_time": 1472.0740509033203
        },
        "server": {
            "total_uptime_duration": 434.153617143631,
            "total_loading_state_duration": 0.16154026985168457,
            "total_deploy_duration": 387.64008712768555,
            "total_update_duration": 43.77121686935425,
            "total_saving_state_duration": 0.17695951461791992,
            "total_sleeping_time": 1406.4150984287262
        },
        "dep6": {
            "total_uptime_duration": 421.76962900161743,
            "total_loading_state_duration": 0.17310094833374023,
            "total_deploy_duration": 391.4216961860657,
            "total_update_duration": 29.282564401626587,
            "total_saving_state_duration": 0.07355546951293945,
            "total_sleeping_time": 1444.0401866436005
        },
        "dep11": {
            "total_uptime_duration": 421.84867310523987,
            "total_loading_state_duration": 0.24645090103149414,
            "total_deploy_duration": 361.3964331150055,
            "total_update_duration": 59.3115656375885,
            "total_saving_state_duration": 0.0752265453338623,
            "total_sleeping_time": 1443.073498725891
        },
        "dep3": {
            "total_uptime_duration": 452.1328213214874,
            "total_loading_state_duration": 0.2295365333557129,
            "total_deploy_duration": 361.6123459339142,
            "total_update_duration": 89.3816397190094,
            "total_saving_state_duration": 0.07915449142456055,
            "total_sleeping_time": 1471.419114112854
        }
    }
}