{
    "parameters": {
        "version_concerto_name": "concerto-decentralized",
        "transitions_times_file_name": "/home/anomond/parameters/transitions_times/transitions_times-1-30-deps12-1.json",
        "uptimes_file_name": "/home/anomond/parameters/uptimes/uptimes-60-30-12-1-1-1.json",
        "expe_num": 1,
        "cluster": "uvb"
    },
    "global_results": {
        "finished_reconf": true,
        "max_deploy_time": 29.06,
        "max_update_time": 65.53,
        "max_reconf_time": 94.59,
        "max_sleeping_time": 92.36,
        "max_execution_time": 186.52
    },
    "results": {
        "dep4": {
            "total_uptime_duration": 60.84311866760254,
            "total_loading_state_duration": 0.02053356170654297,
            "total_deploy_duration": 28.91753649711609,
            "total_update_duration": 31.887419939041138,
            "total_saving_state_duration": 0.01048135757446289,
            "total_sleeping_time": 64.44366192817688,
            "finished_reconf": true
        },
        "dep8": {
            "total_uptime_duration": 60.86971378326416,
            "total_loading_state_duration": 0.019796371459960938,
            "total_deploy_duration": 28.399930238723755,
            "total_update_duration": 32.43315315246582,
            "total_saving_state_duration": 0.009918928146362305,
            "total_sleeping_time": 64.7417778968811,
            "finished_reconf": true
        },
        "dep9": {
            "total_uptime_duration": 60.90899085998535,
            "total_loading_state_duration": 0.02003312110900879,
            "total_deploy_duration": 28.467409372329712,
            "total_update_duration": 32.405102014541626,
            "total_saving_state_duration": 0.009395360946655273,
            "total_sleeping_time": 63.81584644317627,
            "finished_reconf": true
        },
        "dep11": {
            "total_uptime_duration": 60.91494631767273,
            "total_loading_state_duration": 0.02066183090209961,
            "total_deploy_duration": 28.76691174507141,
            "total_update_duration": 32.11096954345703,
            "total_saving_state_duration": 0.008234977722167969,
            "total_sleeping_time": 64.46073579788208,
            "finished_reconf": true
        },
        "dep10": {
            "total_uptime_duration": 61.081238985061646,
            "total_loading_state_duration": 0.018993377685546875,
            "total_deploy_duration": 28.470553636550903,
            "total_update_duration": 32.57497811317444,
            "total_saving_state_duration": 0.009999513626098633,
            "total_sleeping_time": 64.2178602218628,
            "finished_reconf": true
        },
        "dep0": {
            "total_uptime_duration": 60.82674479484558,
            "total_loading_state_duration": 0.02050495147705078,
            "total_deploy_duration": 28.37549877166748,
            "total_update_duration": 32.41293954849243,
            "total_saving_state_duration": 0.009672403335571289,
            "total_sleeping_time": 63.806886196136475,
            "finished_reconf": true
        },
        "server": {
            "total_uptime_duration": 77.813720703125,
            "total_loading_state_duration": 0.02707219123840332,
            "total_deploy_duration": 28.654855251312256,
            "total_update_duration": 49.09264302253723,
            "total_saving_state_duration": 0.029584646224975586,
            "total_sleeping_time": 48.064390420913696,
            "finished_reconf": true
        },
        "dep3": {
            "total_uptime_duration": 61.06004309654236,
            "total_loading_state_duration": 0.020420551300048828,
            "total_deploy_duration": 28.925049781799316,
            "total_update_duration": 32.098008155822754,
            "total_saving_state_duration": 0.009804248809814453,
            "total_sleeping_time": 64.46331095695496,
            "finished_reconf": true
        },
        "dep1": {
            "total_uptime_duration": 60.799108028411865,
            "total_loading_state_duration": 0.01988506317138672,
            "total_deploy_duration": 28.700411796569824,
            "total_update_duration": 32.06172275543213,
            "total_saving_state_duration": 0.009841203689575195,
            "total_sleeping_time": 65.39971971511841,
            "finished_reconf": true
        },
        "dep6": {
            "total_uptime_duration": 94.15452361106873,
            "total_loading_state_duration": 0.02903890609741211,
            "total_deploy_duration": 28.576521396636963,
            "total_update_duration": 65.52762603759766,
            "total_saving_state_duration": 0.013436317443847656,
            "total_sleeping_time": 92.36190223693848,
            "finished_reconf": true
        },
        "dep7": {
            "total_uptime_duration": 60.867103099823,
            "total_loading_state_duration": 0.018314599990844727,
            "total_deploy_duration": 28.556652784347534,
            "total_update_duration": 32.27551627159119,
            "total_saving_state_duration": 0.00904536247253418,
            "total_sleeping_time": 64.54845333099365,
            "finished_reconf": true
        },
        "dep2": {
            "total_uptime_duration": 60.799604654312134,
            "total_loading_state_duration": 0.018622636795043945,
            "total_deploy_duration": 28.794199466705322,
            "total_update_duration": 31.970323085784912,
            "total_saving_state_duration": 0.010231256484985352,
            "total_sleeping_time": 64.79218649864197,
            "finished_reconf": true
        },
        "dep5": {
            "total_uptime_duration": 60.878260374069214,
            "total_loading_state_duration": 0.0191800594329834,
            "total_deploy_duration": 29.060172080993652,
            "total_update_duration": 31.782097578048706,
            "total_saving_state_duration": 0.009232759475708008,
            "total_sleeping_time": 65.2382173538208,
            "finished_reconf": true
        }
    }
}