{
    "parameters": {
        "version_concerto_name": "concerto-decentralized",
        "transitions_times_file_name": "/home/anomond/parameters/transitions_times/transitions_times-1-30-deps12-1.json",
        "uptimes_file_name": "/home/anomond/parameters/uptimes/uptimes-60-30-12-0_02-0_05.json",
        "expe_num": 1,
        "cluster": "uvb"
    },
    "global_results": {
        "finished_reconf": true,
        "max_deploy_time": 391.72,
        "max_update_time": 90.16,
        "max_reconf_time": 481.89,
        "max_sleeping_time": 1544.22,
        "max_execution_time": 1996.39
    },
    "results": {
        "dep4": {
            "total_uptime_duration": 421.8030722141266,
            "total_loading_state_duration": 0.1824791431427002,
            "total_deploy_duration": 391.4590470790863,
            "total_update_duration": 30.027262926101685,
            "total_saving_state_duration": 0.0825035572052002,
            "total_sleeping_time": 1429.1283872127533,
            "finished_reconf": true
        },
        "dep8": {
            "total_uptime_duration": 421.7737910747528,
            "total_loading_state_duration": 0.17531776428222656,
            "total_deploy_duration": 361.3904449939728,
            "total_update_duration": 60.08105659484863,
            "total_saving_state_duration": 0.0734250545501709,
            "total_sleeping_time": 1424.2308101654053,
            "finished_reconf": true
        },
        "dep9": {
            "total_uptime_duration": 452.17349123954773,
            "total_loading_state_duration": 0.22230243682861328,
            "total_deploy_duration": 391.7245087623596,
            "total_update_duration": 60.105117082595825,
            "total_saving_state_duration": 0.07245731353759766,
            "total_sleeping_time": 1544.220787525177,
            "finished_reconf": true
        },
        "dep11": {
            "total_uptime_duration": 421.6839301586151,
            "total_loading_state_duration": 0.21272730827331543,
            "total_deploy_duration": 361.2417619228363,
            "total_update_duration": 60.10449814796448,
            "total_saving_state_duration": 0.0702049732208252,
            "total_sleeping_time": 1446.1690037250519,
            "finished_reconf": true
        },
        "dep10": {
            "total_uptime_duration": 451.8586881160736,
            "total_loading_state_duration": 0.2402942180633545,
            "total_deploy_duration": 361.39930152893066,
            "total_update_duration": 90.0885865688324,
            "total_saving_state_duration": 0.07874131202697754,
            "total_sleeping_time": 1474.7877786159515,
            "finished_reconf": true
        },
        "dep0": {
            "total_uptime_duration": 451.92129588127136,
            "total_loading_state_duration": 0.1942598819732666,
            "total_deploy_duration": 391.50077629089355,
            "total_update_duration": 60.102829933166504,
            "total_saving_state_duration": 0.08200478553771973,
            "total_sleeping_time": 1477.6957213878632,
            "finished_reconf": true
        },
        "server": {
            "total_uptime_duration": 438.7297945022583,
            "total_loading_state_duration": 0.16181063652038574,
            "total_deploy_duration": 378.19952416419983,
            "total_update_duration": 60.142226219177246,
            "total_saving_state_duration": 0.18122625350952148,
            "total_sleeping_time": 1412.6027970314026,
            "finished_reconf": true
        },
        "dep3": {
            "total_uptime_duration": 451.8501091003418,
            "total_loading_state_duration": 0.25492405891418457,
            "total_deploy_duration": 361.33277320861816,
            "total_update_duration": 90.132328748703,
            "total_saving_state_duration": 0.08119654655456543,
            "total_sleeping_time": 1474.4459681510925,
            "finished_reconf": true
        },
        "dep1": {
            "total_uptime_duration": 451.87890458106995,
            "total_loading_state_duration": 0.2146594524383545,
            "total_deploy_duration": 361.3761532306671,
            "total_update_duration": 90.16068887710571,
            "total_saving_state_duration": 0.07927608489990234,
            "total_sleeping_time": 1476.7522339820862,
            "finished_reconf": true
        },
        "dep6": {
            "total_uptime_duration": 421.67604064941406,
            "total_loading_state_duration": 0.19304728507995605,
            "total_deploy_duration": 391.3192467689514,
            "total_update_duration": 30.051337242126465,
            "total_saving_state_duration": 0.07166147232055664,
            "total_sleeping_time": 1447.1922061443329,
            "finished_reconf": true
        },
        "dep7": {
            "total_uptime_duration": 452.1588296890259,
            "total_loading_state_duration": 0.25171828269958496,
            "total_deploy_duration": 391.6009452342987,
            "total_update_duration": 60.16988825798035,
            "total_saving_state_duration": 0.07834005355834961,
            "total_sleeping_time": 1543.4679248332977,
            "finished_reconf": true
        },
        "dep2": {
            "total_uptime_duration": 422.0220856666565,
            "total_loading_state_duration": 0.21871209144592285,
            "total_deploy_duration": 391.6466290950775,
            "total_update_duration": 30.039995908737183,
            "total_saving_state_duration": 0.0722806453704834,
            "total_sleeping_time": 1444.608773469925,
            "finished_reconf": true
        },
        "dep5": {
            "total_uptime_duration": 451.88983058929443,
            "total_loading_state_duration": 0.27281975746154785,
            "total_deploy_duration": 391.4164731502533,
            "total_update_duration": 60.063499212265015,
            "total_saving_state_duration": 0.07847905158996582,
            "total_sleeping_time": 1474.7213599681854,
            "finished_reconf": true
        }
    }
}