{
    "parameters": {
        "version_concerto_name": "concerto-decentralized",
        "transitions_times_file_name": "/home/anomond/parameters/transitions_times/transitions_times-1-30-deps12-0.json",
        "uptimes_file_name": "/home/anomond/parameters/uptimes/uptimes-60-30-12-0_2-0_3.json",
        "expe_num": 1,
        "cluster": "uvb"
    },
    "global_results": {
        "finished_reconf": true,
        "max_deploy_time": 375.84,
        "max_update_time": 90.16,
        "max_reconf_time": 465.99,
        "max_sleeping_time": 1314.09,
        "max_execution_time": 1705.85
    },
    "results": {
        "dep4": {
            "total_uptime_duration": 390.5985941886902,
            "total_loading_state_duration": 0.13727450370788574,
            "total_deploy_duration": 375.8350372314453,
            "total_update_duration": 14.524197816848755,
            "total_saving_state_duration": 0.06758546829223633,
            "total_sleeping_time": 1192.5681986808777,
            "finished_reconf": true
        },
        "dep8": {
            "total_uptime_duration": 361.6326115131378,
            "total_loading_state_duration": 0.12979459762573242,
            "total_deploy_duration": 301.32612204551697,
            "total_update_duration": 60.07893967628479,
            "total_saving_state_duration": 0.06460714340209961,
            "total_sleeping_time": 1252.6673276424408,
            "finished_reconf": true
        },
        "dep9": {
            "total_uptime_duration": 361.69909596443176,
            "total_loading_state_duration": 0.1859908103942871,
            "total_deploy_duration": 331.32201504707336,
            "total_update_duration": 30.092895030975342,
            "total_saving_state_duration": 0.05902433395385742,
            "total_sleeping_time": 1253.1726291179657,
            "finished_reconf": true
        },
        "dep11": {
            "total_uptime_duration": 391.76010179519653,
            "total_loading_state_duration": 0.14248943328857422,
            "total_deploy_duration": 331.414048910141,
            "total_update_duration": 60.10548210144043,
            "total_saving_state_duration": 0.06311345100402832,
            "total_sleeping_time": 1314.0869195461273,
            "finished_reconf": true
        },
        "dep10": {
            "total_uptime_duration": 361.80435156822205,
            "total_loading_state_duration": 0.17097067832946777,
            "total_deploy_duration": 314.9747459888458,
            "total_update_duration": 46.556273460388184,
            "total_saving_state_duration": 0.061981916427612305,
            "total_sleeping_time": 1254.233943939209,
            "finished_reconf": true
        },
        "dep0": {
            "total_uptime_duration": 361.56655836105347,
            "total_loading_state_duration": 0.13099098205566406,
            "total_deploy_duration": 331.24180006980896,
            "total_update_duration": 30.086166858673096,
            "total_saving_state_duration": 0.07348513603210449,
            "total_sleeping_time": 1224.0909357070923,
            "finished_reconf": true
        },
        "server": {
            "total_uptime_duration": 376.6544382572174,
            "total_loading_state_duration": 0.1427450180053711,
            "total_deploy_duration": 330.22933769226074,
            "total_update_duration": 46.08742046356201,
            "total_saving_state_duration": 0.1559314727783203,
            "total_sleeping_time": 1207.6943516731262,
            "finished_reconf": true
        },
        "dep3": {
            "total_uptime_duration": 361.5639362335205,
            "total_loading_state_duration": 0.13445401191711426,
            "total_deploy_duration": 331.32653999328613,
            "total_update_duration": 30.00829029083252,
            "total_saving_state_duration": 0.06271934509277344,
            "total_sleeping_time": 1242.7087140083313,
            "finished_reconf": true
        },
        "dep1": {
            "total_uptime_duration": 391.82183837890625,
            "total_loading_state_duration": 0.1445784568786621,
            "total_deploy_duration": 301.41609239578247,
            "total_update_duration": 90.15696048736572,
            "total_saving_state_duration": 0.06977438926696777,
            "total_sleeping_time": 1283.4669692516327,
            "finished_reconf": true
        },
        "dep6": {
            "total_uptime_duration": 361.5980296134949,
            "total_loading_state_duration": 0.1525251865386963,
            "total_deploy_duration": 301.2444624900818,
            "total_update_duration": 60.106688499450684,
            "total_saving_state_duration": 0.059635162353515625,
            "total_sleeping_time": 1253.494005203247,
            "finished_reconf": true
        },
        "dep7": {
            "total_uptime_duration": 361.7232987880707,
            "total_loading_state_duration": 0.19400429725646973,
            "total_deploy_duration": 331.33211398124695,
            "total_update_duration": 30.091978073120117,
            "total_saving_state_duration": 0.06382918357849121,
            "total_sleeping_time": 1253.7013022899628,
            "finished_reconf": true
        },
        "dep2": {
            "total_uptime_duration": 361.9554567337036,
            "total_loading_state_duration": 0.15560054779052734,
            "total_deploy_duration": 301.5297634601593,
            "total_update_duration": 60.158297538757324,
            "total_saving_state_duration": 0.0706174373626709,
            "total_sleeping_time": 1254.51402759552,
            "finished_reconf": true
        },
        "dep5": {
            "total_uptime_duration": 361.592426776886,
            "total_loading_state_duration": 0.12908244132995605,
            "total_deploy_duration": 331.3730320930481,
            "total_update_duration": 29.994670391082764,
            "total_saving_state_duration": 0.06262469291687012,
            "total_sleeping_time": 1230.90398478508,
            "finished_reconf": true
        }
    }
}