{
    "parameters": {
        "version_concerto_name": "concerto-decentralized-synchrone",
        "transitions_times_file_name": "/home/anomond/parameters/transitions_times/transitions_times-1-30-deps12-1.json",
        "uptimes_file_name": "/home/anomond/parameters/uptimes/uptimes-60-30-12-0_2-0_3.json",
        "expe_num": 1,
        "cluster": "uvb"
    },
    "global_results": {
        "finished_reconf": false,
        "max_deploy_time": 1536.96,
        "max_update_time": 541.05,
        "max_reconf_time": 2078.01,
        "max_sleeping_time": 5862.72,
        "max_execution_time": 7667.69
    },
    "results": {
        "dep2": {
            "total_uptime_duration": 1805.2585859298706,
            "total_loading_state_duration": 0.6015563011169434,
            "total_deploy_duration": 1274.8171377182007,
            "total_update_duration": 528.4484775066376,
            "total_saving_state_duration": 0.3290681838989258,
            "total_sleeping_time": 5845.818557024002
        },
        "dep8": {
            "total_uptime_duration": 1804.925163269043,
            "total_loading_state_duration": 0.5913071632385254,
            "total_deploy_duration": 1262.2069206237793,
            "total_update_duration": 540.7578315734863,
            "total_saving_state_duration": 0.3230445384979248,
            "total_sleeping_time": 5789.563604354858
        },
        "dep1": {
            "total_uptime_duration": 1804.9767081737518,
            "total_loading_state_duration": 0.6013808250427246,
            "total_deploy_duration": 1292.186038017273,
            "total_update_duration": 510.79442858695984,
            "total_saving_state_duration": 0.34082579612731934,
            "total_sleeping_time": 5862.716122627258
        },
        "dep5": {
            "total_uptime_duration": 1805.3270907402039,
            "total_loading_state_duration": 0.5686423778533936,
            "total_deploy_duration": 1262.3303260803223,
            "total_update_duration": 541.046088218689,
            "total_saving_state_duration": 0.34137845039367676,
            "total_sleeping_time": 5854.513909101486
        },
        "dep9": {
            "total_uptime_duration": 1812.14617228508,
            "total_loading_state_duration": 0.5774638652801514,
            "total_deploy_duration": 1299.335952281952,
            "total_update_duration": 510.872882604599,
            "total_saving_state_duration": 0.32095861434936523,
            "total_sleeping_time": 5820.178120136261
        },
        "dep4": {
            "total_uptime_duration": 1804.856455564499,
            "total_loading_state_duration": 0.5918142795562744,
            "total_deploy_duration": 1352.1073417663574,
            "total_update_duration": 450.7813229560852,
            "total_saving_state_duration": 0.3261077404022217,
            "total_sleeping_time": 5861.176561594009
        },
        "dep0": {
            "total_uptime_duration": 1805.2952415943146,
            "total_loading_state_duration": 0.5923538208007812,
            "total_deploy_duration": 1322.1253464221954,
            "total_update_duration": 481.20632791519165,
            "total_saving_state_duration": 0.3287348747253418,
            "total_sleeping_time": 5790.962688446045
        },
        "dep7": {
            "total_uptime_duration": 1805.1134729385376,
            "total_loading_state_duration": 0.6116313934326172,
            "total_deploy_duration": 1312.0700995922089,
            "total_update_duration": 491.0475380420685,
            "total_saving_state_duration": 0.33455967903137207,
            "total_sleeping_time": 5849.73272895813
        },
        "dep10": {
            "total_uptime_duration": 1805.443695783615,
            "total_loading_state_duration": 0.6099023818969727,
            "total_deploy_duration": 1262.6638519763947,
            "total_update_duration": 540.8156158924103,
            "total_saving_state_duration": 0.31413745880126953,
            "total_sleeping_time": 5859.716039896011
        },
        "server": {
            "total_uptime_duration": 1824.2799665927887,
            "total_loading_state_duration": 0.6507139205932617,
            "total_deploy_duration": 1536.9607608318329,
            "total_update_duration": 284.80820631980896,
            "total_saving_state_duration": 0.828094482421875,
            "total_sleeping_time": 5817.260229110718
        },
        "dep6": {
            "total_uptime_duration": 1804.954211473465,
            "total_loading_state_duration": 0.5707886219024658,
            "total_deploy_duration": 1315.8815217018127,
            "total_update_duration": 487.1418631076813,
            "total_saving_state_duration": 0.33778858184814453,
            "total_sleeping_time": 5820.725497484207
        },
        "dep11": {
            "total_uptime_duration": 1805.0997302532196,
            "total_loading_state_duration": 0.599463939666748,
            "total_deploy_duration": 1270.9230074882507,
            "total_update_duration": 532.1982409954071,
            "total_saving_state_duration": 0.35332608222961426,
            "total_sleeping_time": 5788.736961603165
        },
        "dep3": {
            "total_uptime_duration": 1809.2935764789581,
            "total_loading_state_duration": 0.6058218479156494,
            "total_deploy_duration": 1298.1526138782501,
            "total_update_duration": 509.147696018219,
            "total_saving_state_duration": 0.32970213890075684,
            "total_sleeping_time": 5856.239293575287
        }
    }
}